"TIME","GEO","UNIT","ICHA11_HP","Value"
"2003","Belgium","Euro per inhabitant","General hospitals","666.22"
"2004","Belgium","Euro per inhabitant","General hospitals","730.79"
"2005","Belgium","Euro per inhabitant","General hospitals","747.35"
"2006","Belgium","Euro per inhabitant","General hospitals","796.53"
"2007","Belgium","Euro per inhabitant","General hospitals","843.40"
"2008","Belgium","Euro per inhabitant","General hospitals","903.81"
"2009","Belgium","Euro per inhabitant","General hospitals","943.43"
"2010","Belgium","Euro per inhabitant","General hospitals","972.87"
"2011","Belgium","Euro per inhabitant","General hospitals","1,028.94"
"2012","Belgium","Euro per inhabitant","General hospitals","1,068.09"
"2013","Belgium","Euro per inhabitant","General hospitals","1,090.39"
"2014","Belgium","Euro per inhabitant","General hospitals","1,099.42"
"2015","Belgium","Euro per inhabitant","General hospitals","1,167.48"
"2016","Belgium","Euro per inhabitant","General hospitals","1,179.59"
"2017","Belgium","Euro per inhabitant","General hospitals","1,209.78"
"2018","Belgium","Euro per inhabitant","General hospitals","1,224.87"
"2003","Bulgaria","Euro per inhabitant","General hospitals",":"
"2004","Bulgaria","Euro per inhabitant","General hospitals",":"
"2005","Bulgaria","Euro per inhabitant","General hospitals",":"
"2006","Bulgaria","Euro per inhabitant","General hospitals",":"
"2007","Bulgaria","Euro per inhabitant","General hospitals",":"
"2008","Bulgaria","Euro per inhabitant","General hospitals",":"
"2009","Bulgaria","Euro per inhabitant","General hospitals",":"
"2010","Bulgaria","Euro per inhabitant","General hospitals",":"
"2011","Bulgaria","Euro per inhabitant","General hospitals",":"
"2012","Bulgaria","Euro per inhabitant","General hospitals","116.49"
"2013","Bulgaria","Euro per inhabitant","General hospitals","122.10"
"2014","Bulgaria","Euro per inhabitant","General hospitals","135.02"
"2015","Bulgaria","Euro per inhabitant","General hospitals","134.60"
"2016","Bulgaria","Euro per inhabitant","General hospitals","145.39"
"2017","Bulgaria","Euro per inhabitant","General hospitals","153.08"
"2018","Bulgaria","Euro per inhabitant","General hospitals","176.23"
"2003","Czechia","Euro per inhabitant","General hospitals",":"
"2004","Czechia","Euro per inhabitant","General hospitals",":"
"2005","Czechia","Euro per inhabitant","General hospitals",":"
"2006","Czechia","Euro per inhabitant","General hospitals",":"
"2007","Czechia","Euro per inhabitant","General hospitals",":"
"2008","Czechia","Euro per inhabitant","General hospitals",":"
"2009","Czechia","Euro per inhabitant","General hospitals",":"
"2010","Czechia","Euro per inhabitant","General hospitals",":"
"2011","Czechia","Euro per inhabitant","General hospitals",":"
"2012","Czechia","Euro per inhabitant","General hospitals",":"
"2013","Czechia","Euro per inhabitant","General hospitals","428.40"
"2014","Czechia","Euro per inhabitant","General hospitals","424.17"
"2015","Czechia","Euro per inhabitant","General hospitals","424.49"
"2016","Czechia","Euro per inhabitant","General hospitals","429.20"
"2017","Czechia","Euro per inhabitant","General hospitals","475.13"
"2018","Czechia","Euro per inhabitant","General hospitals",":"
"2003","Denmark","Euro per inhabitant","General hospitals",":"
"2004","Denmark","Euro per inhabitant","General hospitals",":"
"2005","Denmark","Euro per inhabitant","General hospitals",":"
"2006","Denmark","Euro per inhabitant","General hospitals",":"
"2007","Denmark","Euro per inhabitant","General hospitals",":"
"2008","Denmark","Euro per inhabitant","General hospitals",":"
"2009","Denmark","Euro per inhabitant","General hospitals",":"
"2010","Denmark","Euro per inhabitant","General hospitals","1,822.32"
"2011","Denmark","Euro per inhabitant","General hospitals","1,815.06"
"2012","Denmark","Euro per inhabitant","General hospitals","1,868.56"
"2013","Denmark","Euro per inhabitant","General hospitals","1,898.91"
"2014","Denmark","Euro per inhabitant","General hospitals","1,933.89"
"2015","Denmark","Euro per inhabitant","General hospitals","1,977.13"
"2016","Denmark","Euro per inhabitant","General hospitals","2,013.61"
"2017","Denmark","Euro per inhabitant","General hospitals","2,070.76"
"2018","Denmark","Euro per inhabitant","General hospitals","2,102.17"
"2003","Germany (until 1990 former territory of the FRG)","Euro per inhabitant","General hospitals","715.09"
"2004","Germany (until 1990 former territory of the FRG)","Euro per inhabitant","General hospitals","733.93"
"2005","Germany (until 1990 former territory of the FRG)","Euro per inhabitant","General hospitals","752.46"
"2006","Germany (until 1990 former territory of the FRG)","Euro per inhabitant","General hospitals","775.21"
"2007","Germany (until 1990 former territory of the FRG)","Euro per inhabitant","General hospitals","785.81"
"2008","Germany (until 1990 former territory of the FRG)","Euro per inhabitant","General hospitals","815.04"
"2009","Germany (until 1990 former territory of the FRG)","Euro per inhabitant","General hospitals","869.45"
"2010","Germany (until 1990 former territory of the FRG)","Euro per inhabitant","General hospitals","911.69"
"2011","Germany (until 1990 former territory of the FRG)","Euro per inhabitant","General hospitals","959.20"
"2012","Germany (until 1990 former territory of the FRG)","Euro per inhabitant","General hospitals","981.28"
"2013","Germany (until 1990 former territory of the FRG)","Euro per inhabitant","General hospitals","1,021.46"
"2014","Germany (until 1990 former territory of the FRG)","Euro per inhabitant","General hospitals","1,059.82"
"2015","Germany (until 1990 former territory of the FRG)","Euro per inhabitant","General hospitals","1,090.36"
"2016","Germany (until 1990 former territory of the FRG)","Euro per inhabitant","General hospitals","1,122.74"
"2017","Germany (until 1990 former territory of the FRG)","Euro per inhabitant","General hospitals","1,146.07"
"2018","Germany (until 1990 former territory of the FRG)","Euro per inhabitant","General hospitals",":"
"2003","Estonia","Euro per inhabitant","General hospitals","116.51"
"2004","Estonia","Euro per inhabitant","General hospitals","155.23"
"2005","Estonia","Euro per inhabitant","General hospitals","183.45"
"2006","Estonia","Euro per inhabitant","General hospitals","206.36"
"2007","Estonia","Euro per inhabitant","General hospitals","261.84"
"2008","Estonia","Euro per inhabitant","General hospitals","322.89"
"2009","Estonia","Euro per inhabitant","General hospitals","314.74"
"2010","Estonia","Euro per inhabitant","General hospitals","314.44"
"2011","Estonia","Euro per inhabitant","General hospitals","326.39"
"2012","Estonia","Euro per inhabitant","General hospitals","348.90"
"2013","Estonia","Euro per inhabitant","General hospitals","386.42"
"2014","Estonia","Euro per inhabitant","General hospitals","423.23"
"2015","Estonia","Euro per inhabitant","General hospitals","450.22"
"2016","Estonia","Euro per inhabitant","General hospitals","474.60"
"2017","Estonia","Euro per inhabitant","General hospitals","515.74"
"2018","Estonia","Euro per inhabitant","General hospitals",":"
"2003","Ireland","Euro per inhabitant","General hospitals",":"
"2004","Ireland","Euro per inhabitant","General hospitals",":"
"2005","Ireland","Euro per inhabitant","General hospitals",":"
"2006","Ireland","Euro per inhabitant","General hospitals",":"
"2007","Ireland","Euro per inhabitant","General hospitals",":"
"2008","Ireland","Euro per inhabitant","General hospitals",":"
"2009","Ireland","Euro per inhabitant","General hospitals",":"
"2010","Ireland","Euro per inhabitant","General hospitals",":"
"2011","Ireland","Euro per inhabitant","General hospitals","1,211.46"
"2012","Ireland","Euro per inhabitant","General hospitals","1,209.80"
"2013","Ireland","Euro per inhabitant","General hospitals","1,203.25"
"2014","Ireland","Euro per inhabitant","General hospitals","1,215.14"
"2015","Ireland","Euro per inhabitant","General hospitals","1,259.22"
"2016","Ireland","Euro per inhabitant","General hospitals","1,330.12"
"2017","Ireland","Euro per inhabitant","General hospitals","1,387.74"
"2018","Ireland","Euro per inhabitant","General hospitals","1,445.95"
"2003","Greece","Euro per inhabitant","General hospitals",":"
"2004","Greece","Euro per inhabitant","General hospitals",":"
"2005","Greece","Euro per inhabitant","General hospitals",":"
"2006","Greece","Euro per inhabitant","General hospitals",":"
"2007","Greece","Euro per inhabitant","General hospitals",":"
"2008","Greece","Euro per inhabitant","General hospitals",":"
"2009","Greece","Euro per inhabitant","General hospitals","739.99"
"2010","Greece","Euro per inhabitant","General hospitals","724.62"
"2011","Greece","Euro per inhabitant","General hospitals","560.52"
"2012","Greece","Euro per inhabitant","General hospitals","594.81"
"2013","Greece","Euro per inhabitant","General hospitals","534.22"
"2014","Greece","Euro per inhabitant","General hospitals","493.04"
"2015","Greece","Euro per inhabitant","General hospitals","499.34"
"2016","Greece","Euro per inhabitant","General hospitals","524.29"
"2017","Greece","Euro per inhabitant","General hospitals","499.58"
"2018","Greece","Euro per inhabitant","General hospitals","508.71"
"2003","Spain","Euro per inhabitant","General hospitals","498.15"
"2004","Spain","Euro per inhabitant","General hospitals","533.02"
"2005","Spain","Euro per inhabitant","General hospitals","576.79"
"2006","Spain","Euro per inhabitant","General hospitals","633.47"
"2007","Spain","Euro per inhabitant","General hospitals","676.07"
"2008","Spain","Euro per inhabitant","General hospitals","753.70"
"2009","Spain","Euro per inhabitant","General hospitals","790.77"
"2010","Spain","Euro per inhabitant","General hospitals","783.05"
"2011","Spain","Euro per inhabitant","General hospitals","802.49"
"2012","Spain","Euro per inhabitant","General hospitals","776.21"
"2013","Spain","Euro per inhabitant","General hospitals","750.46"
"2014","Spain","Euro per inhabitant","General hospitals","774.58"
"2015","Spain","Euro per inhabitant","General hospitals","832.38"
"2016","Spain","Euro per inhabitant","General hospitals","842.45"
"2017","Spain","Euro per inhabitant","General hospitals","877.57"
"2018","Spain","Euro per inhabitant","General hospitals",":"
"2003","France","Euro per inhabitant","General hospitals",":"
"2004","France","Euro per inhabitant","General hospitals",":"
"2005","France","Euro per inhabitant","General hospitals",":"
"2006","France","Euro per inhabitant","General hospitals","959.72"
"2007","France","Euro per inhabitant","General hospitals","990.37"
"2008","France","Euro per inhabitant","General hospitals","1,041.35"
"2009","France","Euro per inhabitant","General hospitals","1,078.71"
"2010","France","Euro per inhabitant","General hospitals","1,101.37"
"2011","France","Euro per inhabitant","General hospitals","1,131.09"
"2012","France","Euro per inhabitant","General hospitals","1,158.94"
"2013","France","Euro per inhabitant","General hospitals","1,184.75"
"2014","France","Euro per inhabitant","General hospitals","1,227.87"
"2015","France","Euro per inhabitant","General hospitals","1,243.62"
"2016","France","Euro per inhabitant","General hospitals","1,267.12"
"2017","France","Euro per inhabitant","General hospitals","1,289.11"
"2018","France","Euro per inhabitant","General hospitals","1,289.61"
"2003","Croatia","Euro per inhabitant","General hospitals",":"
"2004","Croatia","Euro per inhabitant","General hospitals",":"
"2005","Croatia","Euro per inhabitant","General hospitals",":"
"2006","Croatia","Euro per inhabitant","General hospitals",":"
"2007","Croatia","Euro per inhabitant","General hospitals",":"
"2008","Croatia","Euro per inhabitant","General hospitals",":"
"2009","Croatia","Euro per inhabitant","General hospitals",":"
"2010","Croatia","Euro per inhabitant","General hospitals",":"
"2011","Croatia","Euro per inhabitant","General hospitals",":"
"2012","Croatia","Euro per inhabitant","General hospitals",":"
"2013","Croatia","Euro per inhabitant","General hospitals","256.32"
"2014","Croatia","Euro per inhabitant","General hospitals","274.56"
"2015","Croatia","Euro per inhabitant","General hospitals","290.60"
"2016","Croatia","Euro per inhabitant","General hospitals","305.87"
"2017","Croatia","Euro per inhabitant","General hospitals","331.98"
"2018","Croatia","Euro per inhabitant","General hospitals","366.95"
"2003","Italy","Euro per inhabitant","General hospitals",":"
"2004","Italy","Euro per inhabitant","General hospitals",":"
"2005","Italy","Euro per inhabitant","General hospitals",":"
"2006","Italy","Euro per inhabitant","General hospitals",":"
"2007","Italy","Euro per inhabitant","General hospitals",":"
"2008","Italy","Euro per inhabitant","General hospitals",":"
"2009","Italy","Euro per inhabitant","General hospitals",":"
"2010","Italy","Euro per inhabitant","General hospitals",":"
"2011","Italy","Euro per inhabitant","General hospitals",":"
"2012","Italy","Euro per inhabitant","General hospitals",":"
"2013","Italy","Euro per inhabitant","General hospitals",":"
"2014","Italy","Euro per inhabitant","General hospitals",":"
"2015","Italy","Euro per inhabitant","General hospitals",":"
"2016","Italy","Euro per inhabitant","General hospitals",":"
"2017","Italy","Euro per inhabitant","General hospitals",":"
"2018","Italy","Euro per inhabitant","General hospitals",":"
"2003","Cyprus","Euro per inhabitant","General hospitals",":"
"2004","Cyprus","Euro per inhabitant","General hospitals",":"
"2005","Cyprus","Euro per inhabitant","General hospitals",":"
"2006","Cyprus","Euro per inhabitant","General hospitals",":"
"2007","Cyprus","Euro per inhabitant","General hospitals",":"
"2008","Cyprus","Euro per inhabitant","General hospitals",":"
"2009","Cyprus","Euro per inhabitant","General hospitals",":"
"2010","Cyprus","Euro per inhabitant","General hospitals","554.48"
"2011","Cyprus","Euro per inhabitant","General hospitals","566.28"
"2012","Cyprus","Euro per inhabitant","General hospitals","552.26"
"2013","Cyprus","Euro per inhabitant","General hospitals","546.45"
"2014","Cyprus","Euro per inhabitant","General hospitals","517.26"
"2015","Cyprus","Euro per inhabitant","General hospitals","586.50"
"2016","Cyprus","Euro per inhabitant","General hospitals","601.99"
"2017","Cyprus","Euro per inhabitant","General hospitals","625.23"
"2018","Cyprus","Euro per inhabitant","General hospitals","663.25"
"2003","Latvia","Euro per inhabitant","General hospitals",":"
"2004","Latvia","Euro per inhabitant","General hospitals",":"
"2005","Latvia","Euro per inhabitant","General hospitals",":"
"2006","Latvia","Euro per inhabitant","General hospitals",":"
"2007","Latvia","Euro per inhabitant","General hospitals",":"
"2008","Latvia","Euro per inhabitant","General hospitals",":"
"2009","Latvia","Euro per inhabitant","General hospitals",":"
"2010","Latvia","Euro per inhabitant","General hospitals",":"
"2011","Latvia","Euro per inhabitant","General hospitals",":"
"2012","Latvia","Euro per inhabitant","General hospitals",":"
"2013","Latvia","Euro per inhabitant","General hospitals","168.67"
"2014","Latvia","Euro per inhabitant","General hospitals","172.92"
"2015","Latvia","Euro per inhabitant","General hospitals","177.00"
"2016","Latvia","Euro per inhabitant","General hospitals","193.17"
"2017","Latvia","Euro per inhabitant","General hospitals","204.36"
"2018","Latvia","Euro per inhabitant","General hospitals",":"
"2003","Lithuania","Euro per inhabitant","General hospitals",":"
"2004","Lithuania","Euro per inhabitant","General hospitals",":"
"2005","Lithuania","Euro per inhabitant","General hospitals",":"
"2006","Lithuania","Euro per inhabitant","General hospitals","128.89"
"2007","Lithuania","Euro per inhabitant","General hospitals","155.96"
"2008","Lithuania","Euro per inhabitant","General hospitals","190.94"
"2009","Lithuania","Euro per inhabitant","General hospitals","189.08"
"2010","Lithuania","Euro per inhabitant","General hospitals","191.50"
"2011","Lithuania","Euro per inhabitant","General hospitals","211.99"
"2012","Lithuania","Euro per inhabitant","General hospitals","212.97"
"2013","Lithuania","Euro per inhabitant","General hospitals","208.86"
"2014","Lithuania","Euro per inhabitant","General hospitals","217.83"
"2015","Lithuania","Euro per inhabitant","General hospitals","242.35"
"2016","Lithuania","Euro per inhabitant","General hospitals","283.74"
"2017","Lithuania","Euro per inhabitant","General hospitals","286.38"
"2018","Lithuania","Euro per inhabitant","General hospitals","311.94"
"2003","Luxembourg","Euro per inhabitant","General hospitals",":"
"2004","Luxembourg","Euro per inhabitant","General hospitals",":"
"2005","Luxembourg","Euro per inhabitant","General hospitals",":"
"2006","Luxembourg","Euro per inhabitant","General hospitals",":"
"2007","Luxembourg","Euro per inhabitant","General hospitals",":"
"2008","Luxembourg","Euro per inhabitant","General hospitals",":"
"2009","Luxembourg","Euro per inhabitant","General hospitals",":"
"2010","Luxembourg","Euro per inhabitant","General hospitals",":"
"2011","Luxembourg","Euro per inhabitant","General hospitals","1,429.88"
"2012","Luxembourg","Euro per inhabitant","General hospitals","1,259.78"
"2013","Luxembourg","Euro per inhabitant","General hospitals","1,275.18"
"2014","Luxembourg","Euro per inhabitant","General hospitals","1,329.12"
"2015","Luxembourg","Euro per inhabitant","General hospitals","1,329.53"
"2016","Luxembourg","Euro per inhabitant","General hospitals","1,354.24"
"2017","Luxembourg","Euro per inhabitant","General hospitals","1,383.13"
"2018","Luxembourg","Euro per inhabitant","General hospitals","1,516.82"
"2003","Hungary","Euro per inhabitant","General hospitals",":"
"2004","Hungary","Euro per inhabitant","General hospitals",":"
"2005","Hungary","Euro per inhabitant","General hospitals",":"
"2006","Hungary","Euro per inhabitant","General hospitals","210.81"
"2007","Hungary","Euro per inhabitant","General hospitals","206.61"
"2008","Hungary","Euro per inhabitant","General hospitals","228.71"
"2009","Hungary","Euro per inhabitant","General hospitals","198.32"
"2010","Hungary","Euro per inhabitant","General hospitals","206.26"
"2011","Hungary","Euro per inhabitant","General hospitals","209.69"
"2012","Hungary","Euro per inhabitant","General hospitals","231.26"
"2013","Hungary","Euro per inhabitant","General hospitals","251.27"
"2014","Hungary","Euro per inhabitant","General hospitals","253.52"
"2015","Hungary","Euro per inhabitant","General hospitals","267.41"
"2016","Hungary","Euro per inhabitant","General hospitals","283.52"
"2017","Hungary","Euro per inhabitant","General hospitals","305.94"
"2018","Hungary","Euro per inhabitant","General hospitals","326.72"
"2003","Malta","Euro per inhabitant","General hospitals",":"
"2004","Malta","Euro per inhabitant","General hospitals",":"
"2005","Malta","Euro per inhabitant","General hospitals",":"
"2006","Malta","Euro per inhabitant","General hospitals",":"
"2007","Malta","Euro per inhabitant","General hospitals",":"
"2008","Malta","Euro per inhabitant","General hospitals",":"
"2009","Malta","Euro per inhabitant","General hospitals",":"
"2010","Malta","Euro per inhabitant","General hospitals",":"
"2011","Malta","Euro per inhabitant","General hospitals",":"
"2012","Malta","Euro per inhabitant","General hospitals",":"
"2013","Malta","Euro per inhabitant","General hospitals",":"
"2014","Malta","Euro per inhabitant","General hospitals","673.62"
"2015","Malta","Euro per inhabitant","General hospitals","748.25"
"2016","Malta","Euro per inhabitant","General hospitals","755.56"
"2017","Malta","Euro per inhabitant","General hospitals","822.45"
"2018","Malta","Euro per inhabitant","General hospitals",":"
"2003","Netherlands","Euro per inhabitant","General hospitals","670.28"
"2004","Netherlands","Euro per inhabitant","General hospitals","704.77"
"2005","Netherlands","Euro per inhabitant","General hospitals","729.12"
"2006","Netherlands","Euro per inhabitant","General hospitals","769.03"
"2007","Netherlands","Euro per inhabitant","General hospitals","808.70"
"2008","Netherlands","Euro per inhabitant","General hospitals","859.19"
"2009","Netherlands","Euro per inhabitant","General hospitals","919.56"
"2010","Netherlands","Euro per inhabitant","General hospitals","998.77"
"2011","Netherlands","Euro per inhabitant","General hospitals","970.35"
"2012","Netherlands","Euro per inhabitant","General hospitals","1,005.71"
"2013","Netherlands","Euro per inhabitant","General hospitals","1,055.24"
"2014","Netherlands","Euro per inhabitant","General hospitals","1,063.33"
"2015","Netherlands","Euro per inhabitant","General hospitals","1,146.16"
"2016","Netherlands","Euro per inhabitant","General hospitals","1,166.45"
"2017","Netherlands","Euro per inhabitant","General hospitals","1,178.43"
"2018","Netherlands","Euro per inhabitant","General hospitals","1,216.66"
"2003","Austria","Euro per inhabitant","General hospitals",":"
"2004","Austria","Euro per inhabitant","General hospitals","973.21"
"2005","Austria","Euro per inhabitant","General hospitals","1,030.00"
"2006","Austria","Euro per inhabitant","General hospitals","1,071.36"
"2007","Austria","Euro per inhabitant","General hospitals","1,121.22"
"2008","Austria","Euro per inhabitant","General hospitals","1,191.70"
"2009","Austria","Euro per inhabitant","General hospitals","1,226.78"
"2010","Austria","Euro per inhabitant","General hospitals","1,253.99"
"2011","Austria","Euro per inhabitant","General hospitals","1,279.65"
"2012","Austria","Euro per inhabitant","General hospitals","1,344.86"
"2013","Austria","Euro per inhabitant","General hospitals","1,336.07"
"2014","Austria","Euro per inhabitant","General hospitals","1,365.91"
"2015","Austria","Euro per inhabitant","General hospitals","1,388.28"
"2016","Austria","Euro per inhabitant","General hospitals","1,430.91"
"2017","Austria","Euro per inhabitant","General hospitals","1,483.05"
"2018","Austria","Euro per inhabitant","General hospitals","1,531.34"
"2003","Poland","Euro per inhabitant","General hospitals",":"
"2004","Poland","Euro per inhabitant","General hospitals",":"
"2005","Poland","Euro per inhabitant","General hospitals",":"
"2006","Poland","Euro per inhabitant","General hospitals",":"
"2007","Poland","Euro per inhabitant","General hospitals",":"
"2008","Poland","Euro per inhabitant","General hospitals",":"
"2009","Poland","Euro per inhabitant","General hospitals",":"
"2010","Poland","Euro per inhabitant","General hospitals",":"
"2011","Poland","Euro per inhabitant","General hospitals",":"
"2012","Poland","Euro per inhabitant","General hospitals",":"
"2013","Poland","Euro per inhabitant","General hospitals","210.29"
"2014","Poland","Euro per inhabitant","General hospitals","216.06"
"2015","Poland","Euro per inhabitant","General hospitals","230.92"
"2016","Poland","Euro per inhabitant","General hospitals","230.88"
"2017","Poland","Euro per inhabitant","General hospitals",":"
"2018","Poland","Euro per inhabitant","General hospitals",":"
"2003","Portugal","Euro per inhabitant","General hospitals","459.69"
"2004","Portugal","Euro per inhabitant","General hospitals","494.92"
"2005","Portugal","Euro per inhabitant","General hospitals","537.40"
"2006","Portugal","Euro per inhabitant","General hospitals","531.50"
"2007","Portugal","Euro per inhabitant","General hospitals","558.76"
"2008","Portugal","Euro per inhabitant","General hospitals","592.26"
"2009","Portugal","Euro per inhabitant","General hospitals","628.17"
"2010","Portugal","Euro per inhabitant","General hospitals","641.35"
"2011","Portugal","Euro per inhabitant","General hospitals","615.09"
"2012","Portugal","Euro per inhabitant","General hospitals","605.24"
"2013","Portugal","Euro per inhabitant","General hospitals","611.89"
"2014","Portugal","Euro per inhabitant","General hospitals","616.84"
"2015","Portugal","Euro per inhabitant","General hospitals","642.03"
"2016","Portugal","Euro per inhabitant","General hospitals","676.70"
"2017","Portugal","Euro per inhabitant","General hospitals","709.10"
"2018","Portugal","Euro per inhabitant","General hospitals",":"
"2003","Romania","Euro per inhabitant","General hospitals",":"
"2004","Romania","Euro per inhabitant","General hospitals",":"
"2005","Romania","Euro per inhabitant","General hospitals",":"
"2006","Romania","Euro per inhabitant","General hospitals",":"
"2007","Romania","Euro per inhabitant","General hospitals",":"
"2008","Romania","Euro per inhabitant","General hospitals",":"
"2009","Romania","Euro per inhabitant","General hospitals",":"
"2010","Romania","Euro per inhabitant","General hospitals",":"
"2011","Romania","Euro per inhabitant","General hospitals","91.39"
"2012","Romania","Euro per inhabitant","General hospitals","99.73"
"2013","Romania","Euro per inhabitant","General hospitals","111.21"
"2014","Romania","Euro per inhabitant","General hospitals","114.30"
"2015","Romania","Euro per inhabitant","General hospitals","124.19"
"2016","Romania","Euro per inhabitant","General hospitals","141.77"
"2017","Romania","Euro per inhabitant","General hospitals","161.05"
"2018","Romania","Euro per inhabitant","General hospitals","202.89"
"2003","Slovenia","Euro per inhabitant","General hospitals",":"
"2004","Slovenia","Euro per inhabitant","General hospitals",":"
"2005","Slovenia","Euro per inhabitant","General hospitals",":"
"2006","Slovenia","Euro per inhabitant","General hospitals",":"
"2007","Slovenia","Euro per inhabitant","General hospitals",":"
"2008","Slovenia","Euro per inhabitant","General hospitals",":"
"2009","Slovenia","Euro per inhabitant","General hospitals",":"
"2010","Slovenia","Euro per inhabitant","General hospitals",":"
"2011","Slovenia","Euro per inhabitant","General hospitals",":"
"2012","Slovenia","Euro per inhabitant","General hospitals",":"
"2013","Slovenia","Euro per inhabitant","General hospitals",":"
"2014","Slovenia","Euro per inhabitant","General hospitals","495.60"
"2015","Slovenia","Euro per inhabitant","General hospitals","515.76"
"2016","Slovenia","Euro per inhabitant","General hospitals","547.60"
"2017","Slovenia","Euro per inhabitant","General hospitals","545.06"
"2018","Slovenia","Euro per inhabitant","General hospitals",":"
"2003","Slovakia","Euro per inhabitant","General hospitals",":"
"2004","Slovakia","Euro per inhabitant","General hospitals",":"
"2005","Slovakia","Euro per inhabitant","General hospitals",":"
"2006","Slovakia","Euro per inhabitant","General hospitals",":"
"2007","Slovakia","Euro per inhabitant","General hospitals",":"
"2008","Slovakia","Euro per inhabitant","General hospitals",":"
"2009","Slovakia","Euro per inhabitant","General hospitals",":"
"2010","Slovakia","Euro per inhabitant","General hospitals",":"
"2011","Slovakia","Euro per inhabitant","General hospitals",":"
"2012","Slovakia","Euro per inhabitant","General hospitals","264.61"
"2013","Slovakia","Euro per inhabitant","General hospitals","276.76"
"2014","Slovakia","Euro per inhabitant","General hospitals","306.59"
"2015","Slovakia","Euro per inhabitant","General hospitals","328.13"
"2016","Slovakia","Euro per inhabitant","General hospitals","325.32"
"2017","Slovakia","Euro per inhabitant","General hospitals","336.42"
"2018","Slovakia","Euro per inhabitant","General hospitals",":"
"2003","Finland","Euro per inhabitant","General hospitals","792.24"
"2004","Finland","Euro per inhabitant","General hospitals","828.35"
"2005","Finland","Euro per inhabitant","General hospitals","869.17"
"2006","Finland","Euro per inhabitant","General hospitals","912.48"
"2007","Finland","Euro per inhabitant","General hospitals","942.96"
"2008","Finland","Euro per inhabitant","General hospitals","1,002.79"
"2009","Finland","Euro per inhabitant","General hospitals","1,017.03"
"2010","Finland","Euro per inhabitant","General hospitals","1,046.84"
"2011","Finland","Euro per inhabitant","General hospitals","1,160.58"
"2012","Finland","Euro per inhabitant","General hospitals","1,207.09"
"2013","Finland","Euro per inhabitant","General hospitals","1,254.88"
"2014","Finland","Euro per inhabitant","General hospitals","1,242.64"
"2015","Finland","Euro per inhabitant","General hospitals","1,303.01"
"2016","Finland","Euro per inhabitant","General hospitals","1,305.63"
"2017","Finland","Euro per inhabitant","General hospitals","1,378.95"
"2018","Finland","Euro per inhabitant","General hospitals",":"
"2003","Sweden","Euro per inhabitant","General hospitals",":"
"2004","Sweden","Euro per inhabitant","General hospitals",":"
"2005","Sweden","Euro per inhabitant","General hospitals",":"
"2006","Sweden","Euro per inhabitant","General hospitals",":"
"2007","Sweden","Euro per inhabitant","General hospitals",":"
"2008","Sweden","Euro per inhabitant","General hospitals",":"
"2009","Sweden","Euro per inhabitant","General hospitals",":"
"2010","Sweden","Euro per inhabitant","General hospitals",":"
"2011","Sweden","Euro per inhabitant","General hospitals","1,752.85"
"2012","Sweden","Euro per inhabitant","General hospitals","1,857.22"
"2013","Sweden","Euro per inhabitant","General hospitals","1,931.31"
"2014","Sweden","Euro per inhabitant","General hospitals","1,917.38"
"2015","Sweden","Euro per inhabitant","General hospitals","1,932.99"
"2016","Sweden","Euro per inhabitant","General hospitals","1,961.95"
"2017","Sweden","Euro per inhabitant","General hospitals","1,980.95"
"2018","Sweden","Euro per inhabitant","General hospitals","1,951.40"
"2003","United Kingdom","Euro per inhabitant","General hospitals",":"
"2004","United Kingdom","Euro per inhabitant","General hospitals",":"
"2005","United Kingdom","Euro per inhabitant","General hospitals",":"
"2006","United Kingdom","Euro per inhabitant","General hospitals",":"
"2007","United Kingdom","Euro per inhabitant","General hospitals",":"
"2008","United Kingdom","Euro per inhabitant","General hospitals",":"
"2009","United Kingdom","Euro per inhabitant","General hospitals",":"
"2010","United Kingdom","Euro per inhabitant","General hospitals",":"
"2011","United Kingdom","Euro per inhabitant","General hospitals",":"
"2012","United Kingdom","Euro per inhabitant","General hospitals",":"
"2013","United Kingdom","Euro per inhabitant","General hospitals",":"
"2014","United Kingdom","Euro per inhabitant","General hospitals",":"
"2015","United Kingdom","Euro per inhabitant","General hospitals",":"
"2016","United Kingdom","Euro per inhabitant","General hospitals",":"
"2017","United Kingdom","Euro per inhabitant","General hospitals",":"
"2018","United Kingdom","Euro per inhabitant","General hospitals",":"
"2003","Iceland","Euro per inhabitant","General hospitals",":"
"2004","Iceland","Euro per inhabitant","General hospitals",":"
"2005","Iceland","Euro per inhabitant","General hospitals",":"
"2006","Iceland","Euro per inhabitant","General hospitals",":"
"2007","Iceland","Euro per inhabitant","General hospitals",":"
"2008","Iceland","Euro per inhabitant","General hospitals",":"
"2009","Iceland","Euro per inhabitant","General hospitals",":"
"2010","Iceland","Euro per inhabitant","General hospitals",":"
"2011","Iceland","Euro per inhabitant","General hospitals","1,040.80"
"2012","Iceland","Euro per inhabitant","General hospitals","1,096.69"
"2013","Iceland","Euro per inhabitant","General hospitals","1,162.86"
"2014","Iceland","Euro per inhabitant","General hospitals","1,292.08"
"2015","Iceland","Euro per inhabitant","General hospitals","1,478.50"
"2016","Iceland","Euro per inhabitant","General hospitals","1,751.05"
"2017","Iceland","Euro per inhabitant","General hospitals","2,063.05"
"2018","Iceland","Euro per inhabitant","General hospitals","2,091.33"
"2003","Liechtenstein","Euro per inhabitant","General hospitals",":"
"2004","Liechtenstein","Euro per inhabitant","General hospitals",":"
"2005","Liechtenstein","Euro per inhabitant","General hospitals",":"
"2006","Liechtenstein","Euro per inhabitant","General hospitals",":"
"2007","Liechtenstein","Euro per inhabitant","General hospitals",":"
"2008","Liechtenstein","Euro per inhabitant","General hospitals",":"
"2009","Liechtenstein","Euro per inhabitant","General hospitals",":"
"2010","Liechtenstein","Euro per inhabitant","General hospitals",":"
"2011","Liechtenstein","Euro per inhabitant","General hospitals",":"
"2012","Liechtenstein","Euro per inhabitant","General hospitals",":"
"2013","Liechtenstein","Euro per inhabitant","General hospitals","754.70"
"2014","Liechtenstein","Euro per inhabitant","General hospitals","648.07"
"2015","Liechtenstein","Euro per inhabitant","General hospitals","761.02"
"2016","Liechtenstein","Euro per inhabitant","General hospitals","738.61"
"2017","Liechtenstein","Euro per inhabitant","General hospitals","622.08"
"2018","Liechtenstein","Euro per inhabitant","General hospitals",":"
"2003","Norway","Euro per inhabitant","General hospitals",":"
"2004","Norway","Euro per inhabitant","General hospitals",":"
"2005","Norway","Euro per inhabitant","General hospitals",":"
"2006","Norway","Euro per inhabitant","General hospitals",":"
"2007","Norway","Euro per inhabitant","General hospitals",":"
"2008","Norway","Euro per inhabitant","General hospitals",":"
"2009","Norway","Euro per inhabitant","General hospitals",":"
"2010","Norway","Euro per inhabitant","General hospitals",":"
"2011","Norway","Euro per inhabitant","General hospitals","1,917.55"
"2012","Norway","Euro per inhabitant","General hospitals","2,096.32"
"2013","Norway","Euro per inhabitant","General hospitals","2,089.21"
"2014","Norway","Euro per inhabitant","General hospitals","2,085.63"
"2015","Norway","Euro per inhabitant","General hospitals","2,104.55"
"2016","Norway","Euro per inhabitant","General hospitals","2,070.43"
"2017","Norway","Euro per inhabitant","General hospitals","2,075.08"
"2018","Norway","Euro per inhabitant","General hospitals","2,072.49"
"2003","Switzerland","Euro per inhabitant","General hospitals",":"
"2004","Switzerland","Euro per inhabitant","General hospitals",":"
"2005","Switzerland","Euro per inhabitant","General hospitals",":"
"2006","Switzerland","Euro per inhabitant","General hospitals",":"
"2007","Switzerland","Euro per inhabitant","General hospitals",":"
"2008","Switzerland","Euro per inhabitant","General hospitals",":"
"2009","Switzerland","Euro per inhabitant","General hospitals",":"
"2010","Switzerland","Euro per inhabitant","General hospitals","1,687.95"
"2011","Switzerland","Euro per inhabitant","General hospitals","1,919.79"
"2012","Switzerland","Euro per inhabitant","General hospitals","2,043.21"
"2013","Switzerland","Euro per inhabitant","General hospitals","2,046.23"
"2014","Switzerland","Euro per inhabitant","General hospitals","2,122.11"
"2015","Switzerland","Euro per inhabitant","General hospitals","2,470.81"
"2016","Switzerland","Euro per inhabitant","General hospitals","2,498.12"
"2017","Switzerland","Euro per inhabitant","General hospitals","2,467.53"
"2018","Switzerland","Euro per inhabitant","General hospitals",":"
