"TIME","GEO","UNIT","ICHA11_HP","Value"
"2003","Belgium","Purchasing power standard (PPS) per inhabitant","General hospitals","633.43"
"2004","Belgium","Purchasing power standard (PPS) per inhabitant","General hospitals","687.50"
"2005","Belgium","Purchasing power standard (PPS) per inhabitant","General hospitals","707.75"
"2006","Belgium","Purchasing power standard (PPS) per inhabitant","General hospitals","749.60"
"2007","Belgium","Purchasing power standard (PPS) per inhabitant","General hospitals","781.00"
"2008","Belgium","Purchasing power standard (PPS) per inhabitant","General hospitals","813.24"
"2009","Belgium","Purchasing power standard (PPS) per inhabitant","General hospitals","830.01"
"2010","Belgium","Purchasing power standard (PPS) per inhabitant","General hospitals","869.37"
"2011","Belgium","Purchasing power standard (PPS) per inhabitant","General hospitals","915.55"
"2012","Belgium","Purchasing power standard (PPS) per inhabitant","General hospitals","957.92"
"2013","Belgium","Purchasing power standard (PPS) per inhabitant","General hospitals","982.53"
"2014","Belgium","Purchasing power standard (PPS) per inhabitant","General hospitals","1,009.72"
"2015","Belgium","Purchasing power standard (PPS) per inhabitant","General hospitals","1,098.35"
"2016","Belgium","Purchasing power standard (PPS) per inhabitant","General hospitals","1,066.21"
"2017","Belgium","Purchasing power standard (PPS) per inhabitant","General hospitals","1,072.76"
"2018","Belgium","Purchasing power standard (PPS) per inhabitant","General hospitals","1,082.52"
"2003","Bulgaria","Purchasing power standard (PPS) per inhabitant","General hospitals",":"
"2004","Bulgaria","Purchasing power standard (PPS) per inhabitant","General hospitals",":"
"2005","Bulgaria","Purchasing power standard (PPS) per inhabitant","General hospitals",":"
"2006","Bulgaria","Purchasing power standard (PPS) per inhabitant","General hospitals",":"
"2007","Bulgaria","Purchasing power standard (PPS) per inhabitant","General hospitals",":"
"2008","Bulgaria","Purchasing power standard (PPS) per inhabitant","General hospitals",":"
"2009","Bulgaria","Purchasing power standard (PPS) per inhabitant","General hospitals",":"
"2010","Bulgaria","Purchasing power standard (PPS) per inhabitant","General hospitals",":"
"2011","Bulgaria","Purchasing power standard (PPS) per inhabitant","General hospitals",":"
"2012","Bulgaria","Purchasing power standard (PPS) per inhabitant","General hospitals","259.09"
"2013","Bulgaria","Purchasing power standard (PPS) per inhabitant","General hospitals","276.49"
"2014","Bulgaria","Purchasing power standard (PPS) per inhabitant","General hospitals","316.80"
"2015","Bulgaria","Purchasing power standard (PPS) per inhabitant","General hospitals","319.43"
"2016","Bulgaria","Purchasing power standard (PPS) per inhabitant","General hospitals","336.40"
"2017","Bulgaria","Purchasing power standard (PPS) per inhabitant","General hospitals","338.29"
"2018","Bulgaria","Purchasing power standard (PPS) per inhabitant","General hospitals","381.14"
"2003","Czechia","Purchasing power standard (PPS) per inhabitant","General hospitals",":"
"2004","Czechia","Purchasing power standard (PPS) per inhabitant","General hospitals",":"
"2005","Czechia","Purchasing power standard (PPS) per inhabitant","General hospitals",":"
"2006","Czechia","Purchasing power standard (PPS) per inhabitant","General hospitals",":"
"2007","Czechia","Purchasing power standard (PPS) per inhabitant","General hospitals",":"
"2008","Czechia","Purchasing power standard (PPS) per inhabitant","General hospitals",":"
"2009","Czechia","Purchasing power standard (PPS) per inhabitant","General hospitals",":"
"2010","Czechia","Purchasing power standard (PPS) per inhabitant","General hospitals",":"
"2011","Czechia","Purchasing power standard (PPS) per inhabitant","General hospitals",":"
"2012","Czechia","Purchasing power standard (PPS) per inhabitant","General hospitals",":"
"2013","Czechia","Purchasing power standard (PPS) per inhabitant","General hospitals","676.33"
"2014","Czechia","Purchasing power standard (PPS) per inhabitant","General hospitals","727.88"
"2015","Czechia","Purchasing power standard (PPS) per inhabitant","General hospitals","727.29"
"2016","Czechia","Purchasing power standard (PPS) per inhabitant","General hospitals","708.98"
"2017","Czechia","Purchasing power standard (PPS) per inhabitant","General hospitals","760.98"
"2018","Czechia","Purchasing power standard (PPS) per inhabitant","General hospitals",":"
"2003","Denmark","Purchasing power standard (PPS) per inhabitant","General hospitals",":"
"2004","Denmark","Purchasing power standard (PPS) per inhabitant","General hospitals",":"
"2005","Denmark","Purchasing power standard (PPS) per inhabitant","General hospitals",":"
"2006","Denmark","Purchasing power standard (PPS) per inhabitant","General hospitals",":"
"2007","Denmark","Purchasing power standard (PPS) per inhabitant","General hospitals",":"
"2008","Denmark","Purchasing power standard (PPS) per inhabitant","General hospitals",":"
"2009","Denmark","Purchasing power standard (PPS) per inhabitant","General hospitals",":"
"2010","Denmark","Purchasing power standard (PPS) per inhabitant","General hospitals","1,301.79"
"2011","Denmark","Purchasing power standard (PPS) per inhabitant","General hospitals","1,297.91"
"2012","Denmark","Purchasing power standard (PPS) per inhabitant","General hospitals","1,334.94"
"2013","Denmark","Purchasing power standard (PPS) per inhabitant","General hospitals","1,363.69"
"2014","Denmark","Purchasing power standard (PPS) per inhabitant","General hospitals","1,396.31"
"2015","Denmark","Purchasing power standard (PPS) per inhabitant","General hospitals","1,465.62"
"2016","Denmark","Purchasing power standard (PPS) per inhabitant","General hospitals","1,438.57"
"2017","Denmark","Purchasing power standard (PPS) per inhabitant","General hospitals","1,486.22"
"2018","Denmark","Purchasing power standard (PPS) per inhabitant","General hospitals","1,521.84"
"2003","Germany (until 1990 former territory of the FRG)","Purchasing power standard (PPS) per inhabitant","General hospitals","686.51"
"2004","Germany (until 1990 former territory of the FRG)","Purchasing power standard (PPS) per inhabitant","General hospitals","715.33"
"2005","Germany (until 1990 former territory of the FRG)","Purchasing power standard (PPS) per inhabitant","General hospitals","740.80"
"2006","Germany (until 1990 former territory of the FRG)","Purchasing power standard (PPS) per inhabitant","General hospitals","766.23"
"2007","Germany (until 1990 former territory of the FRG)","Purchasing power standard (PPS) per inhabitant","General hospitals","785.87"
"2008","Germany (until 1990 former territory of the FRG)","Purchasing power standard (PPS) per inhabitant","General hospitals","797.78"
"2009","Germany (until 1990 former territory of the FRG)","Purchasing power standard (PPS) per inhabitant","General hospitals","831.53"
"2010","Germany (until 1990 former territory of the FRG)","Purchasing power standard (PPS) per inhabitant","General hospitals","884.60"
"2011","Germany (until 1990 former territory of the FRG)","Purchasing power standard (PPS) per inhabitant","General hospitals","938.31"
"2012","Germany (until 1990 former territory of the FRG)","Purchasing power standard (PPS) per inhabitant","General hospitals","970.21"
"2013","Germany (until 1990 former territory of the FRG)","Purchasing power standard (PPS) per inhabitant","General hospitals","996.18"
"2014","Germany (until 1990 former territory of the FRG)","Purchasing power standard (PPS) per inhabitant","General hospitals","1,044.44"
"2015","Germany (until 1990 former territory of the FRG)","Purchasing power standard (PPS) per inhabitant","General hospitals","1,085.67"
"2016","Germany (until 1990 former territory of the FRG)","Purchasing power standard (PPS) per inhabitant","General hospitals","1,094.59"
"2017","Germany (until 1990 former territory of the FRG)","Purchasing power standard (PPS) per inhabitant","General hospitals","1,105.08"
"2018","Germany (until 1990 former territory of the FRG)","Purchasing power standard (PPS) per inhabitant","General hospitals",":"
"2003","Estonia","Purchasing power standard (PPS) per inhabitant","General hospitals","214.04"
"2004","Estonia","Purchasing power standard (PPS) per inhabitant","General hospitals","278.63"
"2005","Estonia","Purchasing power standard (PPS) per inhabitant","General hospitals","320.84"
"2006","Estonia","Purchasing power standard (PPS) per inhabitant","General hospitals","337.30"
"2007","Estonia","Purchasing power standard (PPS) per inhabitant","General hospitals","404.25"
"2008","Estonia","Purchasing power standard (PPS) per inhabitant","General hospitals","469.53"
"2009","Estonia","Purchasing power standard (PPS) per inhabitant","General hospitals","466.07"
"2010","Estonia","Purchasing power standard (PPS) per inhabitant","General hospitals","476.17"
"2011","Estonia","Purchasing power standard (PPS) per inhabitant","General hospitals","485.47"
"2012","Estonia","Purchasing power standard (PPS) per inhabitant","General hospitals","516.38"
"2013","Estonia","Purchasing power standard (PPS) per inhabitant","General hospitals","553.05"
"2014","Estonia","Purchasing power standard (PPS) per inhabitant","General hospitals","605.49"
"2015","Estonia","Purchasing power standard (PPS) per inhabitant","General hospitals","653.30"
"2016","Estonia","Purchasing power standard (PPS) per inhabitant","General hospitals","668.76"
"2017","Estonia","Purchasing power standard (PPS) per inhabitant","General hospitals","697.73"
"2018","Estonia","Purchasing power standard (PPS) per inhabitant","General hospitals",":"
"2003","Ireland","Purchasing power standard (PPS) per inhabitant","General hospitals",":"
"2004","Ireland","Purchasing power standard (PPS) per inhabitant","General hospitals",":"
"2005","Ireland","Purchasing power standard (PPS) per inhabitant","General hospitals",":"
"2006","Ireland","Purchasing power standard (PPS) per inhabitant","General hospitals",":"
"2007","Ireland","Purchasing power standard (PPS) per inhabitant","General hospitals",":"
"2008","Ireland","Purchasing power standard (PPS) per inhabitant","General hospitals",":"
"2009","Ireland","Purchasing power standard (PPS) per inhabitant","General hospitals",":"
"2010","Ireland","Purchasing power standard (PPS) per inhabitant","General hospitals",":"
"2011","Ireland","Purchasing power standard (PPS) per inhabitant","General hospitals","988.64"
"2012","Ireland","Purchasing power standard (PPS) per inhabitant","General hospitals","1,003.82"
"2013","Ireland","Purchasing power standard (PPS) per inhabitant","General hospitals","976.96"
"2014","Ireland","Purchasing power standard (PPS) per inhabitant","General hospitals","973.24"
"2015","Ireland","Purchasing power standard (PPS) per inhabitant","General hospitals","1,030.61"
"2016","Ireland","Purchasing power standard (PPS) per inhabitant","General hospitals","1,054.09"
"2017","Ireland","Purchasing power standard (PPS) per inhabitant","General hospitals","1,073.88"
"2018","Ireland","Purchasing power standard (PPS) per inhabitant","General hospitals","1,106.49"
"2003","Greece","Purchasing power standard (PPS) per inhabitant","General hospitals",":"
"2004","Greece","Purchasing power standard (PPS) per inhabitant","General hospitals",":"
"2005","Greece","Purchasing power standard (PPS) per inhabitant","General hospitals",":"
"2006","Greece","Purchasing power standard (PPS) per inhabitant","General hospitals",":"
"2007","Greece","Purchasing power standard (PPS) per inhabitant","General hospitals",":"
"2008","Greece","Purchasing power standard (PPS) per inhabitant","General hospitals",":"
"2009","Greece","Purchasing power standard (PPS) per inhabitant","General hospitals","790.07"
"2010","Greece","Purchasing power standard (PPS) per inhabitant","General hospitals","759.28"
"2011","Greece","Purchasing power standard (PPS) per inhabitant","General hospitals","590.76"
"2012","Greece","Purchasing power standard (PPS) per inhabitant","General hospitals","647.26"
"2013","Greece","Purchasing power standard (PPS) per inhabitant","General hospitals","608.59"
"2014","Greece","Purchasing power standard (PPS) per inhabitant","General hospitals","588.75"
"2015","Greece","Purchasing power standard (PPS) per inhabitant","General hospitals","616.58"
"2016","Greece","Purchasing power standard (PPS) per inhabitant","General hospitals","639.21"
"2017","Greece","Purchasing power standard (PPS) per inhabitant","General hospitals","604.52"
"2018","Greece","Purchasing power standard (PPS) per inhabitant","General hospitals","623.85"
"2003","Spain","Purchasing power standard (PPS) per inhabitant","General hospitals","567.71"
"2004","Spain","Purchasing power standard (PPS) per inhabitant","General hospitals","597.66"
"2005","Spain","Purchasing power standard (PPS) per inhabitant","General hospitals","646.93"
"2006","Spain","Purchasing power standard (PPS) per inhabitant","General hospitals","710.15"
"2007","Spain","Purchasing power standard (PPS) per inhabitant","General hospitals","737.80"
"2008","Spain","Purchasing power standard (PPS) per inhabitant","General hospitals","795.97"
"2009","Spain","Purchasing power standard (PPS) per inhabitant","General hospitals","811.18"
"2010","Spain","Purchasing power standard (PPS) per inhabitant","General hospitals","793.57"
"2011","Spain","Purchasing power standard (PPS) per inhabitant","General hospitals","814.64"
"2012","Spain","Purchasing power standard (PPS) per inhabitant","General hospitals","809.99"
"2013","Spain","Purchasing power standard (PPS) per inhabitant","General hospitals","789.38"
"2014","Spain","Purchasing power standard (PPS) per inhabitant","General hospitals","835.90"
"2015","Spain","Purchasing power standard (PPS) per inhabitant","General hospitals","924.63"
"2016","Spain","Purchasing power standard (PPS) per inhabitant","General hospitals","909.06"
"2017","Spain","Purchasing power standard (PPS) per inhabitant","General hospitals","936.67"
"2018","Spain","Purchasing power standard (PPS) per inhabitant","General hospitals",":"
"2003","France","Purchasing power standard (PPS) per inhabitant","General hospitals",":"
"2004","France","Purchasing power standard (PPS) per inhabitant","General hospitals",":"
"2005","France","Purchasing power standard (PPS) per inhabitant","General hospitals",":"
"2006","France","Purchasing power standard (PPS) per inhabitant","General hospitals","905.66"
"2007","France","Purchasing power standard (PPS) per inhabitant","General hospitals","936.84"
"2008","France","Purchasing power standard (PPS) per inhabitant","General hospitals","952.86"
"2009","France","Purchasing power standard (PPS) per inhabitant","General hospitals","970.04"
"2010","France","Purchasing power standard (PPS) per inhabitant","General hospitals","1,002.32"
"2011","France","Purchasing power standard (PPS) per inhabitant","General hospitals","1,031.69"
"2012","France","Purchasing power standard (PPS) per inhabitant","General hospitals","1,066.68"
"2013","France","Purchasing power standard (PPS) per inhabitant","General hospitals","1,107.82"
"2014","France","Purchasing power standard (PPS) per inhabitant","General hospitals","1,158.34"
"2015","France","Purchasing power standard (PPS) per inhabitant","General hospitals","1,196.75"
"2016","France","Purchasing power standard (PPS) per inhabitant","General hospitals","1,199.35"
"2017","France","Purchasing power standard (PPS) per inhabitant","General hospitals","1,201.85"
"2018","France","Purchasing power standard (PPS) per inhabitant","General hospitals","1,203.59"
"2003","Croatia","Purchasing power standard (PPS) per inhabitant","General hospitals",":"
"2004","Croatia","Purchasing power standard (PPS) per inhabitant","General hospitals",":"
"2005","Croatia","Purchasing power standard (PPS) per inhabitant","General hospitals",":"
"2006","Croatia","Purchasing power standard (PPS) per inhabitant","General hospitals",":"
"2007","Croatia","Purchasing power standard (PPS) per inhabitant","General hospitals",":"
"2008","Croatia","Purchasing power standard (PPS) per inhabitant","General hospitals",":"
"2009","Croatia","Purchasing power standard (PPS) per inhabitant","General hospitals",":"
"2010","Croatia","Purchasing power standard (PPS) per inhabitant","General hospitals",":"
"2011","Croatia","Purchasing power standard (PPS) per inhabitant","General hospitals",":"
"2012","Croatia","Purchasing power standard (PPS) per inhabitant","General hospitals",":"
"2013","Croatia","Purchasing power standard (PPS) per inhabitant","General hospitals","397.26"
"2014","Croatia","Purchasing power standard (PPS) per inhabitant","General hospitals","439.76"
"2015","Croatia","Purchasing power standard (PPS) per inhabitant","General hospitals","479.25"
"2016","Croatia","Purchasing power standard (PPS) per inhabitant","General hospitals","496.05"
"2017","Croatia","Purchasing power standard (PPS) per inhabitant","General hospitals","525.24"
"2018","Croatia","Purchasing power standard (PPS) per inhabitant","General hospitals","574.03"
"2003","Italy","Purchasing power standard (PPS) per inhabitant","General hospitals",":"
"2004","Italy","Purchasing power standard (PPS) per inhabitant","General hospitals",":"
"2005","Italy","Purchasing power standard (PPS) per inhabitant","General hospitals",":"
"2006","Italy","Purchasing power standard (PPS) per inhabitant","General hospitals",":"
"2007","Italy","Purchasing power standard (PPS) per inhabitant","General hospitals",":"
"2008","Italy","Purchasing power standard (PPS) per inhabitant","General hospitals",":"
"2009","Italy","Purchasing power standard (PPS) per inhabitant","General hospitals",":"
"2010","Italy","Purchasing power standard (PPS) per inhabitant","General hospitals",":"
"2011","Italy","Purchasing power standard (PPS) per inhabitant","General hospitals",":"
"2012","Italy","Purchasing power standard (PPS) per inhabitant","General hospitals",":"
"2013","Italy","Purchasing power standard (PPS) per inhabitant","General hospitals",":"
"2014","Italy","Purchasing power standard (PPS) per inhabitant","General hospitals",":"
"2015","Italy","Purchasing power standard (PPS) per inhabitant","General hospitals",":"
"2016","Italy","Purchasing power standard (PPS) per inhabitant","General hospitals",":"
"2017","Italy","Purchasing power standard (PPS) per inhabitant","General hospitals",":"
"2018","Italy","Purchasing power standard (PPS) per inhabitant","General hospitals",":"
"2003","Cyprus","Purchasing power standard (PPS) per inhabitant","General hospitals",":"
"2004","Cyprus","Purchasing power standard (PPS) per inhabitant","General hospitals",":"
"2005","Cyprus","Purchasing power standard (PPS) per inhabitant","General hospitals",":"
"2006","Cyprus","Purchasing power standard (PPS) per inhabitant","General hospitals",":"
"2007","Cyprus","Purchasing power standard (PPS) per inhabitant","General hospitals",":"
"2008","Cyprus","Purchasing power standard (PPS) per inhabitant","General hospitals",":"
"2009","Cyprus","Purchasing power standard (PPS) per inhabitant","General hospitals",":"
"2010","Cyprus","Purchasing power standard (PPS) per inhabitant","General hospitals","586.39"
"2011","Cyprus","Purchasing power standard (PPS) per inhabitant","General hospitals","591.24"
"2012","Cyprus","Purchasing power standard (PPS) per inhabitant","General hospitals","575.25"
"2013","Cyprus","Purchasing power standard (PPS) per inhabitant","General hospitals","574.15"
"2014","Cyprus","Purchasing power standard (PPS) per inhabitant","General hospitals","562.70"
"2015","Cyprus","Purchasing power standard (PPS) per inhabitant","General hospitals","662.69"
"2016","Cyprus","Purchasing power standard (PPS) per inhabitant","General hospitals","684.72"
"2017","Cyprus","Purchasing power standard (PPS) per inhabitant","General hospitals","697.21"
"2018","Cyprus","Purchasing power standard (PPS) per inhabitant","General hospitals","743.54"
"2003","Latvia","Purchasing power standard (PPS) per inhabitant","General hospitals",":"
"2004","Latvia","Purchasing power standard (PPS) per inhabitant","General hospitals",":"
"2005","Latvia","Purchasing power standard (PPS) per inhabitant","General hospitals",":"
"2006","Latvia","Purchasing power standard (PPS) per inhabitant","General hospitals",":"
"2007","Latvia","Purchasing power standard (PPS) per inhabitant","General hospitals",":"
"2008","Latvia","Purchasing power standard (PPS) per inhabitant","General hospitals",":"
"2009","Latvia","Purchasing power standard (PPS) per inhabitant","General hospitals",":"
"2010","Latvia","Purchasing power standard (PPS) per inhabitant","General hospitals",":"
"2011","Latvia","Purchasing power standard (PPS) per inhabitant","General hospitals",":"
"2012","Latvia","Purchasing power standard (PPS) per inhabitant","General hospitals",":"
"2013","Latvia","Purchasing power standard (PPS) per inhabitant","General hospitals","255.72"
"2014","Latvia","Purchasing power standard (PPS) per inhabitant","General hospitals","261.90"
"2015","Latvia","Purchasing power standard (PPS) per inhabitant","General hospitals","275.76"
"2016","Latvia","Purchasing power standard (PPS) per inhabitant","General hospitals","288.88"
"2017","Latvia","Purchasing power standard (PPS) per inhabitant","General hospitals","299.03"
"2018","Latvia","Purchasing power standard (PPS) per inhabitant","General hospitals",":"
"2003","Lithuania","Purchasing power standard (PPS) per inhabitant","General hospitals",":"
"2004","Lithuania","Purchasing power standard (PPS) per inhabitant","General hospitals",":"
"2005","Lithuania","Purchasing power standard (PPS) per inhabitant","General hospitals",":"
"2006","Lithuania","Purchasing power standard (PPS) per inhabitant","General hospitals","251.24"
"2007","Lithuania","Purchasing power standard (PPS) per inhabitant","General hospitals","288.92"
"2008","Lithuania","Purchasing power standard (PPS) per inhabitant","General hospitals","320.09"
"2009","Lithuania","Purchasing power standard (PPS) per inhabitant","General hospitals","313.60"
"2010","Lithuania","Purchasing power standard (PPS) per inhabitant","General hospitals","331.10"
"2011","Lithuania","Purchasing power standard (PPS) per inhabitant","General hospitals","363.43"
"2012","Lithuania","Purchasing power standard (PPS) per inhabitant","General hospitals","367.32"
"2013","Lithuania","Purchasing power standard (PPS) per inhabitant","General hospitals","361.38"
"2014","Lithuania","Purchasing power standard (PPS) per inhabitant","General hospitals","382.98"
"2015","Lithuania","Purchasing power standard (PPS) per inhabitant","General hospitals","433.91"
"2016","Lithuania","Purchasing power standard (PPS) per inhabitant","General hospitals","488.51"
"2017","Lithuania","Purchasing power standard (PPS) per inhabitant","General hospitals","478.16"
"2018","Lithuania","Purchasing power standard (PPS) per inhabitant","General hospitals","503.85"
"2003","Luxembourg","Purchasing power standard (PPS) per inhabitant","General hospitals",":"
"2004","Luxembourg","Purchasing power standard (PPS) per inhabitant","General hospitals",":"
"2005","Luxembourg","Purchasing power standard (PPS) per inhabitant","General hospitals",":"
"2006","Luxembourg","Purchasing power standard (PPS) per inhabitant","General hospitals",":"
"2007","Luxembourg","Purchasing power standard (PPS) per inhabitant","General hospitals",":"
"2008","Luxembourg","Purchasing power standard (PPS) per inhabitant","General hospitals",":"
"2009","Luxembourg","Purchasing power standard (PPS) per inhabitant","General hospitals",":"
"2010","Luxembourg","Purchasing power standard (PPS) per inhabitant","General hospitals",":"
"2011","Luxembourg","Purchasing power standard (PPS) per inhabitant","General hospitals","1,051.40"
"2012","Luxembourg","Purchasing power standard (PPS) per inhabitant","General hospitals","927.53"
"2013","Luxembourg","Purchasing power standard (PPS) per inhabitant","General hospitals","944.03"
"2014","Luxembourg","Purchasing power standard (PPS) per inhabitant","General hospitals","979.58"
"2015","Luxembourg","Purchasing power standard (PPS) per inhabitant","General hospitals","1,006.59"
"2016","Luxembourg","Purchasing power standard (PPS) per inhabitant","General hospitals","995.97"
"2017","Luxembourg","Purchasing power standard (PPS) per inhabitant","General hospitals","998.60"
"2018","Luxembourg","Purchasing power standard (PPS) per inhabitant","General hospitals","1,088.98"
"2003","Hungary","Purchasing power standard (PPS) per inhabitant","General hospitals",":"
"2004","Hungary","Purchasing power standard (PPS) per inhabitant","General hospitals",":"
"2005","Hungary","Purchasing power standard (PPS) per inhabitant","General hospitals",":"
"2006","Hungary","Purchasing power standard (PPS) per inhabitant","General hospitals","371.17"
"2007","Hungary","Purchasing power standard (PPS) per inhabitant","General hospitals","333.08"
"2008","Hungary","Purchasing power standard (PPS) per inhabitant","General hospitals","356.92"
"2009","Hungary","Purchasing power standard (PPS) per inhabitant","General hospitals","341.05"
"2010","Hungary","Purchasing power standard (PPS) per inhabitant","General hospitals","359.56"
"2011","Hungary","Purchasing power standard (PPS) per inhabitant","General hospitals","372.10"
"2012","Hungary","Purchasing power standard (PPS) per inhabitant","General hospitals","421.10"
"2013","Hungary","Purchasing power standard (PPS) per inhabitant","General hospitals","462.32"
"2014","Hungary","Purchasing power standard (PPS) per inhabitant","General hospitals","474.52"
"2015","Hungary","Purchasing power standard (PPS) per inhabitant","General hospitals","501.59"
"2016","Hungary","Purchasing power standard (PPS) per inhabitant","General hospitals","505.88"
"2017","Hungary","Purchasing power standard (PPS) per inhabitant","General hospitals","513.92"
"2018","Hungary","Purchasing power standard (PPS) per inhabitant","General hospitals","550.46"
"2003","Malta","Purchasing power standard (PPS) per inhabitant","General hospitals",":"
"2004","Malta","Purchasing power standard (PPS) per inhabitant","General hospitals",":"
"2005","Malta","Purchasing power standard (PPS) per inhabitant","General hospitals",":"
"2006","Malta","Purchasing power standard (PPS) per inhabitant","General hospitals",":"
"2007","Malta","Purchasing power standard (PPS) per inhabitant","General hospitals",":"
"2008","Malta","Purchasing power standard (PPS) per inhabitant","General hospitals",":"
"2009","Malta","Purchasing power standard (PPS) per inhabitant","General hospitals",":"
"2010","Malta","Purchasing power standard (PPS) per inhabitant","General hospitals",":"
"2011","Malta","Purchasing power standard (PPS) per inhabitant","General hospitals",":"
"2012","Malta","Purchasing power standard (PPS) per inhabitant","General hospitals",":"
"2013","Malta","Purchasing power standard (PPS) per inhabitant","General hospitals",":"
"2014","Malta","Purchasing power standard (PPS) per inhabitant","General hospitals","836.39"
"2015","Malta","Purchasing power standard (PPS) per inhabitant","General hospitals","937.78"
"2016","Malta","Purchasing power standard (PPS) per inhabitant","General hospitals","928.21"
"2017","Malta","Purchasing power standard (PPS) per inhabitant","General hospitals","1,004.12"
"2018","Malta","Purchasing power standard (PPS) per inhabitant","General hospitals",":"
"2003","Netherlands","Purchasing power standard (PPS) per inhabitant","General hospitals","630.32"
"2004","Netherlands","Purchasing power standard (PPS) per inhabitant","General hospitals","673.51"
"2005","Netherlands","Purchasing power standard (PPS) per inhabitant","General hospitals","708.44"
"2006","Netherlands","Purchasing power standard (PPS) per inhabitant","General hospitals","751.75"
"2007","Netherlands","Purchasing power standard (PPS) per inhabitant","General hospitals","797.02"
"2008","Netherlands","Purchasing power standard (PPS) per inhabitant","General hospitals","824.19"
"2009","Netherlands","Purchasing power standard (PPS) per inhabitant","General hospitals","847.47"
"2010","Netherlands","Purchasing power standard (PPS) per inhabitant","General hospitals","889.36"
"2011","Netherlands","Purchasing power standard (PPS) per inhabitant","General hospitals","861.23"
"2012","Netherlands","Purchasing power standard (PPS) per inhabitant","General hospitals","904.01"
"2013","Netherlands","Purchasing power standard (PPS) per inhabitant","General hospitals","943.45"
"2014","Netherlands","Purchasing power standard (PPS) per inhabitant","General hospitals","950.74"
"2015","Netherlands","Purchasing power standard (PPS) per inhabitant","General hospitals","1,046.50"
"2016","Netherlands","Purchasing power standard (PPS) per inhabitant","General hospitals","1,025.39"
"2017","Netherlands","Purchasing power standard (PPS) per inhabitant","General hospitals","1,032.51"
"2018","Netherlands","Purchasing power standard (PPS) per inhabitant","General hospitals","1,060.91"
"2003","Austria","Purchasing power standard (PPS) per inhabitant","General hospitals",":"
"2004","Austria","Purchasing power standard (PPS) per inhabitant","General hospitals","933.69"
"2005","Austria","Purchasing power standard (PPS) per inhabitant","General hospitals","1,002.67"
"2006","Austria","Purchasing power standard (PPS) per inhabitant","General hospitals","1,045.56"
"2007","Austria","Purchasing power standard (PPS) per inhabitant","General hospitals","1,078.80"
"2008","Austria","Purchasing power standard (PPS) per inhabitant","General hospitals","1,113.08"
"2009","Austria","Purchasing power standard (PPS) per inhabitant","General hospitals","1,116.00"
"2010","Austria","Purchasing power standard (PPS) per inhabitant","General hospitals","1,148.18"
"2011","Austria","Purchasing power standard (PPS) per inhabitant","General hospitals","1,162.62"
"2012","Austria","Purchasing power standard (PPS) per inhabitant","General hospitals","1,235.60"
"2013","Austria","Purchasing power standard (PPS) per inhabitant","General hospitals","1,224.40"
"2014","Austria","Purchasing power standard (PPS) per inhabitant","General hospitals","1,251.85"
"2015","Austria","Purchasing power standard (PPS) per inhabitant","General hospitals","1,295.02"
"2016","Austria","Purchasing power standard (PPS) per inhabitant","General hospitals","1,295.88"
"2017","Austria","Purchasing power standard (PPS) per inhabitant","General hospitals","1,315.88"
"2018","Austria","Purchasing power standard (PPS) per inhabitant","General hospitals","1,354.12"
"2003","Poland","Purchasing power standard (PPS) per inhabitant","General hospitals",":"
"2004","Poland","Purchasing power standard (PPS) per inhabitant","General hospitals",":"
"2005","Poland","Purchasing power standard (PPS) per inhabitant","General hospitals",":"
"2006","Poland","Purchasing power standard (PPS) per inhabitant","General hospitals",":"
"2007","Poland","Purchasing power standard (PPS) per inhabitant","General hospitals",":"
"2008","Poland","Purchasing power standard (PPS) per inhabitant","General hospitals",":"
"2009","Poland","Purchasing power standard (PPS) per inhabitant","General hospitals",":"
"2010","Poland","Purchasing power standard (PPS) per inhabitant","General hospitals",":"
"2011","Poland","Purchasing power standard (PPS) per inhabitant","General hospitals",":"
"2012","Poland","Purchasing power standard (PPS) per inhabitant","General hospitals",":"
"2013","Poland","Purchasing power standard (PPS) per inhabitant","General hospitals","401.03"
"2014","Poland","Purchasing power standard (PPS) per inhabitant","General hospitals","411.17"
"2015","Poland","Purchasing power standard (PPS) per inhabitant","General hospitals","450.69"
"2016","Poland","Purchasing power standard (PPS) per inhabitant","General hospitals","454.89"
"2017","Poland","Purchasing power standard (PPS) per inhabitant","General hospitals",":"
"2018","Poland","Purchasing power standard (PPS) per inhabitant","General hospitals",":"
"2003","Portugal","Purchasing power standard (PPS) per inhabitant","General hospitals","563.99"
"2004","Portugal","Purchasing power standard (PPS) per inhabitant","General hospitals","603.80"
"2005","Portugal","Purchasing power standard (PPS) per inhabitant","General hospitals","670.60"
"2006","Portugal","Purchasing power standard (PPS) per inhabitant","General hospitals","667.87"
"2007","Portugal","Purchasing power standard (PPS) per inhabitant","General hospitals","690.38"
"2008","Portugal","Purchasing power standard (PPS) per inhabitant","General hospitals","713.44"
"2009","Portugal","Purchasing power standard (PPS) per inhabitant","General hospitals","737.46"
"2010","Portugal","Purchasing power standard (PPS) per inhabitant","General hospitals","754.92"
"2011","Portugal","Purchasing power standard (PPS) per inhabitant","General hospitals","721.50"
"2012","Portugal","Purchasing power standard (PPS) per inhabitant","General hospitals","731.94"
"2013","Portugal","Purchasing power standard (PPS) per inhabitant","General hospitals","754.63"
"2014","Portugal","Purchasing power standard (PPS) per inhabitant","General hospitals","767.49"
"2015","Portugal","Purchasing power standard (PPS) per inhabitant","General hospitals","815.44"
"2016","Portugal","Purchasing power standard (PPS) per inhabitant","General hospitals","829.71"
"2017","Portugal","Purchasing power standard (PPS) per inhabitant","General hospitals","848.68"
"2018","Portugal","Purchasing power standard (PPS) per inhabitant","General hospitals",":"
"2003","Romania","Purchasing power standard (PPS) per inhabitant","General hospitals",":"
"2004","Romania","Purchasing power standard (PPS) per inhabitant","General hospitals",":"
"2005","Romania","Purchasing power standard (PPS) per inhabitant","General hospitals",":"
"2006","Romania","Purchasing power standard (PPS) per inhabitant","General hospitals",":"
"2007","Romania","Purchasing power standard (PPS) per inhabitant","General hospitals",":"
"2008","Romania","Purchasing power standard (PPS) per inhabitant","General hospitals",":"
"2009","Romania","Purchasing power standard (PPS) per inhabitant","General hospitals",":"
"2010","Romania","Purchasing power standard (PPS) per inhabitant","General hospitals",":"
"2011","Romania","Purchasing power standard (PPS) per inhabitant","General hospitals","191.76"
"2012","Romania","Purchasing power standard (PPS) per inhabitant","General hospitals","218.66"
"2013","Romania","Purchasing power standard (PPS) per inhabitant","General hospitals","232.67"
"2014","Romania","Purchasing power standard (PPS) per inhabitant","General hospitals","240.20"
"2015","Romania","Purchasing power standard (PPS) per inhabitant","General hospitals","263.18"
"2016","Romania","Purchasing power standard (PPS) per inhabitant","General hospitals","303.32"
"2017","Romania","Purchasing power standard (PPS) per inhabitant","General hospitals","337.96"
"2018","Romania","Purchasing power standard (PPS) per inhabitant","General hospitals","421.00"
"2003","Slovenia","Purchasing power standard (PPS) per inhabitant","General hospitals",":"
"2004","Slovenia","Purchasing power standard (PPS) per inhabitant","General hospitals",":"
"2005","Slovenia","Purchasing power standard (PPS) per inhabitant","General hospitals",":"
"2006","Slovenia","Purchasing power standard (PPS) per inhabitant","General hospitals",":"
"2007","Slovenia","Purchasing power standard (PPS) per inhabitant","General hospitals",":"
"2008","Slovenia","Purchasing power standard (PPS) per inhabitant","General hospitals",":"
"2009","Slovenia","Purchasing power standard (PPS) per inhabitant","General hospitals",":"
"2010","Slovenia","Purchasing power standard (PPS) per inhabitant","General hospitals",":"
"2011","Slovenia","Purchasing power standard (PPS) per inhabitant","General hospitals",":"
"2012","Slovenia","Purchasing power standard (PPS) per inhabitant","General hospitals",":"
"2013","Slovenia","Purchasing power standard (PPS) per inhabitant","General hospitals",":"
"2014","Slovenia","Purchasing power standard (PPS) per inhabitant","General hospitals","608.36"
"2015","Slovenia","Purchasing power standard (PPS) per inhabitant","General hospitals","646.18"
"2016","Slovenia","Purchasing power standard (PPS) per inhabitant","General hospitals","664.98"
"2017","Slovenia","Purchasing power standard (PPS) per inhabitant","General hospitals","658.99"
"2018","Slovenia","Purchasing power standard (PPS) per inhabitant","General hospitals",":"
"2003","Slovakia","Purchasing power standard (PPS) per inhabitant","General hospitals",":"
"2004","Slovakia","Purchasing power standard (PPS) per inhabitant","General hospitals",":"
"2005","Slovakia","Purchasing power standard (PPS) per inhabitant","General hospitals",":"
"2006","Slovakia","Purchasing power standard (PPS) per inhabitant","General hospitals",":"
"2007","Slovakia","Purchasing power standard (PPS) per inhabitant","General hospitals",":"
"2008","Slovakia","Purchasing power standard (PPS) per inhabitant","General hospitals",":"
"2009","Slovakia","Purchasing power standard (PPS) per inhabitant","General hospitals",":"
"2010","Slovakia","Purchasing power standard (PPS) per inhabitant","General hospitals",":"
"2011","Slovakia","Purchasing power standard (PPS) per inhabitant","General hospitals",":"
"2012","Slovakia","Purchasing power standard (PPS) per inhabitant","General hospitals","417.39"
"2013","Slovakia","Purchasing power standard (PPS) per inhabitant","General hospitals","436.40"
"2014","Slovakia","Purchasing power standard (PPS) per inhabitant","General hospitals","484.22"
"2015","Slovakia","Purchasing power standard (PPS) per inhabitant","General hospitals","526.86"
"2016","Slovakia","Purchasing power standard (PPS) per inhabitant","General hospitals","511.64"
"2017","Slovakia","Purchasing power standard (PPS) per inhabitant","General hospitals","514.53"
"2018","Slovakia","Purchasing power standard (PPS) per inhabitant","General hospitals",":"
"2003","Finland","Purchasing power standard (PPS) per inhabitant","General hospitals","635.06"
"2004","Finland","Purchasing power standard (PPS) per inhabitant","General hospitals","679.50"
"2005","Finland","Purchasing power standard (PPS) per inhabitant","General hospitals","715.88"
"2006","Finland","Purchasing power standard (PPS) per inhabitant","General hospitals","765.44"
"2007","Finland","Purchasing power standard (PPS) per inhabitant","General hospitals","819.62"
"2008","Finland","Purchasing power standard (PPS) per inhabitant","General hospitals","853.02"
"2009","Finland","Purchasing power standard (PPS) per inhabitant","General hospitals","840.51"
"2010","Finland","Purchasing power standard (PPS) per inhabitant","General hospitals","869.83"
"2011","Finland","Purchasing power standard (PPS) per inhabitant","General hospitals","954.61"
"2012","Finland","Purchasing power standard (PPS) per inhabitant","General hospitals","991.07"
"2013","Finland","Purchasing power standard (PPS) per inhabitant","General hospitals","1,011.88"
"2014","Finland","Purchasing power standard (PPS) per inhabitant","General hospitals","1,011.12"
"2015","Finland","Purchasing power standard (PPS) per inhabitant","General hospitals","1,089.10"
"2016","Finland","Purchasing power standard (PPS) per inhabitant","General hospitals","1,063.05"
"2017","Finland","Purchasing power standard (PPS) per inhabitant","General hospitals","1,118.09"
"2018","Finland","Purchasing power standard (PPS) per inhabitant","General hospitals",":"
"2003","Sweden","Purchasing power standard (PPS) per inhabitant","General hospitals",":"
"2004","Sweden","Purchasing power standard (PPS) per inhabitant","General hospitals",":"
"2005","Sweden","Purchasing power standard (PPS) per inhabitant","General hospitals",":"
"2006","Sweden","Purchasing power standard (PPS) per inhabitant","General hospitals",":"
"2007","Sweden","Purchasing power standard (PPS) per inhabitant","General hospitals",":"
"2008","Sweden","Purchasing power standard (PPS) per inhabitant","General hospitals",":"
"2009","Sweden","Purchasing power standard (PPS) per inhabitant","General hospitals",":"
"2010","Sweden","Purchasing power standard (PPS) per inhabitant","General hospitals",":"
"2011","Sweden","Purchasing power standard (PPS) per inhabitant","General hospitals","1,330.73"
"2012","Sweden","Purchasing power standard (PPS) per inhabitant","General hospitals","1,383.50"
"2013","Sweden","Purchasing power standard (PPS) per inhabitant","General hospitals","1,375.32"
"2014","Sweden","Purchasing power standard (PPS) per inhabitant","General hospitals","1,435.48"
"2015","Sweden","Purchasing power standard (PPS) per inhabitant","General hospitals","1,500.94"
"2016","Sweden","Purchasing power standard (PPS) per inhabitant","General hospitals","1,457.15"
"2017","Sweden","Purchasing power standard (PPS) per inhabitant","General hospitals","1,476.53"
"2018","Sweden","Purchasing power standard (PPS) per inhabitant","General hospitals","1,511.50"
"2003","United Kingdom","Purchasing power standard (PPS) per inhabitant","General hospitals",":"
"2004","United Kingdom","Purchasing power standard (PPS) per inhabitant","General hospitals",":"
"2005","United Kingdom","Purchasing power standard (PPS) per inhabitant","General hospitals",":"
"2006","United Kingdom","Purchasing power standard (PPS) per inhabitant","General hospitals",":"
"2007","United Kingdom","Purchasing power standard (PPS) per inhabitant","General hospitals",":"
"2008","United Kingdom","Purchasing power standard (PPS) per inhabitant","General hospitals",":"
"2009","United Kingdom","Purchasing power standard (PPS) per inhabitant","General hospitals",":"
"2010","United Kingdom","Purchasing power standard (PPS) per inhabitant","General hospitals",":"
"2011","United Kingdom","Purchasing power standard (PPS) per inhabitant","General hospitals",":"
"2012","United Kingdom","Purchasing power standard (PPS) per inhabitant","General hospitals",":"
"2013","United Kingdom","Purchasing power standard (PPS) per inhabitant","General hospitals",":"
"2014","United Kingdom","Purchasing power standard (PPS) per inhabitant","General hospitals",":"
"2015","United Kingdom","Purchasing power standard (PPS) per inhabitant","General hospitals",":"
"2016","United Kingdom","Purchasing power standard (PPS) per inhabitant","General hospitals",":"
"2017","United Kingdom","Purchasing power standard (PPS) per inhabitant","General hospitals",":"
"2018","United Kingdom","Purchasing power standard (PPS) per inhabitant","General hospitals",":"
"2003","Iceland","Purchasing power standard (PPS) per inhabitant","General hospitals",":"
"2004","Iceland","Purchasing power standard (PPS) per inhabitant","General hospitals",":"
"2005","Iceland","Purchasing power standard (PPS) per inhabitant","General hospitals",":"
"2006","Iceland","Purchasing power standard (PPS) per inhabitant","General hospitals",":"
"2007","Iceland","Purchasing power standard (PPS) per inhabitant","General hospitals",":"
"2008","Iceland","Purchasing power standard (PPS) per inhabitant","General hospitals",":"
"2009","Iceland","Purchasing power standard (PPS) per inhabitant","General hospitals",":"
"2010","Iceland","Purchasing power standard (PPS) per inhabitant","General hospitals",":"
"2011","Iceland","Purchasing power standard (PPS) per inhabitant","General hospitals","950.04"
"2012","Iceland","Purchasing power standard (PPS) per inhabitant","General hospitals","982.67"
"2013","Iceland","Purchasing power standard (PPS) per inhabitant","General hospitals","1,002.81"
"2014","Iceland","Purchasing power standard (PPS) per inhabitant","General hospitals","1,047.16"
"2015","Iceland","Purchasing power standard (PPS) per inhabitant","General hospitals","1,116.37"
"2016","Iceland","Purchasing power standard (PPS) per inhabitant","General hospitals","1,120.38"
"2017","Iceland","Purchasing power standard (PPS) per inhabitant","General hospitals","1,176.13"
"2018","Iceland","Purchasing power standard (PPS) per inhabitant","General hospitals","1,258.20"
"2003","Liechtenstein","Purchasing power standard (PPS) per inhabitant","General hospitals",":"
"2004","Liechtenstein","Purchasing power standard (PPS) per inhabitant","General hospitals",":"
"2005","Liechtenstein","Purchasing power standard (PPS) per inhabitant","General hospitals",":"
"2006","Liechtenstein","Purchasing power standard (PPS) per inhabitant","General hospitals",":"
"2007","Liechtenstein","Purchasing power standard (PPS) per inhabitant","General hospitals",":"
"2008","Liechtenstein","Purchasing power standard (PPS) per inhabitant","General hospitals",":"
"2009","Liechtenstein","Purchasing power standard (PPS) per inhabitant","General hospitals",":"
"2010","Liechtenstein","Purchasing power standard (PPS) per inhabitant","General hospitals",":"
"2011","Liechtenstein","Purchasing power standard (PPS) per inhabitant","General hospitals",":"
"2012","Liechtenstein","Purchasing power standard (PPS) per inhabitant","General hospitals",":"
"2013","Liechtenstein","Purchasing power standard (PPS) per inhabitant","General hospitals",":"
"2014","Liechtenstein","Purchasing power standard (PPS) per inhabitant","General hospitals",":"
"2015","Liechtenstein","Purchasing power standard (PPS) per inhabitant","General hospitals",":"
"2016","Liechtenstein","Purchasing power standard (PPS) per inhabitant","General hospitals",":"
"2017","Liechtenstein","Purchasing power standard (PPS) per inhabitant","General hospitals",":"
"2018","Liechtenstein","Purchasing power standard (PPS) per inhabitant","General hospitals",":"
"2003","Norway","Purchasing power standard (PPS) per inhabitant","General hospitals",":"
"2004","Norway","Purchasing power standard (PPS) per inhabitant","General hospitals",":"
"2005","Norway","Purchasing power standard (PPS) per inhabitant","General hospitals",":"
"2006","Norway","Purchasing power standard (PPS) per inhabitant","General hospitals",":"
"2007","Norway","Purchasing power standard (PPS) per inhabitant","General hospitals",":"
"2008","Norway","Purchasing power standard (PPS) per inhabitant","General hospitals",":"
"2009","Norway","Purchasing power standard (PPS) per inhabitant","General hospitals",":"
"2010","Norway","Purchasing power standard (PPS) per inhabitant","General hospitals",":"
"2011","Norway","Purchasing power standard (PPS) per inhabitant","General hospitals","1,160.14"
"2012","Norway","Purchasing power standard (PPS) per inhabitant","General hospitals","1,215.58"
"2013","Norway","Purchasing power standard (PPS) per inhabitant","General hospitals","1,251.71"
"2014","Norway","Purchasing power standard (PPS) per inhabitant","General hospitals","1,327.07"
"2015","Norway","Purchasing power standard (PPS) per inhabitant","General hospitals","1,383.66"
"2016","Norway","Purchasing power standard (PPS) per inhabitant","General hospitals","1,338.17"
"2017","Norway","Purchasing power standard (PPS) per inhabitant","General hospitals","1,316.93"
"2018","Norway","Purchasing power standard (PPS) per inhabitant","General hospitals","1,344.52"
"2003","Switzerland","Purchasing power standard (PPS) per inhabitant","General hospitals",":"
"2004","Switzerland","Purchasing power standard (PPS) per inhabitant","General hospitals",":"
"2005","Switzerland","Purchasing power standard (PPS) per inhabitant","General hospitals",":"
"2006","Switzerland","Purchasing power standard (PPS) per inhabitant","General hospitals",":"
"2007","Switzerland","Purchasing power standard (PPS) per inhabitant","General hospitals",":"
"2008","Switzerland","Purchasing power standard (PPS) per inhabitant","General hospitals",":"
"2009","Switzerland","Purchasing power standard (PPS) per inhabitant","General hospitals",":"
"2010","Switzerland","Purchasing power standard (PPS) per inhabitant","General hospitals","1,153.00"
"2011","Switzerland","Purchasing power standard (PPS) per inhabitant","General hospitals","1,187.55"
"2012","Switzerland","Purchasing power standard (PPS) per inhabitant","General hospitals","1,271.95"
"2013","Switzerland","Purchasing power standard (PPS) per inhabitant","General hospitals","1,318.90"
"2014","Switzerland","Purchasing power standard (PPS) per inhabitant","General hospitals","1,387.03"
"2015","Switzerland","Purchasing power standard (PPS) per inhabitant","General hospitals","1,479.75"
"2016","Switzerland","Purchasing power standard (PPS) per inhabitant","General hospitals","1,471.55"
"2017","Switzerland","Purchasing power standard (PPS) per inhabitant","General hospitals","1,476.04"
"2018","Switzerland","Purchasing power standard (PPS) per inhabitant","General hospitals",":"
