"TIME","GEO","UNIT","WSTATUS","ISCO08","Value"
"2003","Belgium","Per hundred thousand inhabitants","Practising","Medical doctors","285.71"
"2004","Belgium","Per hundred thousand inhabitants","Practising","Medical doctors","286.83"
"2005","Belgium","Per hundred thousand inhabitants","Practising","Medical doctors","287.07"
"2006","Belgium","Per hundred thousand inhabitants","Practising","Medical doctors","288.59"
"2007","Belgium","Per hundred thousand inhabitants","Practising","Medical doctors","290.50"
"2008","Belgium","Per hundred thousand inhabitants","Practising","Medical doctors","292.07"
"2009","Belgium","Per hundred thousand inhabitants","Practising","Medical doctors","292.48"
"2010","Belgium","Per hundred thousand inhabitants","Practising","Medical doctors","291.34"
"2011","Belgium","Per hundred thousand inhabitants","Practising","Medical doctors","291.55"
"2012","Belgium","Per hundred thousand inhabitants","Practising","Medical doctors","293.36"
"2013","Belgium","Per hundred thousand inhabitants","Practising","Medical doctors","295.71"
"2014","Belgium","Per hundred thousand inhabitants","Practising","Medical doctors","297.55"
"2015","Belgium","Per hundred thousand inhabitants","Practising","Medical doctors","301.75"
"2016","Belgium","Per hundred thousand inhabitants","Practising","Medical doctors","307.41"
"2017","Belgium","Per hundred thousand inhabitants","Practising","Medical doctors","308.29"
"2018","Belgium","Per hundred thousand inhabitants","Practising","Medical doctors","312.96"
"2003","Bulgaria","Per hundred thousand inhabitants","Practising","Medical doctors","361.76"
"2004","Bulgaria","Per hundred thousand inhabitants","Practising","Medical doctors","355.14"
"2005","Bulgaria","Per hundred thousand inhabitants","Practising","Medical doctors","367.86"
"2006","Bulgaria","Per hundred thousand inhabitants","Practising","Medical doctors","369.50"
"2007","Bulgaria","Per hundred thousand inhabitants","Practising","Medical doctors","369.53"
"2008","Bulgaria","Per hundred thousand inhabitants","Practising","Medical doctors","366.42"
"2009","Bulgaria","Per hundred thousand inhabitants","Practising","Medical doctors","375.47"
"2010","Bulgaria","Per hundred thousand inhabitants","Practising","Medical doctors","378.10"
"2011","Bulgaria","Per hundred thousand inhabitants","Practising","Medical doctors","386.26"
"2012","Bulgaria","Per hundred thousand inhabitants","Practising","Medical doctors","391.45"
"2013","Bulgaria","Per hundred thousand inhabitants","Practising","Medical doctors","397.67"
"2014","Bulgaria","Per hundred thousand inhabitants","Practising","Medical doctors","398.69"
"2015","Bulgaria","Per hundred thousand inhabitants","Practising","Medical doctors","404.54"
"2016","Bulgaria","Per hundred thousand inhabitants","Practising","Medical doctors","413.76"
"2017","Bulgaria","Per hundred thousand inhabitants","Practising","Medical doctors","424.49"
"2018","Bulgaria","Per hundred thousand inhabitants","Practising","Medical doctors","421.71"
"2003","Czechia","Per hundred thousand inhabitants","Practising","Medical doctors","352.76"
"2004","Czechia","Per hundred thousand inhabitants","Practising","Medical doctors","352.13"
"2005","Czechia","Per hundred thousand inhabitants","Practising","Medical doctors","356.28"
"2006","Czechia","Per hundred thousand inhabitants","Practising","Medical doctors","357.41"
"2007","Czechia","Per hundred thousand inhabitants","Practising","Medical doctors","357.47"
"2008","Czechia","Per hundred thousand inhabitants","Practising","Medical doctors","355.54"
"2009","Czechia","Per hundred thousand inhabitants","Practising","Medical doctors","357.63"
"2010","Czechia","Per hundred thousand inhabitants","Practising","Medical doctors","359.55"
"2011","Czechia","Per hundred thousand inhabitants","Practising","Medical doctors","363.67"
"2012","Czechia","Per hundred thousand inhabitants","Practising","Medical doctors","367.47"
"2013","Czechia","Per hundred thousand inhabitants","Practising","Medical doctors","368.79"
"2014","Czechia","Per hundred thousand inhabitants","Practising","Medical doctors",":"
"2015","Czechia","Per hundred thousand inhabitants","Practising","Medical doctors",":"
"2016","Czechia","Per hundred thousand inhabitants","Practising","Medical doctors",":"
"2017","Czechia","Per hundred thousand inhabitants","Practising","Medical doctors",":"
"2018","Czechia","Per hundred thousand inhabitants","Practising","Medical doctors","403.76"
"2003","Denmark","Per hundred thousand inhabitants","Practising","Medical doctors","308.09"
"2004","Denmark","Per hundred thousand inhabitants","Practising","Medical doctors","322.66"
"2005","Denmark","Per hundred thousand inhabitants","Practising","Medical doctors","333.47"
"2006","Denmark","Per hundred thousand inhabitants","Practising","Medical doctors","342.36"
"2007","Denmark","Per hundred thousand inhabitants","Practising","Medical doctors","345.81"
"2008","Denmark","Per hundred thousand inhabitants","Practising","Medical doctors","357.94"
"2009","Denmark","Per hundred thousand inhabitants","Practising","Medical doctors","365.12"
"2010","Denmark","Per hundred thousand inhabitants","Practising","Medical doctors","372.59"
"2011","Denmark","Per hundred thousand inhabitants","Practising","Medical doctors","378.92"
"2012","Denmark","Per hundred thousand inhabitants","Practising","Medical doctors","383.76"
"2013","Denmark","Per hundred thousand inhabitants","Practising","Medical doctors","384.94"
"2014","Denmark","Per hundred thousand inhabitants","Practising","Medical doctors","387.74"
"2015","Denmark","Per hundred thousand inhabitants","Practising","Medical doctors","392.93"
"2016","Denmark","Per hundred thousand inhabitants","Practising","Medical doctors","399.82"
"2017","Denmark","Per hundred thousand inhabitants","Practising","Medical doctors","410.89"
"2018","Denmark","Per hundred thousand inhabitants","Practising","Medical doctors","419.44"
"2003","Germany (until 1990 former territory of the FRG)","Per hundred thousand inhabitants","Practising","Medical doctors","335.19"
"2004","Germany (until 1990 former territory of the FRG)","Per hundred thousand inhabitants","Practising","Medical doctors","337.44"
"2005","Germany (until 1990 former territory of the FRG)","Per hundred thousand inhabitants","Practising","Medical doctors","339.53"
"2006","Germany (until 1990 former territory of the FRG)","Per hundred thousand inhabitants","Practising","Medical doctors","343.67"
"2007","Germany (until 1990 former territory of the FRG)","Per hundred thousand inhabitants","Practising","Medical doctors","348.63"
"2008","Germany (until 1990 former territory of the FRG)","Per hundred thousand inhabitants","Practising","Medical doctors","354.06"
"2009","Germany (until 1990 former territory of the FRG)","Per hundred thousand inhabitants","Practising","Medical doctors","361.89"
"2010","Germany (until 1990 former territory of the FRG)","Per hundred thousand inhabitants","Practising","Medical doctors","374.81"
"2011","Germany (until 1990 former territory of the FRG)","Per hundred thousand inhabitants","Practising","Medical doctors","387.70"
"2012","Germany (until 1990 former territory of the FRG)","Per hundred thousand inhabitants","Practising","Medical doctors","394.64"
"2013","Germany (until 1990 former territory of the FRG)","Per hundred thousand inhabitants","Practising","Medical doctors","403.50"
"2014","Germany (until 1990 former territory of the FRG)","Per hundred thousand inhabitants","Practising","Medical doctors","410.82"
"2015","Germany (until 1990 former territory of the FRG)","Per hundred thousand inhabitants","Practising","Medical doctors","413.93"
"2016","Germany (until 1990 former territory of the FRG)","Per hundred thousand inhabitants","Practising","Medical doctors","418.65"
"2017","Germany (until 1990 former territory of the FRG)","Per hundred thousand inhabitants","Practising","Medical doctors","424.88"
"2018","Germany (until 1990 former territory of the FRG)","Per hundred thousand inhabitants","Practising","Medical doctors","431.09"
"2003","Estonia","Per hundred thousand inhabitants","Practising","Medical doctors","299.62"
"2004","Estonia","Per hundred thousand inhabitants","Practising","Medical doctors","302.37"
"2005","Estonia","Per hundred thousand inhabitants","Practising","Medical doctors","314.22"
"2006","Estonia","Per hundred thousand inhabitants","Practising","Medical doctors","318.23"
"2007","Estonia","Per hundred thousand inhabitants","Practising","Medical doctors","325.95"
"2008","Estonia","Per hundred thousand inhabitants","Practising","Medical doctors","334.23"
"2009","Estonia","Per hundred thousand inhabitants","Practising","Medical doctors","328.06"
"2010","Estonia","Per hundred thousand inhabitants","Practising","Medical doctors","324.38"
"2011","Estonia","Per hundred thousand inhabitants","Practising","Medical doctors","329.36"
"2012","Estonia","Per hundred thousand inhabitants","Practising","Medical doctors","328.34"
"2013","Estonia","Per hundred thousand inhabitants","Practising","Medical doctors","333.46"
"2014","Estonia","Per hundred thousand inhabitants","Practising","Medical doctors","335.88"
"2015","Estonia","Per hundred thousand inhabitants","Practising","Medical doctors","341.49"
"2016","Estonia","Per hundred thousand inhabitants","Practising","Medical doctors","345.65"
"2017","Estonia","Per hundred thousand inhabitants","Practising","Medical doctors","346.82"
"2018","Estonia","Per hundred thousand inhabitants","Practising","Medical doctors","348.34"
"2003","Ireland","Per hundred thousand inhabitants","Practising","Medical doctors",":"
"2004","Ireland","Per hundred thousand inhabitants","Practising","Medical doctors",":"
"2005","Ireland","Per hundred thousand inhabitants","Practising","Medical doctors",":"
"2006","Ireland","Per hundred thousand inhabitants","Practising","Medical doctors",":"
"2007","Ireland","Per hundred thousand inhabitants","Practising","Medical doctors",":"
"2008","Ireland","Per hundred thousand inhabitants","Practising","Medical doctors",":"
"2009","Ireland","Per hundred thousand inhabitants","Practising","Medical doctors",":"
"2010","Ireland","Per hundred thousand inhabitants","Practising","Medical doctors",":"
"2011","Ireland","Per hundred thousand inhabitants","Practising","Medical doctors","266.70"
"2012","Ireland","Per hundred thousand inhabitants","Practising","Medical doctors","270.68"
"2013","Ireland","Per hundred thousand inhabitants","Practising","Medical doctors","267.46"
"2014","Ireland","Per hundred thousand inhabitants","Practising","Medical doctors","301.20"
"2015","Ireland","Per hundred thousand inhabitants","Practising","Medical doctors","311.91"
"2016","Ireland","Per hundred thousand inhabitants","Practising","Medical doctors","319.18"
"2017","Ireland","Per hundred thousand inhabitants","Practising","Medical doctors","325.75"
"2018","Ireland","Per hundred thousand inhabitants","Practising","Medical doctors","327.94"
"2003","Greece","Per hundred thousand inhabitants","Practising","Medical doctors",":"
"2004","Greece","Per hundred thousand inhabitants","Practising","Medical doctors",":"
"2005","Greece","Per hundred thousand inhabitants","Practising","Medical doctors",":"
"2006","Greece","Per hundred thousand inhabitants","Practising","Medical doctors",":"
"2007","Greece","Per hundred thousand inhabitants","Practising","Medical doctors",":"
"2008","Greece","Per hundred thousand inhabitants","Practising","Medical doctors",":"
"2009","Greece","Per hundred thousand inhabitants","Practising","Medical doctors",":"
"2010","Greece","Per hundred thousand inhabitants","Practising","Medical doctors",":"
"2011","Greece","Per hundred thousand inhabitants","Practising","Medical doctors",":"
"2012","Greece","Per hundred thousand inhabitants","Practising","Medical doctors",":"
"2013","Greece","Per hundred thousand inhabitants","Practising","Medical doctors",":"
"2014","Greece","Per hundred thousand inhabitants","Practising","Medical doctors",":"
"2015","Greece","Per hundred thousand inhabitants","Practising","Medical doctors",":"
"2016","Greece","Per hundred thousand inhabitants","Practising","Medical doctors",":"
"2017","Greece","Per hundred thousand inhabitants","Practising","Medical doctors",":"
"2018","Greece","Per hundred thousand inhabitants","Practising","Medical doctors",":"
"2003","Spain","Per hundred thousand inhabitants","Practising","Medical doctors","322.37"
"2004","Spain","Per hundred thousand inhabitants","Practising","Medical doctors","344.42"
"2005","Spain","Per hundred thousand inhabitants","Practising","Medical doctors","354.54"
"2006","Spain","Per hundred thousand inhabitants","Practising","Medical doctors","362.48"
"2007","Spain","Per hundred thousand inhabitants","Practising","Medical doctors","356.06"
"2008","Spain","Per hundred thousand inhabitants","Practising","Medical doctors","354.48"
"2009","Spain","Per hundred thousand inhabitants","Practising","Medical doctors","359.77"
"2010","Spain","Per hundred thousand inhabitants","Practising","Medical doctors","375.79"
"2011","Spain","Per hundred thousand inhabitants","Practising","Medical doctors","383.52"
"2012","Spain","Per hundred thousand inhabitants","Practising","Medical doctors","382.34"
"2013","Spain","Per hundred thousand inhabitants","Practising","Medical doctors","381.09"
"2014","Spain","Per hundred thousand inhabitants","Practising","Medical doctors","380.08"
"2015","Spain","Per hundred thousand inhabitants","Practising","Medical doctors","384.54"
"2016","Spain","Per hundred thousand inhabitants","Practising","Medical doctors","382.35"
"2017","Spain","Per hundred thousand inhabitants","Practising","Medical doctors","387.68"
"2018","Spain","Per hundred thousand inhabitants","Practising","Medical doctors","402.08"
"2003","France","Per hundred thousand inhabitants","Practising","Medical doctors","308.24"
"2004","France","Per hundred thousand inhabitants","Practising","Medical doctors","309.68"
"2005","France","Per hundred thousand inhabitants","Practising","Medical doctors","309.64"
"2006","France","Per hundred thousand inhabitants","Practising","Medical doctors","308.99"
"2007","France","Per hundred thousand inhabitants","Practising","Medical doctors","307.40"
"2008","France","Per hundred thousand inhabitants","Practising","Medical doctors","307.09"
"2009","France","Per hundred thousand inhabitants","Practising","Medical doctors","303.02"
"2010","France","Per hundred thousand inhabitants","Practising","Medical doctors","303.56"
"2011","France","Per hundred thousand inhabitants","Practising","Medical doctors","306.97"
"2012","France","Per hundred thousand inhabitants","Practising","Medical doctors","308.36"
"2013","France","Per hundred thousand inhabitants","Practising","Medical doctors","309.83"
"2014","France","Per hundred thousand inhabitants","Practising","Medical doctors","310.89"
"2015","France","Per hundred thousand inhabitants","Practising","Medical doctors","312.24"
"2016","France","Per hundred thousand inhabitants","Practising","Medical doctors","313.79"
"2017","France","Per hundred thousand inhabitants","Practising","Medical doctors","315.80"
"2018","France","Per hundred thousand inhabitants","Practising","Medical doctors","317.08"
"2003","France (metropolitan)","Per hundred thousand inhabitants","Practising","Medical doctors",":"
"2004","France (metropolitan)","Per hundred thousand inhabitants","Practising","Medical doctors",":"
"2005","France (metropolitan)","Per hundred thousand inhabitants","Practising","Medical doctors",":"
"2006","France (metropolitan)","Per hundred thousand inhabitants","Practising","Medical doctors",":"
"2007","France (metropolitan)","Per hundred thousand inhabitants","Practising","Medical doctors",":"
"2008","France (metropolitan)","Per hundred thousand inhabitants","Practising","Medical doctors",":"
"2009","France (metropolitan)","Per hundred thousand inhabitants","Practising","Medical doctors",":"
"2010","France (metropolitan)","Per hundred thousand inhabitants","Practising","Medical doctors",":"
"2011","France (metropolitan)","Per hundred thousand inhabitants","Practising","Medical doctors",":"
"2012","France (metropolitan)","Per hundred thousand inhabitants","Practising","Medical doctors",":"
"2013","France (metropolitan)","Per hundred thousand inhabitants","Practising","Medical doctors",":"
"2014","France (metropolitan)","Per hundred thousand inhabitants","Practising","Medical doctors",":"
"2015","France (metropolitan)","Per hundred thousand inhabitants","Practising","Medical doctors",":"
"2016","France (metropolitan)","Per hundred thousand inhabitants","Practising","Medical doctors",":"
"2017","France (metropolitan)","Per hundred thousand inhabitants","Practising","Medical doctors",":"
"2018","France (metropolitan)","Per hundred thousand inhabitants","Practising","Medical doctors",":"
"2003","Croatia","Per hundred thousand inhabitants","Practising","Medical doctors","251.30"
"2004","Croatia","Per hundred thousand inhabitants","Practising","Medical doctors","257.48"
"2005","Croatia","Per hundred thousand inhabitants","Practising","Medical doctors","257.44"
"2006","Croatia","Per hundred thousand inhabitants","Practising","Medical doctors","260.84"
"2007","Croatia","Per hundred thousand inhabitants","Practising","Medical doctors","273.58"
"2008","Croatia","Per hundred thousand inhabitants","Practising","Medical doctors","273.75"
"2009","Croatia","Per hundred thousand inhabitants","Practising","Medical doctors","274.32"
"2010","Croatia","Per hundred thousand inhabitants","Practising","Medical doctors","286.38"
"2011","Croatia","Per hundred thousand inhabitants","Practising","Medical doctors","291.62"
"2012","Croatia","Per hundred thousand inhabitants","Practising","Medical doctors","299.18"
"2013","Croatia","Per hundred thousand inhabitants","Practising","Medical doctors","303.35"
"2014","Croatia","Per hundred thousand inhabitants","Practising","Medical doctors","314.02"
"2015","Croatia","Per hundred thousand inhabitants","Practising","Medical doctors","319.15"
"2016","Croatia","Per hundred thousand inhabitants","Practising","Medical doctors","323.65"
"2017","Croatia","Per hundred thousand inhabitants","Practising","Medical doctors","336.21"
"2018","Croatia","Per hundred thousand inhabitants","Practising","Medical doctors","344.06"
"2003","Italy","Per hundred thousand inhabitants","Practising","Medical doctors","363.08"
"2004","Italy","Per hundred thousand inhabitants","Practising","Medical doctors","369.77"
"2005","Italy","Per hundred thousand inhabitants","Practising","Medical doctors","372.16"
"2006","Italy","Per hundred thousand inhabitants","Practising","Medical doctors","372.38"
"2007","Italy","Per hundred thousand inhabitants","Practising","Medical doctors","379.51"
"2008","Italy","Per hundred thousand inhabitants","Practising","Medical doctors","378.67"
"2009","Italy","Per hundred thousand inhabitants","Practising","Medical doctors","379.04"
"2010","Italy","Per hundred thousand inhabitants","Practising","Medical doctors","381.91"
"2011","Italy","Per hundred thousand inhabitants","Practising","Medical doctors","389.83"
"2012","Italy","Per hundred thousand inhabitants","Practising","Medical doctors","387.34"
"2013","Italy","Per hundred thousand inhabitants","Practising","Medical doctors","390.01"
"2014","Italy","Per hundred thousand inhabitants","Practising","Medical doctors","388.04"
"2015","Italy","Per hundred thousand inhabitants","Practising","Medical doctors","383.83"
"2016","Italy","Per hundred thousand inhabitants","Practising","Medical doctors","395.27"
"2017","Italy","Per hundred thousand inhabitants","Practising","Medical doctors","398.95"
"2018","Italy","Per hundred thousand inhabitants","Practising","Medical doctors","397.71"
"2003","Cyprus","Per hundred thousand inhabitants","Practising","Medical doctors","257.55"
"2004","Cyprus","Per hundred thousand inhabitants","Practising","Medical doctors","265.39"
"2005","Cyprus","Per hundred thousand inhabitants","Practising","Medical doctors","263.90"
"2006","Cyprus","Per hundred thousand inhabitants","Practising","Medical doctors","255.80"
"2007","Cyprus","Per hundred thousand inhabitants","Practising","Medical doctors","275.97"
"2008","Cyprus","Per hundred thousand inhabitants","Practising","Medical doctors","278.40"
"2009","Cyprus","Per hundred thousand inhabitants","Practising","Medical doctors","280.93"
"2010","Cyprus","Per hundred thousand inhabitants","Practising","Medical doctors","289.23"
"2011","Cyprus","Per hundred thousand inhabitants","Practising","Medical doctors","297.22"
"2012","Cyprus","Per hundred thousand inhabitants","Practising","Medical doctors","301.64"
"2013","Cyprus","Per hundred thousand inhabitants","Practising","Medical doctors","319.51"
"2014","Cyprus","Per hundred thousand inhabitants","Practising","Medical doctors","337.83"
"2015","Cyprus","Per hundred thousand inhabitants","Practising","Medical doctors","359.34"
"2016","Cyprus","Per hundred thousand inhabitants","Practising","Medical doctors","376.84"
"2017","Cyprus","Per hundred thousand inhabitants","Practising","Medical doctors","386.84"
"2018","Cyprus","Per hundred thousand inhabitants","Practising","Medical doctors","407.32"
"2003","Latvia","Per hundred thousand inhabitants","Practising","Medical doctors","283.13"
"2004","Latvia","Per hundred thousand inhabitants","Practising","Medical doctors","291.77"
"2005","Latvia","Per hundred thousand inhabitants","Practising","Medical doctors","296.05"
"2006","Latvia","Per hundred thousand inhabitants","Practising","Medical doctors","302.88"
"2007","Latvia","Per hundred thousand inhabitants","Practising","Medical doctors","314.32"
"2008","Latvia","Per hundred thousand inhabitants","Practising","Medical doctors","323.33"
"2009","Latvia","Per hundred thousand inhabitants","Practising","Medical doctors","315.31"
"2010","Latvia","Per hundred thousand inhabitants","Practising","Medical doctors","310.70"
"2011","Latvia","Per hundred thousand inhabitants","Practising","Medical doctors","313.44"
"2012","Latvia","Per hundred thousand inhabitants","Practising","Medical doctors","314.40"
"2013","Latvia","Per hundred thousand inhabitants","Practising","Medical doctors","319.13"
"2014","Latvia","Per hundred thousand inhabitants","Practising","Medical doctors","321.60"
"2015","Latvia","Per hundred thousand inhabitants","Practising","Medical doctors","319.79"
"2016","Latvia","Per hundred thousand inhabitants","Practising","Medical doctors","321.25"
"2017","Latvia","Per hundred thousand inhabitants","Practising","Medical doctors","320.50"
"2018","Latvia","Per hundred thousand inhabitants","Practising","Medical doctors","330.38"
"2003","Lithuania","Per hundred thousand inhabitants","Practising","Medical doctors","366.89"
"2004","Lithuania","Per hundred thousand inhabitants","Practising","Medical doctors","362.65"
"2005","Lithuania","Per hundred thousand inhabitants","Practising","Medical doctors","372.04"
"2006","Lithuania","Per hundred thousand inhabitants","Practising","Medical doctors","379.12"
"2007","Lithuania","Per hundred thousand inhabitants","Practising","Medical doctors","388.42"
"2008","Lithuania","Per hundred thousand inhabitants","Practising","Medical doctors","388.12"
"2009","Lithuania","Per hundred thousand inhabitants","Practising","Medical doctors","385.44"
"2010","Lithuania","Per hundred thousand inhabitants","Practising","Medical doctors","394.73"
"2011","Lithuania","Per hundred thousand inhabitants","Practising","Medical doctors","409.73"
"2012","Lithuania","Per hundred thousand inhabitants","Practising","Medical doctors","421.85"
"2013","Lithuania","Per hundred thousand inhabitants","Practising","Medical doctors","427.70"
"2014","Lithuania","Per hundred thousand inhabitants","Practising","Medical doctors","430.74"
"2015","Lithuania","Per hundred thousand inhabitants","Practising","Medical doctors","433.92"
"2016","Lithuania","Per hundred thousand inhabitants","Practising","Medical doctors","446.69"
"2017","Lithuania","Per hundred thousand inhabitants","Practising","Medical doctors","455.63"
"2018","Lithuania","Per hundred thousand inhabitants","Practising","Medical doctors","459.78"
"2003","Luxembourg","Per hundred thousand inhabitants","Practising","Medical doctors","237.81"
"2004","Luxembourg","Per hundred thousand inhabitants","Practising","Medical doctors","242.31"
"2005","Luxembourg","Per hundred thousand inhabitants","Practising","Medical doctors","254.97"
"2006","Luxembourg","Per hundred thousand inhabitants","Practising","Medical doctors","260.67"
"2007","Luxembourg","Per hundred thousand inhabitants","Practising","Medical doctors","268.34"
"2008","Luxembourg","Per hundred thousand inhabitants","Practising","Medical doctors","271.56"
"2009","Luxembourg","Per hundred thousand inhabitants","Practising","Medical doctors","270.40"
"2010","Luxembourg","Per hundred thousand inhabitants","Practising","Medical doctors","276.95"
"2011","Luxembourg","Per hundred thousand inhabitants","Practising","Medical doctors","277.81"
"2012","Luxembourg","Per hundred thousand inhabitants","Practising","Medical doctors","280.63"
"2013","Luxembourg","Per hundred thousand inhabitants","Practising","Medical doctors","283.05"
"2014","Luxembourg","Per hundred thousand inhabitants","Practising","Medical doctors","288.14"
"2015","Luxembourg","Per hundred thousand inhabitants","Practising","Medical doctors","290.73"
"2016","Luxembourg","Per hundred thousand inhabitants","Practising","Medical doctors","288.45"
"2017","Luxembourg","Per hundred thousand inhabitants","Practising","Medical doctors","298.49"
"2018","Luxembourg","Per hundred thousand inhabitants","Practising","Medical doctors",":"
"2003","Hungary","Per hundred thousand inhabitants","Practising","Medical doctors","324.68"
"2004","Hungary","Per hundred thousand inhabitants","Practising","Medical doctors","333.69"
"2005","Hungary","Per hundred thousand inhabitants","Practising","Medical doctors","278.13"
"2006","Hungary","Per hundred thousand inhabitants","Practising","Medical doctors","303.58"
"2007","Hungary","Per hundred thousand inhabitants","Practising","Medical doctors","280.33"
"2008","Hungary","Per hundred thousand inhabitants","Practising","Medical doctors","309.06"
"2009","Hungary","Per hundred thousand inhabitants","Practising","Medical doctors","302.08"
"2010","Hungary","Per hundred thousand inhabitants","Practising","Medical doctors","286.86"
"2011","Hungary","Per hundred thousand inhabitants","Practising","Medical doctors","296.22"
"2012","Hungary","Per hundred thousand inhabitants","Practising","Medical doctors","308.87"
"2013","Hungary","Per hundred thousand inhabitants","Practising","Medical doctors","320.91"
"2014","Hungary","Per hundred thousand inhabitants","Practising","Medical doctors","332.35"
"2015","Hungary","Per hundred thousand inhabitants","Practising","Medical doctors","309.72"
"2016","Hungary","Per hundred thousand inhabitants","Practising","Medical doctors","321.12"
"2017","Hungary","Per hundred thousand inhabitants","Practising","Medical doctors","332.48"
"2018","Hungary","Per hundred thousand inhabitants","Practising","Medical doctors","338.37"
"2003","Malta","Per hundred thousand inhabitants","Practising","Medical doctors",":"
"2004","Malta","Per hundred thousand inhabitants","Practising","Medical doctors",":"
"2005","Malta","Per hundred thousand inhabitants","Practising","Medical doctors",":"
"2006","Malta","Per hundred thousand inhabitants","Practising","Medical doctors",":"
"2007","Malta","Per hundred thousand inhabitants","Practising","Medical doctors",":"
"2008","Malta","Per hundred thousand inhabitants","Practising","Medical doctors",":"
"2009","Malta","Per hundred thousand inhabitants","Practising","Medical doctors","304.74"
"2010","Malta","Per hundred thousand inhabitants","Practising","Medical doctors","308.56"
"2011","Malta","Per hundred thousand inhabitants","Practising","Medical doctors","316.86"
"2012","Malta","Per hundred thousand inhabitants","Practising","Medical doctors","328.79"
"2013","Malta","Per hundred thousand inhabitants","Practising","Medical doctors","344.16"
"2014","Malta","Per hundred thousand inhabitants","Practising","Medical doctors","360.37"
"2015","Malta","Per hundred thousand inhabitants","Practising","Medical doctors","367.60"
"2016","Malta","Per hundred thousand inhabitants","Practising","Medical doctors","382.78"
"2017","Malta","Per hundred thousand inhabitants","Practising","Medical doctors","396.37"
"2018","Malta","Per hundred thousand inhabitants","Practising","Medical doctors","397.21"
"2003","Netherlands","Per hundred thousand inhabitants","Practising","Medical doctors",":"
"2004","Netherlands","Per hundred thousand inhabitants","Practising","Medical doctors",":"
"2005","Netherlands","Per hundred thousand inhabitants","Practising","Medical doctors",":"
"2006","Netherlands","Per hundred thousand inhabitants","Practising","Medical doctors",":"
"2007","Netherlands","Per hundred thousand inhabitants","Practising","Medical doctors",":"
"2008","Netherlands","Per hundred thousand inhabitants","Practising","Medical doctors",":"
"2009","Netherlands","Per hundred thousand inhabitants","Practising","Medical doctors",":"
"2010","Netherlands","Per hundred thousand inhabitants","Practising","Medical doctors",":"
"2011","Netherlands","Per hundred thousand inhabitants","Practising","Medical doctors",":"
"2012","Netherlands","Per hundred thousand inhabitants","Practising","Medical doctors",":"
"2013","Netherlands","Per hundred thousand inhabitants","Practising","Medical doctors",":"
"2014","Netherlands","Per hundred thousand inhabitants","Practising","Medical doctors","342.50"
"2015","Netherlands","Per hundred thousand inhabitants","Practising","Medical doctors","349.14"
"2016","Netherlands","Per hundred thousand inhabitants","Practising","Medical doctors","353.68"
"2017","Netherlands","Per hundred thousand inhabitants","Practising","Medical doctors","360.33"
"2018","Netherlands","Per hundred thousand inhabitants","Practising","Medical doctors","366.96"
"2003","Austria","Per hundred thousand inhabitants","Practising","Medical doctors","411.38"
"2004","Austria","Per hundred thousand inhabitants","Practising","Medical doctors","420.14"
"2005","Austria","Per hundred thousand inhabitants","Practising","Medical doctors","431.68"
"2006","Austria","Per hundred thousand inhabitants","Practising","Medical doctors","444.96"
"2007","Austria","Per hundred thousand inhabitants","Practising","Medical doctors","453.78"
"2008","Austria","Per hundred thousand inhabitants","Practising","Medical doctors","460.41"
"2009","Austria","Per hundred thousand inhabitants","Practising","Medical doctors","468.91"
"2010","Austria","Per hundred thousand inhabitants","Practising","Medical doctors","479.53"
"2011","Austria","Per hundred thousand inhabitants","Practising","Medical doctors","484.22"
"2012","Austria","Per hundred thousand inhabitants","Practising","Medical doctors","489.54"
"2013","Austria","Per hundred thousand inhabitants","Practising","Medical doctors","498.85"
"2014","Austria","Per hundred thousand inhabitants","Practising","Medical doctors","504.61"
"2015","Austria","Per hundred thousand inhabitants","Practising","Medical doctors","509.12"
"2016","Austria","Per hundred thousand inhabitants","Practising","Medical doctors","512.96"
"2017","Austria","Per hundred thousand inhabitants","Practising","Medical doctors","518.28"
"2018","Austria","Per hundred thousand inhabitants","Practising","Medical doctors","524.14"
"2003","Poland","Per hundred thousand inhabitants","Practising","Medical doctors","243.38"
"2004","Poland","Per hundred thousand inhabitants","Practising","Medical doctors","229.01"
"2005","Poland","Per hundred thousand inhabitants","Practising","Medical doctors","213.81"
"2006","Poland","Per hundred thousand inhabitants","Practising","Medical doctors","217.92"
"2007","Poland","Per hundred thousand inhabitants","Practising","Medical doctors","219.09"
"2008","Poland","Per hundred thousand inhabitants","Practising","Medical doctors","216.12"
"2009","Poland","Per hundred thousand inhabitants","Practising","Medical doctors","217.47"
"2010","Poland","Per hundred thousand inhabitants","Practising","Medical doctors","218.70"
"2011","Poland","Per hundred thousand inhabitants","Practising","Medical doctors","221.27"
"2012","Poland","Per hundred thousand inhabitants","Practising","Medical doctors","223.38"
"2013","Poland","Per hundred thousand inhabitants","Practising","Medical doctors","224.09"
"2014","Poland","Per hundred thousand inhabitants","Practising","Medical doctors","230.68"
"2015","Poland","Per hundred thousand inhabitants","Practising","Medical doctors","232.81"
"2016","Poland","Per hundred thousand inhabitants","Practising","Medical doctors","241.58"
"2017","Poland","Per hundred thousand inhabitants","Practising","Medical doctors","237.75"
"2018","Poland","Per hundred thousand inhabitants","Practising","Medical doctors",":"
"2003","Portugal","Per hundred thousand inhabitants","Practising","Medical doctors",":"
"2004","Portugal","Per hundred thousand inhabitants","Practising","Medical doctors",":"
"2005","Portugal","Per hundred thousand inhabitants","Practising","Medical doctors",":"
"2006","Portugal","Per hundred thousand inhabitants","Practising","Medical doctors",":"
"2007","Portugal","Per hundred thousand inhabitants","Practising","Medical doctors",":"
"2008","Portugal","Per hundred thousand inhabitants","Practising","Medical doctors",":"
"2009","Portugal","Per hundred thousand inhabitants","Practising","Medical doctors",":"
"2010","Portugal","Per hundred thousand inhabitants","Practising","Medical doctors",":"
"2011","Portugal","Per hundred thousand inhabitants","Practising","Medical doctors",":"
"2012","Portugal","Per hundred thousand inhabitants","Practising","Medical doctors",":"
"2013","Portugal","Per hundred thousand inhabitants","Practising","Medical doctors",":"
"2014","Portugal","Per hundred thousand inhabitants","Practising","Medical doctors",":"
"2015","Portugal","Per hundred thousand inhabitants","Practising","Medical doctors",":"
"2016","Portugal","Per hundred thousand inhabitants","Practising","Medical doctors",":"
"2017","Portugal","Per hundred thousand inhabitants","Practising","Medical doctors",":"
"2018","Portugal","Per hundred thousand inhabitants","Practising","Medical doctors",":"
"2003","Romania","Per hundred thousand inhabitants","Practising","Medical doctors","199.32"
"2004","Romania","Per hundred thousand inhabitants","Practising","Medical doctors","207.80"
"2005","Romania","Per hundred thousand inhabitants","Practising","Medical doctors","217.12"
"2006","Romania","Per hundred thousand inhabitants","Practising","Medical doctors","215.57"
"2007","Romania","Per hundred thousand inhabitants","Practising","Medical doctors","212.13"
"2008","Romania","Per hundred thousand inhabitants","Practising","Medical doctors","221.33"
"2009","Romania","Per hundred thousand inhabitants","Practising","Medical doctors","225.71"
"2010","Romania","Per hundred thousand inhabitants","Practising","Medical doctors","236.86"
"2011","Romania","Per hundred thousand inhabitants","Practising","Medical doctors","246.46"
"2012","Romania","Per hundred thousand inhabitants","Practising","Medical doctors","261.05"
"2013","Romania","Per hundred thousand inhabitants","Practising","Medical doctors","264.36"
"2014","Romania","Per hundred thousand inhabitants","Practising","Medical doctors","269.83"
"2015","Romania","Per hundred thousand inhabitants","Practising","Medical doctors","276.58"
"2016","Romania","Per hundred thousand inhabitants","Practising","Medical doctors","284.10"
"2017","Romania","Per hundred thousand inhabitants","Practising","Medical doctors","292.68"
"2018","Romania","Per hundred thousand inhabitants","Practising","Medical doctors","304.70"
"2003","Slovenia","Per hundred thousand inhabitants","Practising","Medical doctors","224.73"
"2004","Slovenia","Per hundred thousand inhabitants","Practising","Medical doctors","229.79"
"2005","Slovenia","Per hundred thousand inhabitants","Practising","Medical doctors","234.54"
"2006","Slovenia","Per hundred thousand inhabitants","Practising","Medical doctors","236.19"
"2007","Slovenia","Per hundred thousand inhabitants","Practising","Medical doctors","239.46"
"2008","Slovenia","Per hundred thousand inhabitants","Practising","Medical doctors","240.14"
"2009","Slovenia","Per hundred thousand inhabitants","Practising","Medical doctors","240.97"
"2010","Slovenia","Per hundred thousand inhabitants","Practising","Medical doctors","243.05"
"2011","Slovenia","Per hundred thousand inhabitants","Practising","Medical doctors","249.46"
"2012","Slovenia","Per hundred thousand inhabitants","Practising","Medical doctors","254.14"
"2013","Slovenia","Per hundred thousand inhabitants","Practising","Medical doctors","262.92"
"2014","Slovenia","Per hundred thousand inhabitants","Practising","Medical doctors","277.02"
"2015","Slovenia","Per hundred thousand inhabitants","Practising","Medical doctors","282.53"
"2016","Slovenia","Per hundred thousand inhabitants","Practising","Medical doctors","301.40"
"2017","Slovenia","Per hundred thousand inhabitants","Practising","Medical doctors","310.11"
"2018","Slovenia","Per hundred thousand inhabitants","Practising","Medical doctors","317.81"
"2003","Slovakia","Per hundred thousand inhabitants","Practising","Medical doctors","314.98"
"2004","Slovakia","Per hundred thousand inhabitants","Practising","Medical doctors","315.29"
"2005","Slovakia","Per hundred thousand inhabitants","Practising","Medical doctors",":"
"2006","Slovakia","Per hundred thousand inhabitants","Practising","Medical doctors",":"
"2007","Slovakia","Per hundred thousand inhabitants","Practising","Medical doctors",":"
"2008","Slovakia","Per hundred thousand inhabitants","Practising","Medical doctors",":"
"2009","Slovakia","Per hundred thousand inhabitants","Practising","Medical doctors",":"
"2010","Slovakia","Per hundred thousand inhabitants","Practising","Medical doctors",":"
"2011","Slovakia","Per hundred thousand inhabitants","Practising","Medical doctors",":"
"2012","Slovakia","Per hundred thousand inhabitants","Practising","Medical doctors",":"
"2013","Slovakia","Per hundred thousand inhabitants","Practising","Medical doctors",":"
"2014","Slovakia","Per hundred thousand inhabitants","Practising","Medical doctors",":"
"2015","Slovakia","Per hundred thousand inhabitants","Practising","Medical doctors",":"
"2016","Slovakia","Per hundred thousand inhabitants","Practising","Medical doctors",":"
"2017","Slovakia","Per hundred thousand inhabitants","Practising","Medical doctors",":"
"2018","Slovakia","Per hundred thousand inhabitants","Practising","Medical doctors",":"
"2003","Finland","Per hundred thousand inhabitants","Practising","Medical doctors","256.38"
"2004","Finland","Per hundred thousand inhabitants","Practising","Medical doctors","259.04"
"2005","Finland","Per hundred thousand inhabitants","Practising","Medical doctors","263.40"
"2006","Finland","Per hundred thousand inhabitants","Practising","Medical doctors","268.20"
"2007","Finland","Per hundred thousand inhabitants","Practising","Medical doctors","268.87"
"2008","Finland","Per hundred thousand inhabitants","Practising","Medical doctors","272.05"
"2009","Finland","Per hundred thousand inhabitants","Practising","Medical doctors","282.64"
"2010","Finland","Per hundred thousand inhabitants","Practising","Medical doctors","298.88"
"2011","Finland","Per hundred thousand inhabitants","Practising","Medical doctors","298.61"
"2012","Finland","Per hundred thousand inhabitants","Practising","Medical doctors","306.87"
"2013","Finland","Per hundred thousand inhabitants","Practising","Medical doctors","314.69"
"2014","Finland","Per hundred thousand inhabitants","Practising","Medical doctors","320.63"
"2015","Finland","Per hundred thousand inhabitants","Practising","Medical doctors",":"
"2016","Finland","Per hundred thousand inhabitants","Practising","Medical doctors",":"
"2017","Finland","Per hundred thousand inhabitants","Practising","Medical doctors",":"
"2018","Finland","Per hundred thousand inhabitants","Practising","Medical doctors",":"
"2003","Sweden","Per hundred thousand inhabitants","Practising","Medical doctors","328.29"
"2004","Sweden","Per hundred thousand inhabitants","Practising","Medical doctors","337.26"
"2005","Sweden","Per hundred thousand inhabitants","Practising","Medical doctors","345.43"
"2006","Sweden","Per hundred thousand inhabitants","Practising","Medical doctors","354.32"
"2007","Sweden","Per hundred thousand inhabitants","Practising","Medical doctors","362.62"
"2008","Sweden","Per hundred thousand inhabitants","Practising","Medical doctors","368.16"
"2009","Sweden","Per hundred thousand inhabitants","Practising","Medical doctors","374.96"
"2010","Sweden","Per hundred thousand inhabitants","Practising","Medical doctors","380.76"
"2011","Sweden","Per hundred thousand inhabitants","Practising","Medical doctors","388.85"
"2012","Sweden","Per hundred thousand inhabitants","Practising","Medical doctors","396.76"
"2013","Sweden","Per hundred thousand inhabitants","Practising","Medical doctors","404.33"
"2014","Sweden","Per hundred thousand inhabitants","Practising","Medical doctors","410.88"
"2015","Sweden","Per hundred thousand inhabitants","Practising","Medical doctors","417.37"
"2016","Sweden","Per hundred thousand inhabitants","Practising","Medical doctors","423.18"
"2017","Sweden","Per hundred thousand inhabitants","Practising","Medical doctors","426.52"
"2018","Sweden","Per hundred thousand inhabitants","Practising","Medical doctors",":"
"2003","United Kingdom","Per hundred thousand inhabitants","Practising","Medical doctors","218.95"
"2004","United Kingdom","Per hundred thousand inhabitants","Practising","Medical doctors","232.04"
"2005","United Kingdom","Per hundred thousand inhabitants","Practising","Medical doctors","239.70"
"2006","United Kingdom","Per hundred thousand inhabitants","Practising","Medical doctors","244.87"
"2007","United Kingdom","Per hundred thousand inhabitants","Practising","Medical doctors","248.17"
"2008","United Kingdom","Per hundred thousand inhabitants","Practising","Medical doctors","256.60"
"2009","United Kingdom","Per hundred thousand inhabitants","Practising","Medical doctors","264.32"
"2010","United Kingdom","Per hundred thousand inhabitants","Practising","Medical doctors","264.87"
"2011","United Kingdom","Per hundred thousand inhabitants","Practising","Medical doctors","268.61"
"2012","United Kingdom","Per hundred thousand inhabitants","Practising","Medical doctors","269.62"
"2013","United Kingdom","Per hundred thousand inhabitants","Practising","Medical doctors","271.29"
"2014","United Kingdom","Per hundred thousand inhabitants","Practising","Medical doctors","274.53"
"2015","United Kingdom","Per hundred thousand inhabitants","Practising","Medical doctors","277.11"
"2016","United Kingdom","Per hundred thousand inhabitants","Practising","Medical doctors","278.20"
"2017","United Kingdom","Per hundred thousand inhabitants","Practising","Medical doctors","281.10"
"2018","United Kingdom","Per hundred thousand inhabitants","Practising","Medical doctors","284.05"
"2003","Iceland","Per hundred thousand inhabitants","Practising","Medical doctors","361.63"
"2004","Iceland","Per hundred thousand inhabitants","Practising","Medical doctors","361.55"
"2005","Iceland","Per hundred thousand inhabitants","Practising","Medical doctors","361.27"
"2006","Iceland","Per hundred thousand inhabitants","Practising","Medical doctors","360.46"
"2007","Iceland","Per hundred thousand inhabitants","Practising","Medical doctors","361.40"
"2008","Iceland","Per hundred thousand inhabitants","Practising","Medical doctors","364.19"
"2009","Iceland","Per hundred thousand inhabitants","Practising","Medical doctors","364.84"
"2010","Iceland","Per hundred thousand inhabitants","Practising","Medical doctors","359.07"
"2011","Iceland","Per hundred thousand inhabitants","Practising","Medical doctors","350.46"
"2012","Iceland","Per hundred thousand inhabitants","Practising","Medical doctors","356.08"
"2013","Iceland","Per hundred thousand inhabitants","Practising","Medical doctors","360.76"
"2014","Iceland","Per hundred thousand inhabitants","Practising","Medical doctors","364.40"
"2015","Iceland","Per hundred thousand inhabitants","Practising","Medical doctors","377.55"
"2016","Iceland","Per hundred thousand inhabitants","Practising","Medical doctors","385.17"
"2017","Iceland","Per hundred thousand inhabitants","Practising","Medical doctors","387.30"
"2018","Iceland","Per hundred thousand inhabitants","Practising","Medical doctors","389.26"
"2003","Liechtenstein","Per hundred thousand inhabitants","Practising","Medical doctors","187.80"
"2004","Liechtenstein","Per hundred thousand inhabitants","Practising","Medical doctors","197.40"
"2005","Liechtenstein","Per hundred thousand inhabitants","Practising","Medical doctors","224.44"
"2006","Liechtenstein","Per hundred thousand inhabitants","Practising","Medical doctors","228.33"
"2007","Liechtenstein","Per hundred thousand inhabitants","Practising","Medical doctors","226.87"
"2008","Liechtenstein","Per hundred thousand inhabitants","Practising","Medical doctors","239.62"
"2009","Liechtenstein","Per hundred thousand inhabitants","Practising","Medical doctors","249.01"
"2010","Liechtenstein","Per hundred thousand inhabitants","Practising","Medical doctors","288.72"
"2011","Liechtenstein","Per hundred thousand inhabitants","Practising","Medical doctors","305.68"
"2012","Liechtenstein","Per hundred thousand inhabitants","Practising","Medical doctors","316.45"
"2013","Liechtenstein","Per hundred thousand inhabitants","Practising","Medical doctors","324.47"
"2014","Liechtenstein","Per hundred thousand inhabitants","Practising","Medical doctors","319.48"
"2015","Liechtenstein","Per hundred thousand inhabitants","Practising","Medical doctors","320.05"
"2016","Liechtenstein","Per hundred thousand inhabitants","Practising","Medical doctors","328.77"
"2017","Liechtenstein","Per hundred thousand inhabitants","Practising","Medical doctors","363.52"
"2018","Liechtenstein","Per hundred thousand inhabitants","Practising","Medical doctors","352.98"
"2003","Norway","Per hundred thousand inhabitants","Practising","Medical doctors","327.50"
"2004","Norway","Per hundred thousand inhabitants","Practising","Medical doctors","344.37"
"2005","Norway","Per hundred thousand inhabitants","Practising","Medical doctors","361.95"
"2006","Norway","Per hundred thousand inhabitants","Practising","Medical doctors","379.07"
"2007","Norway","Per hundred thousand inhabitants","Practising","Medical doctors","389.79"
"2008","Norway","Per hundred thousand inhabitants","Practising","Medical doctors","400.32"
"2009","Norway","Per hundred thousand inhabitants","Practising","Medical doctors","404.79"
"2010","Norway","Per hundred thousand inhabitants","Practising","Medical doctors","411.39"
"2011","Norway","Per hundred thousand inhabitants","Practising","Medical doctors","418.81"
"2012","Norway","Per hundred thousand inhabitants","Practising","Medical doctors","423.19"
"2013","Norway","Per hundred thousand inhabitants","Practising","Medical doctors","430.62"
"2014","Norway","Per hundred thousand inhabitants","Practising","Medical doctors","442.92"
"2015","Norway","Per hundred thousand inhabitants","Practising","Medical doctors","440.35"
"2016","Norway","Per hundred thousand inhabitants","Practising","Medical doctors","451.22"
"2017","Norway","Per hundred thousand inhabitants","Practising","Medical doctors","465.85"
"2018","Norway","Per hundred thousand inhabitants","Practising","Medical doctors","480.77"
"2003","Switzerland","Per hundred thousand inhabitants","Practising","Medical doctors","365.50"
"2004","Switzerland","Per hundred thousand inhabitants","Practising","Medical doctors","369.32"
"2005","Switzerland","Per hundred thousand inhabitants","Practising","Medical doctors","373.68"
"2006","Switzerland","Per hundred thousand inhabitants","Practising","Medical doctors","378.72"
"2007","Switzerland","Per hundred thousand inhabitants","Practising","Medical doctors","378.47"
"2008","Switzerland","Per hundred thousand inhabitants","Practising","Medical doctors","381.74"
"2009","Switzerland","Per hundred thousand inhabitants","Practising","Medical doctors","383.27"
"2010","Switzerland","Per hundred thousand inhabitants","Practising","Medical doctors","380.72"
"2011","Switzerland","Per hundred thousand inhabitants","Practising","Medical doctors","383.28"
"2012","Switzerland","Per hundred thousand inhabitants","Practising","Medical doctors","391.57"
"2013","Switzerland","Per hundred thousand inhabitants","Practising","Medical doctors","404.00"
"2014","Switzerland","Per hundred thousand inhabitants","Practising","Medical doctors","412.58"
"2015","Switzerland","Per hundred thousand inhabitants","Practising","Medical doctors","419.71"
"2016","Switzerland","Per hundred thousand inhabitants","Practising","Medical doctors","425.06"
"2017","Switzerland","Per hundred thousand inhabitants","Practising","Medical doctors","429.78"
"2018","Switzerland","Per hundred thousand inhabitants","Practising","Medical doctors","433.86"
