"TIME","GEO","UNIT","WSTATUS","ISCO08","Value"
"2003","Belgium","Per hundred thousand inhabitants","Practising","Nurses and midwives",":"
"2004","Belgium","Per hundred thousand inhabitants","Practising","Nurses and midwives","923.30"
"2005","Belgium","Per hundred thousand inhabitants","Practising","Nurses and midwives","946.58"
"2006","Belgium","Per hundred thousand inhabitants","Practising","Nurses and midwives","959.70"
"2007","Belgium","Per hundred thousand inhabitants","Practising","Nurses and midwives","971.89"
"2008","Belgium","Per hundred thousand inhabitants","Practising","Nurses and midwives","981.79"
"2009","Belgium","Per hundred thousand inhabitants","Practising","Nurses and midwives","993.98"
"2010","Belgium","Per hundred thousand inhabitants","Practising","Nurses and midwives","1,011.01"
"2011","Belgium","Per hundred thousand inhabitants","Practising","Nurses and midwives","1,036.72"
"2012","Belgium","Per hundred thousand inhabitants","Practising","Nurses and midwives","1,060.54"
"2013","Belgium","Per hundred thousand inhabitants","Practising","Nurses and midwives","1,090.29"
"2014","Belgium","Per hundred thousand inhabitants","Practising","Nurses and midwives","1,120.35"
"2015","Belgium","Per hundred thousand inhabitants","Practising","Nurses and midwives",":"
"2016","Belgium","Per hundred thousand inhabitants","Practising","Nurses and midwives",":"
"2017","Belgium","Per hundred thousand inhabitants","Practising","Nurses and midwives","1,191.22"
"2018","Belgium","Per hundred thousand inhabitants","Practising","Nurses and midwives",":"
"2003","Bulgaria","Per hundred thousand inhabitants","Practising","Nurses and midwives","425.78"
"2004","Bulgaria","Per hundred thousand inhabitants","Practising","Nurses and midwives","430.05"
"2005","Bulgaria","Per hundred thousand inhabitants","Practising","Nurses and midwives","452.93"
"2006","Bulgaria","Per hundred thousand inhabitants","Practising","Nurses and midwives","460.83"
"2007","Bulgaria","Per hundred thousand inhabitants","Practising","Nurses and midwives","472.41"
"2008","Bulgaria","Per hundred thousand inhabitants","Practising","Nurses and midwives","475.81"
"2009","Bulgaria","Per hundred thousand inhabitants","Practising","Nurses and midwives","473.51"
"2010","Bulgaria","Per hundred thousand inhabitants","Practising","Nurses and midwives","473.70"
"2011","Bulgaria","Per hundred thousand inhabitants","Practising","Nurses and midwives","474.65"
"2012","Bulgaria","Per hundred thousand inhabitants","Practising","Nurses and midwives","483.86"
"2013","Bulgaria","Per hundred thousand inhabitants","Practising","Nurses and midwives","491.82"
"2014","Bulgaria","Per hundred thousand inhabitants","Practising","Nurses and midwives","486.99"
"2015","Bulgaria","Per hundred thousand inhabitants","Practising","Nurses and midwives","483.02"
"2016","Bulgaria","Per hundred thousand inhabitants","Practising","Nurses and midwives","480.23"
"2017","Bulgaria","Per hundred thousand inhabitants","Practising","Nurses and midwives","482.79"
"2018","Bulgaria","Per hundred thousand inhabitants","Practising","Nurses and midwives","480.34"
"2003","Czechia","Per hundred thousand inhabitants","Practising","Nurses and midwives","845.16"
"2004","Czechia","Per hundred thousand inhabitants","Practising","Nurses and midwives","853.99"
"2005","Czechia","Per hundred thousand inhabitants","Practising","Nurses and midwives","853.51"
"2006","Czechia","Per hundred thousand inhabitants","Practising","Nurses and midwives","848.66"
"2007","Czechia","Per hundred thousand inhabitants","Practising","Nurses and midwives","844.65"
"2008","Czechia","Per hundred thousand inhabitants","Practising","Nurses and midwives","838.45"
"2009","Czechia","Per hundred thousand inhabitants","Practising","Nurses and midwives","850.96"
"2010","Czechia","Per hundred thousand inhabitants","Practising","Nurses and midwives","851.91"
"2011","Czechia","Per hundred thousand inhabitants","Practising","Nurses and midwives","846.10"
"2012","Czechia","Per hundred thousand inhabitants","Practising","Nurses and midwives","848.29"
"2013","Czechia","Per hundred thousand inhabitants","Practising","Nurses and midwives","841.00"
"2014","Czechia","Per hundred thousand inhabitants","Practising","Nurses and midwives","834.01"
"2015","Czechia","Per hundred thousand inhabitants","Practising","Nurses and midwives","841.49"
"2016","Czechia","Per hundred thousand inhabitants","Practising","Nurses and midwives","844.27"
"2017","Czechia","Per hundred thousand inhabitants","Practising","Nurses and midwives","843.24"
"2018","Czechia","Per hundred thousand inhabitants","Practising","Nurses and midwives","845.29"
"2003","Denmark","Per hundred thousand inhabitants","Practising","Nurses and midwives","952.79"
"2004","Denmark","Per hundred thousand inhabitants","Practising","Nurses and midwives","968.60"
"2005","Denmark","Per hundred thousand inhabitants","Practising","Nurses and midwives","983.20"
"2006","Denmark","Per hundred thousand inhabitants","Practising","Nurses and midwives","980.31"
"2007","Denmark","Per hundred thousand inhabitants","Practising","Nurses and midwives","955.54"
"2008","Denmark","Per hundred thousand inhabitants","Practising","Nurses and midwives","982.39"
"2009","Denmark","Per hundred thousand inhabitants","Practising","Nurses and midwives","1,008.04"
"2010","Denmark","Per hundred thousand inhabitants","Practising","Nurses and midwives","1,011.07"
"2011","Denmark","Per hundred thousand inhabitants","Practising","Nurses and midwives","1,016.63"
"2012","Denmark","Per hundred thousand inhabitants","Practising","Nurses and midwives","1,026.49"
"2013","Denmark","Per hundred thousand inhabitants","Practising","Nurses and midwives","1,027.47"
"2014","Denmark","Per hundred thousand inhabitants","Practising","Nurses and midwives","1,025.91"
"2015","Denmark","Per hundred thousand inhabitants","Practising","Nurses and midwives","1,025.08"
"2016","Denmark","Per hundred thousand inhabitants","Practising","Nurses and midwives","1,028.94"
"2017","Denmark","Per hundred thousand inhabitants","Practising","Nurses and midwives","1,037.97"
"2018","Denmark","Per hundred thousand inhabitants","Practising","Nurses and midwives","1,045.99"
"2003","Germany (until 1990 former territory of the FRG)","Per hundred thousand inhabitants","Practising","Nurses and midwives","1,060.17"
"2004","Germany (until 1990 former territory of the FRG)","Per hundred thousand inhabitants","Practising","Nurses and midwives","1,071.30"
"2005","Germany (until 1990 former territory of the FRG)","Per hundred thousand inhabitants","Practising","Nurses and midwives","1,087.68"
"2006","Germany (until 1990 former territory of the FRG)","Per hundred thousand inhabitants","Practising","Nurses and midwives","1,099.83"
"2007","Germany (until 1990 former territory of the FRG)","Per hundred thousand inhabitants","Practising","Nurses and midwives","1,115.89"
"2008","Germany (until 1990 former territory of the FRG)","Per hundred thousand inhabitants","Practising","Nurses and midwives","1,137.50"
"2009","Germany (until 1990 former territory of the FRG)","Per hundred thousand inhabitants","Practising","Nurses and midwives","1,167.24"
"2010","Germany (until 1990 former territory of the FRG)","Per hundred thousand inhabitants","Practising","Nurses and midwives","1,188.71"
"2011","Germany (until 1990 former territory of the FRG)","Per hundred thousand inhabitants","Practising","Nurses and midwives","1,214.58"
"2012","Germany (until 1990 former territory of the FRG)","Per hundred thousand inhabitants","Practising","Nurses and midwives","1,223.49"
"2013","Germany (until 1990 former territory of the FRG)","Per hundred thousand inhabitants","Practising","Nurses and midwives","1,261.07"
"2014","Germany (until 1990 former territory of the FRG)","Per hundred thousand inhabitants","Practising","Nurses and midwives","1,282.99"
"2015","Germany (until 1990 former territory of the FRG)","Per hundred thousand inhabitants","Practising","Nurses and midwives","1,292.75"
"2016","Germany (until 1990 former territory of the FRG)","Per hundred thousand inhabitants","Practising","Nurses and midwives","1,310.28"
"2017","Germany (until 1990 former territory of the FRG)","Per hundred thousand inhabitants","Practising","Nurses and midwives","1,341.69"
"2018","Germany (until 1990 former territory of the FRG)","Per hundred thousand inhabitants","Practising","Nurses and midwives","1,350.93"
"2003","Estonia","Per hundred thousand inhabitants","Practising","Nurses and midwives","643.09"
"2004","Estonia","Per hundred thousand inhabitants","Practising","Nurses and midwives","654.29"
"2005","Estonia","Per hundred thousand inhabitants","Practising","Nurses and midwives","658.04"
"2006","Estonia","Per hundred thousand inhabitants","Practising","Nurses and midwives","661.19"
"2007","Estonia","Per hundred thousand inhabitants","Practising","Nurses and midwives","670.18"
"2008","Estonia","Per hundred thousand inhabitants","Practising","Nurses and midwives","671.53"
"2009","Estonia","Per hundred thousand inhabitants","Practising","Nurses and midwives","644.80"
"2010","Estonia","Per hundred thousand inhabitants","Practising","Nurses and midwives","640.19"
"2011","Estonia","Per hundred thousand inhabitants","Practising","Nurses and midwives","652.69"
"2012","Estonia","Per hundred thousand inhabitants","Practising","Nurses and midwives","646.03"
"2013","Estonia","Per hundred thousand inhabitants","Practising","Nurses and midwives","596.28"
"2014","Estonia","Per hundred thousand inhabitants","Practising","Nurses and midwives","607.67"
"2015","Estonia","Per hundred thousand inhabitants","Practising","Nurses and midwives","635.16"
"2016","Estonia","Per hundred thousand inhabitants","Practising","Nurses and midwives","643.64"
"2017","Estonia","Per hundred thousand inhabitants","Practising","Nurses and midwives","653.72"
"2018","Estonia","Per hundred thousand inhabitants","Practising","Nurses and midwives","663.63"
"2003","Ireland","Per hundred thousand inhabitants","Practising","Nurses and midwives",":"
"2004","Ireland","Per hundred thousand inhabitants","Practising","Nurses and midwives",":"
"2005","Ireland","Per hundred thousand inhabitants","Practising","Nurses and midwives",":"
"2006","Ireland","Per hundred thousand inhabitants","Practising","Nurses and midwives",":"
"2007","Ireland","Per hundred thousand inhabitants","Practising","Nurses and midwives",":"
"2008","Ireland","Per hundred thousand inhabitants","Practising","Nurses and midwives",":"
"2009","Ireland","Per hundred thousand inhabitants","Practising","Nurses and midwives",":"
"2010","Ireland","Per hundred thousand inhabitants","Practising","Nurses and midwives",":"
"2011","Ireland","Per hundred thousand inhabitants","Practising","Nurses and midwives",":"
"2012","Ireland","Per hundred thousand inhabitants","Practising","Nurses and midwives",":"
"2013","Ireland","Per hundred thousand inhabitants","Practising","Nurses and midwives",":"
"2014","Ireland","Per hundred thousand inhabitants","Practising","Nurses and midwives",":"
"2015","Ireland","Per hundred thousand inhabitants","Practising","Nurses and midwives",":"
"2016","Ireland","Per hundred thousand inhabitants","Practising","Nurses and midwives",":"
"2017","Ireland","Per hundred thousand inhabitants","Practising","Nurses and midwives",":"
"2018","Ireland","Per hundred thousand inhabitants","Practising","Nurses and midwives",":"
"2003","Greece","Per hundred thousand inhabitants","Practising","Nurses and midwives","354.34"
"2004","Greece","Per hundred thousand inhabitants","Practising","Nurses and midwives","352.88"
"2005","Greece","Per hundred thousand inhabitants","Practising","Nurses and midwives","356.53"
"2006","Greece","Per hundred thousand inhabitants","Practising","Nurses and midwives","347.48"
"2007","Greece","Per hundred thousand inhabitants","Practising","Nurses and midwives","346.03"
"2008","Greece","Per hundred thousand inhabitants","Practising","Nurses and midwives","350.07"
"2009","Greece","Per hundred thousand inhabitants","Practising","Nurses and midwives","359.52"
"2010","Greece","Per hundred thousand inhabitants","Practising","Nurses and midwives","368.46"
"2011","Greece","Per hundred thousand inhabitants","Practising","Nurses and midwives","370.74"
"2012","Greece","Per hundred thousand inhabitants","Practising","Nurses and midwives","358.16"
"2013","Greece","Per hundred thousand inhabitants","Practising","Nurses and midwives","353.68"
"2014","Greece","Per hundred thousand inhabitants","Practising","Nurses and midwives","347.42"
"2015","Greece","Per hundred thousand inhabitants","Practising","Nurses and midwives","344.89"
"2016","Greece","Per hundred thousand inhabitants","Practising","Nurses and midwives","350.04"
"2017","Greece","Per hundred thousand inhabitants","Practising","Nurses and midwives","357.05"
"2018","Greece","Per hundred thousand inhabitants","Practising","Nurses and midwives","362.92"
"2003","Spain","Per hundred thousand inhabitants","Practising","Nurses and midwives",":"
"2004","Spain","Per hundred thousand inhabitants","Practising","Nurses and midwives",":"
"2005","Spain","Per hundred thousand inhabitants","Practising","Nurses and midwives",":"
"2006","Spain","Per hundred thousand inhabitants","Practising","Nurses and midwives",":"
"2007","Spain","Per hundred thousand inhabitants","Practising","Nurses and midwives",":"
"2008","Spain","Per hundred thousand inhabitants","Practising","Nurses and midwives",":"
"2009","Spain","Per hundred thousand inhabitants","Practising","Nurses and midwives",":"
"2010","Spain","Per hundred thousand inhabitants","Practising","Nurses and midwives",":"
"2011","Spain","Per hundred thousand inhabitants","Practising","Nurses and midwives",":"
"2012","Spain","Per hundred thousand inhabitants","Practising","Nurses and midwives",":"
"2013","Spain","Per hundred thousand inhabitants","Practising","Nurses and midwives",":"
"2014","Spain","Per hundred thousand inhabitants","Practising","Nurses and midwives",":"
"2015","Spain","Per hundred thousand inhabitants","Practising","Nurses and midwives",":"
"2016","Spain","Per hundred thousand inhabitants","Practising","Nurses and midwives",":"
"2017","Spain","Per hundred thousand inhabitants","Practising","Nurses and midwives",":"
"2018","Spain","Per hundred thousand inhabitants","Practising","Nurses and midwives",":"
"2003","France","Per hundred thousand inhabitants","Practising","Nurses and midwives",":"
"2004","France","Per hundred thousand inhabitants","Practising","Nurses and midwives",":"
"2005","France","Per hundred thousand inhabitants","Practising","Nurses and midwives",":"
"2006","France","Per hundred thousand inhabitants","Practising","Nurses and midwives",":"
"2007","France","Per hundred thousand inhabitants","Practising","Nurses and midwives",":"
"2008","France","Per hundred thousand inhabitants","Practising","Nurses and midwives",":"
"2009","France","Per hundred thousand inhabitants","Practising","Nurses and midwives",":"
"2010","France","Per hundred thousand inhabitants","Practising","Nurses and midwives",":"
"2011","France","Per hundred thousand inhabitants","Practising","Nurses and midwives",":"
"2012","France","Per hundred thousand inhabitants","Practising","Nurses and midwives",":"
"2013","France","Per hundred thousand inhabitants","Practising","Nurses and midwives",":"
"2014","France","Per hundred thousand inhabitants","Practising","Nurses and midwives",":"
"2015","France","Per hundred thousand inhabitants","Practising","Nurses and midwives",":"
"2016","France","Per hundred thousand inhabitants","Practising","Nurses and midwives",":"
"2017","France","Per hundred thousand inhabitants","Practising","Nurses and midwives",":"
"2018","France","Per hundred thousand inhabitants","Practising","Nurses and midwives",":"
"2003","Croatia","Per hundred thousand inhabitants","Practising","Nurses and midwives","519.61"
"2004","Croatia","Per hundred thousand inhabitants","Practising","Nurses and midwives","529.19"
"2005","Croatia","Per hundred thousand inhabitants","Practising","Nurses and midwives","532.83"
"2006","Croatia","Per hundred thousand inhabitants","Practising","Nurses and midwives","541.50"
"2007","Croatia","Per hundred thousand inhabitants","Practising","Nurses and midwives","553.06"
"2008","Croatia","Per hundred thousand inhabitants","Practising","Nurses and midwives","573.76"
"2009","Croatia","Per hundred thousand inhabitants","Practising","Nurses and midwives","561.99"
"2010","Croatia","Per hundred thousand inhabitants","Practising","Nurses and midwives","581.89"
"2011","Croatia","Per hundred thousand inhabitants","Practising","Nurses and midwives","595.04"
"2012","Croatia","Per hundred thousand inhabitants","Practising","Nurses and midwives","605.94"
"2013","Croatia","Per hundred thousand inhabitants","Practising","Nurses and midwives","620.83"
"2014","Croatia","Per hundred thousand inhabitants","Practising","Nurses and midwives","616.99"
"2015","Croatia","Per hundred thousand inhabitants","Practising","Nurses and midwives","622.86"
"2016","Croatia","Per hundred thousand inhabitants","Practising","Nurses and midwives","673.37"
"2017","Croatia","Per hundred thousand inhabitants","Practising","Nurses and midwives","695.79"
"2018","Croatia","Per hundred thousand inhabitants","Practising","Nurses and midwives","705.74"
"2003","Italy","Per hundred thousand inhabitants","Practising","Nurses and midwives",":"
"2004","Italy","Per hundred thousand inhabitants","Practising","Nurses and midwives",":"
"2005","Italy","Per hundred thousand inhabitants","Practising","Nurses and midwives",":"
"2006","Italy","Per hundred thousand inhabitants","Practising","Nurses and midwives",":"
"2007","Italy","Per hundred thousand inhabitants","Practising","Nurses and midwives",":"
"2008","Italy","Per hundred thousand inhabitants","Practising","Nurses and midwives",":"
"2009","Italy","Per hundred thousand inhabitants","Practising","Nurses and midwives",":"
"2010","Italy","Per hundred thousand inhabitants","Practising","Nurses and midwives",":"
"2011","Italy","Per hundred thousand inhabitants","Practising","Nurses and midwives",":"
"2012","Italy","Per hundred thousand inhabitants","Practising","Nurses and midwives",":"
"2013","Italy","Per hundred thousand inhabitants","Practising","Nurses and midwives","532.98"
"2014","Italy","Per hundred thousand inhabitants","Practising","Nurses and midwives","553.29"
"2015","Italy","Per hundred thousand inhabitants","Practising","Nurses and midwives","570.09"
"2016","Italy","Per hundred thousand inhabitants","Practising","Nurses and midwives","583.93"
"2017","Italy","Per hundred thousand inhabitants","Practising","Nurses and midwives","607.42"
"2018","Italy","Per hundred thousand inhabitants","Practising","Nurses and midwives","602.02"
"2003","Cyprus","Per hundred thousand inhabitants","Practising","Nurses and midwives",":"
"2004","Cyprus","Per hundred thousand inhabitants","Practising","Nurses and midwives",":"
"2005","Cyprus","Per hundred thousand inhabitants","Practising","Nurses and midwives",":"
"2006","Cyprus","Per hundred thousand inhabitants","Practising","Nurses and midwives",":"
"2007","Cyprus","Per hundred thousand inhabitants","Practising","Nurses and midwives",":"
"2008","Cyprus","Per hundred thousand inhabitants","Practising","Nurses and midwives",":"
"2009","Cyprus","Per hundred thousand inhabitants","Practising","Nurses and midwives",":"
"2010","Cyprus","Per hundred thousand inhabitants","Practising","Nurses and midwives",":"
"2011","Cyprus","Per hundred thousand inhabitants","Practising","Nurses and midwives",":"
"2012","Cyprus","Per hundred thousand inhabitants","Practising","Nurses and midwives",":"
"2013","Cyprus","Per hundred thousand inhabitants","Practising","Nurses and midwives","512.91"
"2014","Cyprus","Per hundred thousand inhabitants","Practising","Nurses and midwives","528.91"
"2015","Cyprus","Per hundred thousand inhabitants","Practising","Nurses and midwives","552.58"
"2016","Cyprus","Per hundred thousand inhabitants","Practising","Nurses and midwives","557.21"
"2017","Cyprus","Per hundred thousand inhabitants","Practising","Nurses and midwives","571.48"
"2018","Cyprus","Per hundred thousand inhabitants","Practising","Nurses and midwives","575.59"
"2003","Latvia","Per hundred thousand inhabitants","Practising","Nurses and midwives","491.84"
"2004","Latvia","Per hundred thousand inhabitants","Practising","Nurses and midwives","508.46"
"2005","Latvia","Per hundred thousand inhabitants","Practising","Nurses and midwives","520.64"
"2006","Latvia","Per hundred thousand inhabitants","Practising","Nurses and midwives","583.31"
"2007","Latvia","Per hundred thousand inhabitants","Practising","Nurses and midwives","575.05"
"2008","Latvia","Per hundred thousand inhabitants","Practising","Nurses and midwives","576.99"
"2009","Latvia","Per hundred thousand inhabitants","Practising","Nurses and midwives","510.30"
"2010","Latvia","Per hundred thousand inhabitants","Practising","Nurses and midwives","520.70"
"2011","Latvia","Per hundred thousand inhabitants","Practising","Nurses and midwives","515.17"
"2012","Latvia","Per hundred thousand inhabitants","Practising","Nurses and midwives","505.48"
"2013","Latvia","Per hundred thousand inhabitants","Practising","Nurses and midwives","508.09"
"2014","Latvia","Per hundred thousand inhabitants","Practising","Nurses and midwives","502.06"
"2015","Latvia","Per hundred thousand inhabitants","Practising","Nurses and midwives","488.54"
"2016","Latvia","Per hundred thousand inhabitants","Practising","Nurses and midwives","484.25"
"2017","Latvia","Per hundred thousand inhabitants","Practising","Nurses and midwives","477.33"
"2018","Latvia","Per hundred thousand inhabitants","Practising","Nurses and midwives","456.00"
"2003","Lithuania","Per hundred thousand inhabitants","Practising","Nurses and midwives","765.46"
"2004","Lithuania","Per hundred thousand inhabitants","Practising","Nurses and midwives","756.99"
"2005","Lithuania","Per hundred thousand inhabitants","Practising","Nurses and midwives","760.42"
"2006","Lithuania","Per hundred thousand inhabitants","Practising","Nurses and midwives","767.76"
"2007","Lithuania","Per hundred thousand inhabitants","Practising","Nurses and midwives","765.95"
"2008","Lithuania","Per hundred thousand inhabitants","Practising","Nurses and midwives","775.84"
"2009","Lithuania","Per hundred thousand inhabitants","Practising","Nurses and midwives","764.29"
"2010","Lithuania","Per hundred thousand inhabitants","Practising","Nurses and midwives","765.90"
"2011","Lithuania","Per hundred thousand inhabitants","Practising","Nurses and midwives","783.09"
"2012","Lithuania","Per hundred thousand inhabitants","Practising","Nurses and midwives","789.38"
"2013","Lithuania","Per hundred thousand inhabitants","Practising","Nurses and midwives","785.28"
"2014","Lithuania","Per hundred thousand inhabitants","Practising","Nurses and midwives","790.90"
"2015","Lithuania","Per hundred thousand inhabitants","Practising","Nurses and midwives","797.68"
"2016","Lithuania","Per hundred thousand inhabitants","Practising","Nurses and midwives","802.59"
"2017","Lithuania","Per hundred thousand inhabitants","Practising","Nurses and midwives","802.75"
"2018","Lithuania","Per hundred thousand inhabitants","Practising","Nurses and midwives","809.45"
"2003","Luxembourg","Per hundred thousand inhabitants","Practising","Nurses and midwives","919.12"
"2004","Luxembourg","Per hundred thousand inhabitants","Practising","Nurses and midwives","936.27"
"2005","Luxembourg","Per hundred thousand inhabitants","Practising","Nurses and midwives","1,129.72"
"2006","Luxembourg","Per hundred thousand inhabitants","Practising","Nurses and midwives","1,126.66"
"2007","Luxembourg","Per hundred thousand inhabitants","Practising","Nurses and midwives",":"
"2008","Luxembourg","Per hundred thousand inhabitants","Practising","Nurses and midwives",":"
"2009","Luxembourg","Per hundred thousand inhabitants","Practising","Nurses and midwives","1,147.09"
"2010","Luxembourg","Per hundred thousand inhabitants","Practising","Nurses and midwives","1,141.33"
"2011","Luxembourg","Per hundred thousand inhabitants","Practising","Nurses and midwives","1,163.51"
"2012","Luxembourg","Per hundred thousand inhabitants","Practising","Nurses and midwives","1,228.75"
"2013","Luxembourg","Per hundred thousand inhabitants","Practising","Nurses and midwives","1,230.12"
"2014","Luxembourg","Per hundred thousand inhabitants","Practising","Nurses and midwives","1,231.67"
"2015","Luxembourg","Per hundred thousand inhabitants","Practising","Nurses and midwives","1,227.17"
"2016","Luxembourg","Per hundred thousand inhabitants","Practising","Nurses and midwives","1,207.80"
"2017","Luxembourg","Per hundred thousand inhabitants","Practising","Nurses and midwives","1,208.38"
"2018","Luxembourg","Per hundred thousand inhabitants","Practising","Nurses and midwives",":"
"2003","Hungary","Per hundred thousand inhabitants","Practising","Nurses and midwives","597.15"
"2004","Hungary","Per hundred thousand inhabitants","Practising","Nurses and midwives","597.24"
"2005","Hungary","Per hundred thousand inhabitants","Practising","Nurses and midwives","614.58"
"2006","Hungary","Per hundred thousand inhabitants","Practising","Nurses and midwives","639.32"
"2007","Hungary","Per hundred thousand inhabitants","Practising","Nurses and midwives","610.87"
"2008","Hungary","Per hundred thousand inhabitants","Practising","Nurses and midwives","631.94"
"2009","Hungary","Per hundred thousand inhabitants","Practising","Nurses and midwives","638.35"
"2010","Hungary","Per hundred thousand inhabitants","Practising","Nurses and midwives","638.38"
"2011","Hungary","Per hundred thousand inhabitants","Practising","Nurses and midwives","639.24"
"2012","Hungary","Per hundred thousand inhabitants","Practising","Nurses and midwives","649.75"
"2013","Hungary","Per hundred thousand inhabitants","Practising","Nurses and midwives","659.65"
"2014","Hungary","Per hundred thousand inhabitants","Practising","Nurses and midwives","658.35"
"2015","Hungary","Per hundred thousand inhabitants","Practising","Nurses and midwives","664.09"
"2016","Hungary","Per hundred thousand inhabitants","Practising","Nurses and midwives","660.14"
"2017","Hungary","Per hundred thousand inhabitants","Practising","Nurses and midwives","676.33"
"2018","Hungary","Per hundred thousand inhabitants","Practising","Nurses and midwives","686.75"
"2003","Malta","Per hundred thousand inhabitants","Practising","Nurses and midwives","550.45"
"2004","Malta","Per hundred thousand inhabitants","Practising","Nurses and midwives","563.22"
"2005","Malta","Per hundred thousand inhabitants","Practising","Nurses and midwives","580.68"
"2006","Malta","Per hundred thousand inhabitants","Practising","Nurses and midwives","594.86"
"2007","Malta","Per hundred thousand inhabitants","Practising","Nurses and midwives","624.50"
"2008","Malta","Per hundred thousand inhabitants","Practising","Nurses and midwives","679.81"
"2009","Malta","Per hundred thousand inhabitants","Practising","Nurses and midwives","657.49"
"2010","Malta","Per hundred thousand inhabitants","Practising","Nurses and midwives","684.67"
"2011","Malta","Per hundred thousand inhabitants","Practising","Nurses and midwives","708.92"
"2012","Malta","Per hundred thousand inhabitants","Practising","Nurses and midwives","707.57"
"2013","Malta","Per hundred thousand inhabitants","Practising","Nurses and midwives","739.73"
"2014","Malta","Per hundred thousand inhabitants","Practising","Nurses and midwives","829.12"
"2015","Malta","Per hundred thousand inhabitants","Practising","Nurses and midwives","815.41"
"2016","Malta","Per hundred thousand inhabitants","Practising","Nurses and midwives","859.99"
"2017","Malta","Per hundred thousand inhabitants","Practising","Nurses and midwives","850.86"
"2018","Malta","Per hundred thousand inhabitants","Practising","Nurses and midwives","827.64"
"2003","Netherlands","Per hundred thousand inhabitants","Practising","Nurses and midwives","812.39"
"2004","Netherlands","Per hundred thousand inhabitants","Practising","Nurses and midwives","826.11"
"2005","Netherlands","Per hundred thousand inhabitants","Practising","Nurses and midwives","832.99"
"2006","Netherlands","Per hundred thousand inhabitants","Practising","Nurses and midwives","834.48"
"2007","Netherlands","Per hundred thousand inhabitants","Practising","Nurses and midwives","844.60"
"2008","Netherlands","Per hundred thousand inhabitants","Practising","Nurses and midwives","855.57"
"2009","Netherlands","Per hundred thousand inhabitants","Practising","Nurses and midwives",":"
"2010","Netherlands","Per hundred thousand inhabitants","Practising","Nurses and midwives",":"
"2011","Netherlands","Per hundred thousand inhabitants","Practising","Nurses and midwives",":"
"2012","Netherlands","Per hundred thousand inhabitants","Practising","Nurses and midwives",":"
"2013","Netherlands","Per hundred thousand inhabitants","Practising","Nurses and midwives",":"
"2014","Netherlands","Per hundred thousand inhabitants","Practising","Nurses and midwives","1,054.67"
"2015","Netherlands","Per hundred thousand inhabitants","Practising","Nurses and midwives","1,074.80"
"2016","Netherlands","Per hundred thousand inhabitants","Practising","Nurses and midwives","1,089.65"
"2017","Netherlands","Per hundred thousand inhabitants","Practising","Nurses and midwives","1,117.43"
"2018","Netherlands","Per hundred thousand inhabitants","Practising","Nurses and midwives","1,137.05"
"2003","Austria","Per hundred thousand inhabitants","Practising","Nurses and midwives","588.79"
"2004","Austria","Per hundred thousand inhabitants","Practising","Nurses and midwives","612.99"
"2005","Austria","Per hundred thousand inhabitants","Practising","Nurses and midwives","619.84"
"2006","Austria","Per hundred thousand inhabitants","Practising","Nurses and midwives","635.47"
"2007","Austria","Per hundred thousand inhabitants","Practising","Nurses and midwives","642.63"
"2008","Austria","Per hundred thousand inhabitants","Practising","Nurses and midwives","657.84"
"2009","Austria","Per hundred thousand inhabitants","Practising","Nurses and midwives","669.69"
"2010","Austria","Per hundred thousand inhabitants","Practising","Nurses and midwives","675.85"
"2011","Austria","Per hundred thousand inhabitants","Practising","Nurses and midwives","685.67"
"2012","Austria","Per hundred thousand inhabitants","Practising","Nurses and midwives","688.73"
"2013","Austria","Per hundred thousand inhabitants","Practising","Nurses and midwives","693.59"
"2014","Austria","Per hundred thousand inhabitants","Practising","Nurses and midwives","703.69"
"2015","Austria","Per hundred thousand inhabitants","Practising","Nurses and midwives","704.31"
"2016","Austria","Per hundred thousand inhabitants","Practising","Nurses and midwives","702.68"
"2017","Austria","Per hundred thousand inhabitants","Practising","Nurses and midwives","710.79"
"2018","Austria","Per hundred thousand inhabitants","Practising","Nurses and midwives","712.99"
"2003","Poland","Per hundred thousand inhabitants","Practising","Nurses and midwives","529.83"
"2004","Poland","Per hundred thousand inhabitants","Practising","Nurses and midwives","550.68"
"2005","Poland","Per hundred thousand inhabitants","Practising","Nurses and midwives","563.89"
"2006","Poland","Per hundred thousand inhabitants","Practising","Nurses and midwives","564.40"
"2007","Poland","Per hundred thousand inhabitants","Practising","Nurses and midwives","575.30"
"2008","Poland","Per hundred thousand inhabitants","Practising","Nurses and midwives","577.49"
"2009","Poland","Per hundred thousand inhabitants","Practising","Nurses and midwives","584.74"
"2010","Poland","Per hundred thousand inhabitants","Practising","Nurses and midwives","587.19"
"2011","Poland","Per hundred thousand inhabitants","Practising","Nurses and midwives","587.35"
"2012","Poland","Per hundred thousand inhabitants","Practising","Nurses and midwives",":"
"2013","Poland","Per hundred thousand inhabitants","Practising","Nurses and midwives","587.33"
"2014","Poland","Per hundred thousand inhabitants","Practising","Nurses and midwives","582.90"
"2015","Poland","Per hundred thousand inhabitants","Practising","Nurses and midwives","578.75"
"2016","Poland","Per hundred thousand inhabitants","Practising","Nurses and midwives","576.04"
"2017","Poland","Per hundred thousand inhabitants","Practising","Nurses and midwives","569.96"
"2018","Poland","Per hundred thousand inhabitants","Practising","Nurses and midwives",":"
"2003","Portugal","Per hundred thousand inhabitants","Practising","Nurses and midwives",":"
"2004","Portugal","Per hundred thousand inhabitants","Practising","Nurses and midwives",":"
"2005","Portugal","Per hundred thousand inhabitants","Practising","Nurses and midwives",":"
"2006","Portugal","Per hundred thousand inhabitants","Practising","Nurses and midwives",":"
"2007","Portugal","Per hundred thousand inhabitants","Practising","Nurses and midwives",":"
"2008","Portugal","Per hundred thousand inhabitants","Practising","Nurses and midwives",":"
"2009","Portugal","Per hundred thousand inhabitants","Practising","Nurses and midwives",":"
"2010","Portugal","Per hundred thousand inhabitants","Practising","Nurses and midwives",":"
"2011","Portugal","Per hundred thousand inhabitants","Practising","Nurses and midwives",":"
"2012","Portugal","Per hundred thousand inhabitants","Practising","Nurses and midwives",":"
"2013","Portugal","Per hundred thousand inhabitants","Practising","Nurses and midwives",":"
"2014","Portugal","Per hundred thousand inhabitants","Practising","Nurses and midwives",":"
"2015","Portugal","Per hundred thousand inhabitants","Practising","Nurses and midwives",":"
"2016","Portugal","Per hundred thousand inhabitants","Practising","Nurses and midwives",":"
"2017","Portugal","Per hundred thousand inhabitants","Practising","Nurses and midwives",":"
"2018","Portugal","Per hundred thousand inhabitants","Practising","Nurses and midwives",":"
"2003","Romania","Per hundred thousand inhabitants","Practising","Nurses and midwives","553.55"
"2004","Romania","Per hundred thousand inhabitants","Practising","Nurses and midwives","559.64"
"2005","Romania","Per hundred thousand inhabitants","Practising","Nurses and midwives","570.35"
"2006","Romania","Per hundred thousand inhabitants","Practising","Nurses and midwives","586.24"
"2007","Romania","Per hundred thousand inhabitants","Practising","Nurses and midwives","588.41"
"2008","Romania","Per hundred thousand inhabitants","Practising","Nurses and midwives","576.33"
"2009","Romania","Per hundred thousand inhabitants","Practising","Nurses and midwives","588.66"
"2010","Romania","Per hundred thousand inhabitants","Practising","Nurses and midwives","545.39"
"2011","Romania","Per hundred thousand inhabitants","Practising","Nurses and midwives","569.16"
"2012","Romania","Per hundred thousand inhabitants","Practising","Nurses and midwives","598.68"
"2013","Romania","Per hundred thousand inhabitants","Practising","Nurses and midwives","618.10"
"2014","Romania","Per hundred thousand inhabitants","Practising","Nurses and midwives","633.36"
"2015","Romania","Per hundred thousand inhabitants","Practising","Nurses and midwives","657.81"
"2016","Romania","Per hundred thousand inhabitants","Practising","Nurses and midwives","682.84"
"2017","Romania","Per hundred thousand inhabitants","Practising","Nurses and midwives","714.04"
"2018","Romania","Per hundred thousand inhabitants","Practising","Nurses and midwives","738.71"
"2003","Slovenia","Per hundred thousand inhabitants","Practising","Nurses and midwives","736.82"
"2004","Slovenia","Per hundred thousand inhabitants","Practising","Nurses and midwives","742.16"
"2005","Slovenia","Per hundred thousand inhabitants","Practising","Nurses and midwives","750.62"
"2006","Slovenia","Per hundred thousand inhabitants","Practising","Nurses and midwives","763.43"
"2007","Slovenia","Per hundred thousand inhabitants","Practising","Nurses and midwives","778.98"
"2008","Slovenia","Per hundred thousand inhabitants","Practising","Nurses and midwives","792.01"
"2009","Slovenia","Per hundred thousand inhabitants","Practising","Nurses and midwives","806.99"
"2010","Slovenia","Per hundred thousand inhabitants","Practising","Nurses and midwives","823.55"
"2011","Slovenia","Per hundred thousand inhabitants","Practising","Nurses and midwives","838.54"
"2012","Slovenia","Per hundred thousand inhabitants","Practising","Nurses and midwives","822.01"
"2013","Slovenia","Per hundred thousand inhabitants","Practising","Nurses and midwives","837.74"
"2014","Slovenia","Per hundred thousand inhabitants","Practising","Nurses and midwives","862.76"
"2015","Slovenia","Per hundred thousand inhabitants","Practising","Nurses and midwives","885.71"
"2016","Slovenia","Per hundred thousand inhabitants","Practising","Nurses and midwives","974.02"
"2017","Slovenia","Per hundred thousand inhabitants","Practising","Nurses and midwives","1,002.28"
"2018","Slovenia","Per hundred thousand inhabitants","Practising","Nurses and midwives","1,025.46"
"2003","Slovakia","Per hundred thousand inhabitants","Practising","Nurses and midwives",":"
"2004","Slovakia","Per hundred thousand inhabitants","Practising","Nurses and midwives",":"
"2005","Slovakia","Per hundred thousand inhabitants","Practising","Nurses and midwives",":"
"2006","Slovakia","Per hundred thousand inhabitants","Practising","Nurses and midwives",":"
"2007","Slovakia","Per hundred thousand inhabitants","Practising","Nurses and midwives",":"
"2008","Slovakia","Per hundred thousand inhabitants","Practising","Nurses and midwives",":"
"2009","Slovakia","Per hundred thousand inhabitants","Practising","Nurses and midwives",":"
"2010","Slovakia","Per hundred thousand inhabitants","Practising","Nurses and midwives",":"
"2011","Slovakia","Per hundred thousand inhabitants","Practising","Nurses and midwives",":"
"2012","Slovakia","Per hundred thousand inhabitants","Practising","Nurses and midwives",":"
"2013","Slovakia","Per hundred thousand inhabitants","Practising","Nurses and midwives",":"
"2014","Slovakia","Per hundred thousand inhabitants","Practising","Nurses and midwives",":"
"2015","Slovakia","Per hundred thousand inhabitants","Practising","Nurses and midwives",":"
"2016","Slovakia","Per hundred thousand inhabitants","Practising","Nurses and midwives",":"
"2017","Slovakia","Per hundred thousand inhabitants","Practising","Nurses and midwives",":"
"2018","Slovakia","Per hundred thousand inhabitants","Practising","Nurses and midwives",":"
"2003","Finland","Per hundred thousand inhabitants","Practising","Nurses and midwives",":"
"2004","Finland","Per hundred thousand inhabitants","Practising","Nurses and midwives","1,248.07"
"2005","Finland","Per hundred thousand inhabitants","Practising","Nurses and midwives","1,293.10"
"2006","Finland","Per hundred thousand inhabitants","Practising","Nurses and midwives","1,354.45"
"2007","Finland","Per hundred thousand inhabitants","Practising","Nurses and midwives","1,377.27"
"2008","Finland","Per hundred thousand inhabitants","Practising","Nurses and midwives","1,352.92"
"2009","Finland","Per hundred thousand inhabitants","Practising","Nurses and midwives","1,394.08"
"2010","Finland","Per hundred thousand inhabitants","Practising","Nurses and midwives","1,426.35"
"2011","Finland","Per hundred thousand inhabitants","Practising","Nurses and midwives","1,449.39"
"2012","Finland","Per hundred thousand inhabitants","Practising","Nurses and midwives","1,462.14"
"2013","Finland","Per hundred thousand inhabitants","Practising","Nurses and midwives","1,460.31"
"2014","Finland","Per hundred thousand inhabitants","Practising","Nurses and midwives","1,467.54"
"2015","Finland","Per hundred thousand inhabitants","Practising","Nurses and midwives",":"
"2016","Finland","Per hundred thousand inhabitants","Practising","Nurses and midwives",":"
"2017","Finland","Per hundred thousand inhabitants","Practising","Nurses and midwives",":"
"2018","Finland","Per hundred thousand inhabitants","Practising","Nurses and midwives",":"
"2003","Sweden","Per hundred thousand inhabitants","Practising","Nurses and midwives","1,078.51"
"2004","Sweden","Per hundred thousand inhabitants","Practising","Nurses and midwives","1,098.70"
"2005","Sweden","Per hundred thousand inhabitants","Practising","Nurses and midwives","1,118.28"
"2006","Sweden","Per hundred thousand inhabitants","Practising","Nurses and midwives","1,134.09"
"2007","Sweden","Per hundred thousand inhabitants","Practising","Nurses and midwives","1,145.30"
"2008","Sweden","Per hundred thousand inhabitants","Practising","Nurses and midwives","1,149.06"
"2009","Sweden","Per hundred thousand inhabitants","Practising","Nurses and midwives","1,150.70"
"2010","Sweden","Per hundred thousand inhabitants","Practising","Nurses and midwives","1,158.57"
"2011","Sweden","Per hundred thousand inhabitants","Practising","Nurses and midwives","1,161.47"
"2012","Sweden","Per hundred thousand inhabitants","Practising","Nurses and midwives","1,166.22"
"2013","Sweden","Per hundred thousand inhabitants","Practising","Nurses and midwives","1,168.65"
"2014","Sweden","Per hundred thousand inhabitants","Practising","Nurses and midwives","1,167.76"
"2015","Sweden","Per hundred thousand inhabitants","Practising","Nurses and midwives","1,168.86"
"2016","Sweden","Per hundred thousand inhabitants","Practising","Nurses and midwives","1,165.90"
"2017","Sweden","Per hundred thousand inhabitants","Practising","Nurses and midwives","1,163.69"
"2018","Sweden","Per hundred thousand inhabitants","Practising","Nurses and midwives",":"
"2003","United Kingdom","Per hundred thousand inhabitants","Practising","Nurses and midwives","936.09"
"2004","United Kingdom","Per hundred thousand inhabitants","Practising","Nurses and midwives","951.27"
"2005","United Kingdom","Per hundred thousand inhabitants","Practising","Nurses and midwives","963.09"
"2006","United Kingdom","Per hundred thousand inhabitants","Practising","Nurses and midwives","947.48"
"2007","United Kingdom","Per hundred thousand inhabitants","Practising","Nurses and midwives","913.28"
"2008","United Kingdom","Per hundred thousand inhabitants","Practising","Nurses and midwives","915.03"
"2009","United Kingdom","Per hundred thousand inhabitants","Practising","Nurses and midwives","898.27"
"2010","United Kingdom","Per hundred thousand inhabitants","Practising","Nurses and midwives","888.61"
"2011","United Kingdom","Per hundred thousand inhabitants","Practising","Nurses and midwives","867.97"
"2012","United Kingdom","Per hundred thousand inhabitants","Practising","Nurses and midwives","842.28"
"2013","United Kingdom","Per hundred thousand inhabitants","Practising","Nurses and midwives","842.38"
"2014","United Kingdom","Per hundred thousand inhabitants","Practising","Nurses and midwives","842.20"
"2015","United Kingdom","Per hundred thousand inhabitants","Practising","Nurses and midwives","838.84"
"2016","United Kingdom","Per hundred thousand inhabitants","Practising","Nurses and midwives","835.66"
"2017","United Kingdom","Per hundred thousand inhabitants","Practising","Nurses and midwives","830.32"
"2018","United Kingdom","Per hundred thousand inhabitants","Practising","Nurses and midwives","825.30"
"2003","Iceland","Per hundred thousand inhabitants","Practising","Nurses and midwives","1,438.24"
"2004","Iceland","Per hundred thousand inhabitants","Practising","Nurses and midwives","1,445.87"
"2005","Iceland","Per hundred thousand inhabitants","Practising","Nurses and midwives","1,475.40"
"2006","Iceland","Per hundred thousand inhabitants","Practising","Nurses and midwives","1,450.71"
"2007","Iceland","Per hundred thousand inhabitants","Practising","Nurses and midwives","1,478.34"
"2008","Iceland","Per hundred thousand inhabitants","Practising","Nurses and midwives","1,567.67"
"2009","Iceland","Per hundred thousand inhabitants","Practising","Nurses and midwives","1,607.85"
"2010","Iceland","Per hundred thousand inhabitants","Practising","Nurses and midwives","1,532.82"
"2011","Iceland","Per hundred thousand inhabitants","Practising","Nurses and midwives","1,569.21"
"2012","Iceland","Per hundred thousand inhabitants","Practising","Nurses and midwives","1,596.12"
"2013","Iceland","Per hundred thousand inhabitants","Practising","Nurses and midwives","1,626.80"
"2014","Iceland","Per hundred thousand inhabitants","Practising","Nurses and midwives","1,615.53"
"2015","Iceland","Per hundred thousand inhabitants","Practising","Nurses and midwives","1,628.41"
"2016","Iceland","Per hundred thousand inhabitants","Practising","Nurses and midwives","1,501.02"
"2017","Iceland","Per hundred thousand inhabitants","Practising","Nurses and midwives","1,529.71"
"2018","Iceland","Per hundred thousand inhabitants","Practising","Nurses and midwives","1,547.68"
"2003","Liechtenstein","Per hundred thousand inhabitants","Practising","Nurses and midwives","258.23"
"2004","Liechtenstein","Per hundred thousand inhabitants","Practising","Nurses and midwives","235.14"
"2005","Liechtenstein","Per hundred thousand inhabitants","Practising","Nurses and midwives","250.34"
"2006","Liechtenstein","Per hundred thousand inhabitants","Practising","Nurses and midwives","254.02"
"2007","Liechtenstein","Per hundred thousand inhabitants","Practising","Nurses and midwives","260.90"
"2008","Liechtenstein","Per hundred thousand inhabitants","Practising","Nurses and midwives","245.26"
"2009","Liechtenstein","Per hundred thousand inhabitants","Practising","Nurses and midwives","212.64"
"2010","Liechtenstein","Per hundred thousand inhabitants","Practising","Nurses and midwives","274.84"
"2011","Liechtenstein","Per hundred thousand inhabitants","Practising","Nurses and midwives","286.41"
"2012","Liechtenstein","Per hundred thousand inhabitants","Practising","Nurses and midwives","652.00"
"2013","Liechtenstein","Per hundred thousand inhabitants","Practising","Nurses and midwives","778.73"
"2014","Liechtenstein","Per hundred thousand inhabitants","Practising","Nurses and midwives","802.74"
"2015","Liechtenstein","Per hundred thousand inhabitants","Practising","Nurses and midwives","821.46"
"2016","Liechtenstein","Per hundred thousand inhabitants","Practising","Nurses and midwives","816.63"
"2017","Liechtenstein","Per hundred thousand inhabitants","Practising","Nurses and midwives","911.44"
"2018","Liechtenstein","Per hundred thousand inhabitants","Practising","Nurses and midwives","868.06"
"2003","Norway","Per hundred thousand inhabitants","Practising","Nurses and midwives","1,324.53"
"2004","Norway","Per hundred thousand inhabitants","Practising","Nurses and midwives","1,372.63"
"2005","Norway","Per hundred thousand inhabitants","Practising","Nurses and midwives","1,413.21"
"2006","Norway","Per hundred thousand inhabitants","Practising","Nurses and midwives","1,441.29"
"2007","Norway","Per hundred thousand inhabitants","Practising","Nurses and midwives","1,443.40"
"2008","Norway","Per hundred thousand inhabitants","Practising","Nurses and midwives","1,450.77"
"2009","Norway","Per hundred thousand inhabitants","Practising","Nurses and midwives","1,644.66"
"2010","Norway","Per hundred thousand inhabitants","Practising","Nurses and midwives","1,665.45"
"2011","Norway","Per hundred thousand inhabitants","Practising","Nurses and midwives","1,693.69"
"2012","Norway","Per hundred thousand inhabitants","Practising","Nurses and midwives","1,706.88"
"2013","Norway","Per hundred thousand inhabitants","Practising","Nurses and midwives","1,721.11"
"2014","Norway","Per hundred thousand inhabitants","Practising","Nurses and midwives","1,744.27"
"2015","Norway","Per hundred thousand inhabitants","Practising","Nurses and midwives","1,790.08"
"2016","Norway","Per hundred thousand inhabitants","Practising","Nurses and midwives","1,804.86"
"2017","Norway","Per hundred thousand inhabitants","Practising","Nurses and midwives","1,822.24"
"2018","Norway","Per hundred thousand inhabitants","Practising","Nurses and midwives","1,829.74"
"2003","Switzerland","Per hundred thousand inhabitants","Practising","Nurses and midwives",":"
"2004","Switzerland","Per hundred thousand inhabitants","Practising","Nurses and midwives",":"
"2005","Switzerland","Per hundred thousand inhabitants","Practising","Nurses and midwives","1,291.52"
"2006","Switzerland","Per hundred thousand inhabitants","Practising","Nurses and midwives","1,333.51"
"2007","Switzerland","Per hundred thousand inhabitants","Practising","Nurses and midwives","1,359.56"
"2008","Switzerland","Per hundred thousand inhabitants","Practising","Nurses and midwives","1,387.66"
"2009","Switzerland","Per hundred thousand inhabitants","Practising","Nurses and midwives","1,415.54"
"2010","Switzerland","Per hundred thousand inhabitants","Practising","Nurses and midwives","1,492.17"
"2011","Switzerland","Per hundred thousand inhabitants","Practising","Nurses and midwives","1,545.87"
"2012","Switzerland","Per hundred thousand inhabitants","Practising","Nurses and midwives","1,588.01"
"2013","Switzerland","Per hundred thousand inhabitants","Practising","Nurses and midwives","1,621.80"
"2014","Switzerland","Per hundred thousand inhabitants","Practising","Nurses and midwives","1,645.58"
"2015","Switzerland","Per hundred thousand inhabitants","Practising","Nurses and midwives","1,689.11"
"2016","Switzerland","Per hundred thousand inhabitants","Practising","Nurses and midwives","1,734.14"
"2017","Switzerland","Per hundred thousand inhabitants","Practising","Nurses and midwives","1,754.39"
"2018","Switzerland","Per hundred thousand inhabitants","Practising","Nurses and midwives","1,791.86"
