"TIME","GEO","UNIT","ICHA11_HP","ICHA11_HF","Value"
"2003","Belgium","Purchasing power standard (PPS) per inhabitant","All providers of health care","Household out-of-pocket payment","486.05"
"2004","Belgium","Purchasing power standard (PPS) per inhabitant","All providers of health care","Household out-of-pocket payment","459.46"
"2005","Belgium","Purchasing power standard (PPS) per inhabitant","All providers of health care","Household out-of-pocket payment","454.66"
"2006","Belgium","Purchasing power standard (PPS) per inhabitant","All providers of health care","Household out-of-pocket payment","544.68"
"2007","Belgium","Purchasing power standard (PPS) per inhabitant","All providers of health care","Household out-of-pocket payment","571.93"
"2008","Belgium","Purchasing power standard (PPS) per inhabitant","All providers of health care","Household out-of-pocket payment","574.23"
"2009","Belgium","Purchasing power standard (PPS) per inhabitant","All providers of health care","Household out-of-pocket payment","582.42"
"2010","Belgium","Purchasing power standard (PPS) per inhabitant","All providers of health care","Household out-of-pocket payment","607.70"
"2011","Belgium","Purchasing power standard (PPS) per inhabitant","All providers of health care","Household out-of-pocket payment","623.29"
"2012","Belgium","Purchasing power standard (PPS) per inhabitant","All providers of health care","Household out-of-pocket payment","638.03"
"2013","Belgium","Purchasing power standard (PPS) per inhabitant","All providers of health care","Household out-of-pocket payment","661.51"
"2014","Belgium","Purchasing power standard (PPS) per inhabitant","All providers of health care","Household out-of-pocket payment","681.47"
"2015","Belgium","Purchasing power standard (PPS) per inhabitant","All providers of health care","Household out-of-pocket payment","706.96"
"2016","Belgium","Purchasing power standard (PPS) per inhabitant","All providers of health care","Household out-of-pocket payment","668.26"
"2017","Belgium","Purchasing power standard (PPS) per inhabitant","All providers of health care","Household out-of-pocket payment","688.30"
"2018","Belgium","Purchasing power standard (PPS) per inhabitant","All providers of health care","Household out-of-pocket payment","698.64"
"2003","Bulgaria","Purchasing power standard (PPS) per inhabitant","All providers of health care","Household out-of-pocket payment",":"
"2004","Bulgaria","Purchasing power standard (PPS) per inhabitant","All providers of health care","Household out-of-pocket payment",":"
"2005","Bulgaria","Purchasing power standard (PPS) per inhabitant","All providers of health care","Household out-of-pocket payment",":"
"2006","Bulgaria","Purchasing power standard (PPS) per inhabitant","All providers of health care","Household out-of-pocket payment",":"
"2007","Bulgaria","Purchasing power standard (PPS) per inhabitant","All providers of health care","Household out-of-pocket payment",":"
"2008","Bulgaria","Purchasing power standard (PPS) per inhabitant","All providers of health care","Household out-of-pocket payment",":"
"2009","Bulgaria","Purchasing power standard (PPS) per inhabitant","All providers of health care","Household out-of-pocket payment",":"
"2010","Bulgaria","Purchasing power standard (PPS) per inhabitant","All providers of health care","Household out-of-pocket payment",":"
"2011","Bulgaria","Purchasing power standard (PPS) per inhabitant","All providers of health care","Household out-of-pocket payment","391.80"
"2012","Bulgaria","Purchasing power standard (PPS) per inhabitant","All providers of health care","Household out-of-pocket payment","463.03"
"2013","Bulgaria","Purchasing power standard (PPS) per inhabitant","All providers of health care","Household out-of-pocket payment","391.90"
"2014","Bulgaria","Purchasing power standard (PPS) per inhabitant","All providers of health care","Household out-of-pocket payment","432.04"
"2015","Bulgaria","Purchasing power standard (PPS) per inhabitant","All providers of health care","Household out-of-pocket payment","475.91"
"2016","Bulgaria","Purchasing power standard (PPS) per inhabitant","All providers of health care","Household out-of-pocket payment","510.65"
"2017","Bulgaria","Purchasing power standard (PPS) per inhabitant","All providers of health care","Household out-of-pocket payment","518.63"
"2018","Bulgaria","Purchasing power standard (PPS) per inhabitant","All providers of health care","Household out-of-pocket payment","498.89"
"2003","Czechia","Purchasing power standard (PPS) per inhabitant","All providers of health care","Household out-of-pocket payment",":"
"2004","Czechia","Purchasing power standard (PPS) per inhabitant","All providers of health care","Household out-of-pocket payment",":"
"2005","Czechia","Purchasing power standard (PPS) per inhabitant","All providers of health care","Household out-of-pocket payment",":"
"2006","Czechia","Purchasing power standard (PPS) per inhabitant","All providers of health care","Household out-of-pocket payment",":"
"2007","Czechia","Purchasing power standard (PPS) per inhabitant","All providers of health care","Household out-of-pocket payment",":"
"2008","Czechia","Purchasing power standard (PPS) per inhabitant","All providers of health care","Household out-of-pocket payment",":"
"2009","Czechia","Purchasing power standard (PPS) per inhabitant","All providers of health care","Household out-of-pocket payment",":"
"2010","Czechia","Purchasing power standard (PPS) per inhabitant","All providers of health care","Household out-of-pocket payment",":"
"2011","Czechia","Purchasing power standard (PPS) per inhabitant","All providers of health care","Household out-of-pocket payment",":"
"2012","Czechia","Purchasing power standard (PPS) per inhabitant","All providers of health care","Household out-of-pocket payment",":"
"2013","Czechia","Purchasing power standard (PPS) per inhabitant","All providers of health care","Household out-of-pocket payment","251.20"
"2014","Czechia","Purchasing power standard (PPS) per inhabitant","All providers of health care","Household out-of-pocket payment","275.26"
"2015","Czechia","Purchasing power standard (PPS) per inhabitant","All providers of health care","Household out-of-pocket payment","293.95"
"2016","Czechia","Purchasing power standard (PPS) per inhabitant","All providers of health care","Household out-of-pocket payment","296.17"
"2017","Czechia","Purchasing power standard (PPS) per inhabitant","All providers of health care","Household out-of-pocket payment","310.39"
"2018","Czechia","Purchasing power standard (PPS) per inhabitant","All providers of health care","Household out-of-pocket payment",":"
"2003","Denmark","Purchasing power standard (PPS) per inhabitant","All providers of health care","Household out-of-pocket payment",":"
"2004","Denmark","Purchasing power standard (PPS) per inhabitant","All providers of health care","Household out-of-pocket payment",":"
"2005","Denmark","Purchasing power standard (PPS) per inhabitant","All providers of health care","Household out-of-pocket payment",":"
"2006","Denmark","Purchasing power standard (PPS) per inhabitant","All providers of health care","Household out-of-pocket payment",":"
"2007","Denmark","Purchasing power standard (PPS) per inhabitant","All providers of health care","Household out-of-pocket payment",":"
"2008","Denmark","Purchasing power standard (PPS) per inhabitant","All providers of health care","Household out-of-pocket payment",":"
"2009","Denmark","Purchasing power standard (PPS) per inhabitant","All providers of health care","Household out-of-pocket payment",":"
"2010","Denmark","Purchasing power standard (PPS) per inhabitant","All providers of health care","Household out-of-pocket payment","465.45"
"2011","Denmark","Purchasing power standard (PPS) per inhabitant","All providers of health care","Household out-of-pocket payment","470.08"
"2012","Denmark","Purchasing power standard (PPS) per inhabitant","All providers of health care","Household out-of-pocket payment","471.66"
"2013","Denmark","Purchasing power standard (PPS) per inhabitant","All providers of health care","Household out-of-pocket payment","464.76"
"2014","Denmark","Purchasing power standard (PPS) per inhabitant","All providers of health care","Household out-of-pocket payment","476.40"
"2015","Denmark","Purchasing power standard (PPS) per inhabitant","All providers of health care","Household out-of-pocket payment","498.01"
"2016","Denmark","Purchasing power standard (PPS) per inhabitant","All providers of health care","Household out-of-pocket payment","491.19"
"2017","Denmark","Purchasing power standard (PPS) per inhabitant","All providers of health care","Household out-of-pocket payment","506.24"
"2018","Denmark","Purchasing power standard (PPS) per inhabitant","All providers of health care","Household out-of-pocket payment","523.74"
"2003","Germany (until 1990 former territory of the FRG)","Purchasing power standard (PPS) per inhabitant","All providers of health care","Household out-of-pocket payment","338.62"
"2004","Germany (until 1990 former territory of the FRG)","Purchasing power standard (PPS) per inhabitant","All providers of health care","Household out-of-pocket payment","374.23"
"2005","Germany (until 1990 former territory of the FRG)","Purchasing power standard (PPS) per inhabitant","All providers of health care","Household out-of-pocket payment","392.69"
"2006","Germany (until 1990 former territory of the FRG)","Purchasing power standard (PPS) per inhabitant","All providers of health care","Household out-of-pocket payment","417.91"
"2007","Germany (until 1990 former territory of the FRG)","Purchasing power standard (PPS) per inhabitant","All providers of health care","Household out-of-pocket payment","436.27"
"2008","Germany (until 1990 former territory of the FRG)","Purchasing power standard (PPS) per inhabitant","All providers of health care","Household out-of-pocket payment","434.24"
"2009","Germany (until 1990 former territory of the FRG)","Purchasing power standard (PPS) per inhabitant","All providers of health care","Household out-of-pocket payment","441.81"
"2010","Germany (until 1990 former territory of the FRG)","Purchasing power standard (PPS) per inhabitant","All providers of health care","Household out-of-pocket payment","469.07"
"2011","Germany (until 1990 former territory of the FRG)","Purchasing power standard (PPS) per inhabitant","All providers of health care","Household out-of-pocket payment","491.72"
"2012","Germany (until 1990 former territory of the FRG)","Purchasing power standard (PPS) per inhabitant","All providers of health care","Household out-of-pocket payment","510.72"
"2013","Germany (until 1990 former territory of the FRG)","Purchasing power standard (PPS) per inhabitant","All providers of health care","Household out-of-pocket payment","490.35"
"2014","Germany (until 1990 former territory of the FRG)","Purchasing power standard (PPS) per inhabitant","All providers of health care","Household out-of-pocket payment","497.83"
"2015","Germany (until 1990 former territory of the FRG)","Purchasing power standard (PPS) per inhabitant","All providers of health care","Household out-of-pocket payment","528.56"
"2016","Germany (until 1990 former territory of the FRG)","Purchasing power standard (PPS) per inhabitant","All providers of health care","Household out-of-pocket payment","529.89"
"2017","Germany (until 1990 former territory of the FRG)","Purchasing power standard (PPS) per inhabitant","All providers of health care","Household out-of-pocket payment","537.57"
"2018","Germany (until 1990 former territory of the FRG)","Purchasing power standard (PPS) per inhabitant","All providers of health care","Household out-of-pocket payment",":"
"2003","Estonia","Purchasing power standard (PPS) per inhabitant","All providers of health care","Household out-of-pocket payment","116.82"
"2004","Estonia","Purchasing power standard (PPS) per inhabitant","All providers of health care","Household out-of-pocket payment","147.73"
"2005","Estonia","Purchasing power standard (PPS) per inhabitant","All providers of health care","Household out-of-pocket payment","167.59"
"2006","Estonia","Purchasing power standard (PPS) per inhabitant","All providers of health care","Household out-of-pocket payment","181.72"
"2007","Estonia","Purchasing power standard (PPS) per inhabitant","All providers of health care","Household out-of-pocket payment","213.19"
"2008","Estonia","Purchasing power standard (PPS) per inhabitant","All providers of health care","Household out-of-pocket payment","214.11"
"2009","Estonia","Purchasing power standard (PPS) per inhabitant","All providers of health care","Household out-of-pocket payment","208.86"
"2010","Estonia","Purchasing power standard (PPS) per inhabitant","All providers of health care","Household out-of-pocket payment","232.41"
"2011","Estonia","Purchasing power standard (PPS) per inhabitant","All providers of health care","Household out-of-pocket payment","234.45"
"2012","Estonia","Purchasing power standard (PPS) per inhabitant","All providers of health care","Household out-of-pocket payment","251.65"
"2013","Estonia","Purchasing power standard (PPS) per inhabitant","All providers of health care","Household out-of-pocket payment","279.33"
"2014","Estonia","Purchasing power standard (PPS) per inhabitant","All providers of health care","Household out-of-pocket payment","302.10"
"2015","Estonia","Purchasing power standard (PPS) per inhabitant","All providers of health care","Household out-of-pocket payment","331.32"
"2016","Estonia","Purchasing power standard (PPS) per inhabitant","All providers of health care","Household out-of-pocket payment","342.59"
"2017","Estonia","Purchasing power standard (PPS) per inhabitant","All providers of health care","Household out-of-pocket payment","367.93"
"2018","Estonia","Purchasing power standard (PPS) per inhabitant","All providers of health care","Household out-of-pocket payment",":"
"2003","Ireland","Purchasing power standard (PPS) per inhabitant","All providers of health care","Household out-of-pocket payment",":"
"2004","Ireland","Purchasing power standard (PPS) per inhabitant","All providers of health care","Household out-of-pocket payment",":"
"2005","Ireland","Purchasing power standard (PPS) per inhabitant","All providers of health care","Household out-of-pocket payment",":"
"2006","Ireland","Purchasing power standard (PPS) per inhabitant","All providers of health care","Household out-of-pocket payment",":"
"2007","Ireland","Purchasing power standard (PPS) per inhabitant","All providers of health care","Household out-of-pocket payment",":"
"2008","Ireland","Purchasing power standard (PPS) per inhabitant","All providers of health care","Household out-of-pocket payment",":"
"2009","Ireland","Purchasing power standard (PPS) per inhabitant","All providers of health care","Household out-of-pocket payment",":"
"2010","Ireland","Purchasing power standard (PPS) per inhabitant","All providers of health care","Household out-of-pocket payment",":"
"2011","Ireland","Purchasing power standard (PPS) per inhabitant","All providers of health care","Household out-of-pocket payment","453.31"
"2012","Ireland","Purchasing power standard (PPS) per inhabitant","All providers of health care","Household out-of-pocket payment","468.90"
"2013","Ireland","Purchasing power standard (PPS) per inhabitant","All providers of health care","Household out-of-pocket payment","463.99"
"2014","Ireland","Purchasing power standard (PPS) per inhabitant","All providers of health care","Household out-of-pocket payment","454.86"
"2015","Ireland","Purchasing power standard (PPS) per inhabitant","All providers of health care","Household out-of-pocket payment","442.50"
"2016","Ireland","Purchasing power standard (PPS) per inhabitant","All providers of health care","Household out-of-pocket payment","425.30"
"2017","Ireland","Purchasing power standard (PPS) per inhabitant","All providers of health care","Household out-of-pocket payment","430.83"
"2018","Ireland","Purchasing power standard (PPS) per inhabitant","All providers of health care","Household out-of-pocket payment","426.52"
"2003","Greece","Purchasing power standard (PPS) per inhabitant","All providers of health care","Household out-of-pocket payment",":"
"2004","Greece","Purchasing power standard (PPS) per inhabitant","All providers of health care","Household out-of-pocket payment",":"
"2005","Greece","Purchasing power standard (PPS) per inhabitant","All providers of health care","Household out-of-pocket payment",":"
"2006","Greece","Purchasing power standard (PPS) per inhabitant","All providers of health care","Household out-of-pocket payment",":"
"2007","Greece","Purchasing power standard (PPS) per inhabitant","All providers of health care","Household out-of-pocket payment",":"
"2008","Greece","Purchasing power standard (PPS) per inhabitant","All providers of health care","Household out-of-pocket payment",":"
"2009","Greece","Purchasing power standard (PPS) per inhabitant","All providers of health care","Household out-of-pocket payment","633.70"
"2010","Greece","Purchasing power standard (PPS) per inhabitant","All providers of health care","Household out-of-pocket payment","572.66"
"2011","Greece","Purchasing power standard (PPS) per inhabitant","All providers of health care","Household out-of-pocket payment","552.72"
"2012","Greece","Purchasing power standard (PPS) per inhabitant","All providers of health care","Household out-of-pocket payment","504.33"
"2013","Greece","Purchasing power standard (PPS) per inhabitant","All providers of health care","Household out-of-pocket payment","532.05"
"2014","Greece","Purchasing power standard (PPS) per inhabitant","All providers of health care","Household out-of-pocket payment","570.38"
"2015","Greece","Purchasing power standard (PPS) per inhabitant","All providers of health care","Household out-of-pocket payment","596.14"
"2016","Greece","Purchasing power standard (PPS) per inhabitant","All providers of health care","Household out-of-pocket payment","572.26"
"2017","Greece","Purchasing power standard (PPS) per inhabitant","All providers of health care","Household out-of-pocket payment","566.66"
"2018","Greece","Purchasing power standard (PPS) per inhabitant","All providers of health care","Household out-of-pocket payment","593.35"
"2003","Spain","Purchasing power standard (PPS) per inhabitant","All providers of health care","Household out-of-pocket payment","368.47"
"2004","Spain","Purchasing power standard (PPS) per inhabitant","All providers of health care","Household out-of-pocket payment","382.84"
"2005","Spain","Purchasing power standard (PPS) per inhabitant","All providers of health care","Household out-of-pocket payment","402.85"
"2006","Spain","Purchasing power standard (PPS) per inhabitant","All providers of health care","Household out-of-pocket payment","419.79"
"2007","Spain","Purchasing power standard (PPS) per inhabitant","All providers of health care","Household out-of-pocket payment","429.72"
"2008","Spain","Purchasing power standard (PPS) per inhabitant","All providers of health care","Household out-of-pocket payment","446.85"
"2009","Spain","Purchasing power standard (PPS) per inhabitant","All providers of health care","Household out-of-pocket payment","418.33"
"2010","Spain","Purchasing power standard (PPS) per inhabitant","All providers of health care","Household out-of-pocket payment","439.97"
"2011","Spain","Purchasing power standard (PPS) per inhabitant","All providers of health care","Household out-of-pocket payment","445.55"
"2012","Spain","Purchasing power standard (PPS) per inhabitant","All providers of health care","Household out-of-pocket payment","480.67"
"2013","Spain","Purchasing power standard (PPS) per inhabitant","All providers of health care","Household out-of-pocket payment","500.64"
"2014","Spain","Purchasing power standard (PPS) per inhabitant","All providers of health care","Household out-of-pocket payment","529.75"
"2015","Spain","Purchasing power standard (PPS) per inhabitant","All providers of health care","Household out-of-pocket payment","560.30"
"2016","Spain","Purchasing power standard (PPS) per inhabitant","All providers of health care","Household out-of-pocket payment","557.75"
"2017","Spain","Purchasing power standard (PPS) per inhabitant","All providers of health care","Household out-of-pocket payment","558.68"
"2018","Spain","Purchasing power standard (PPS) per inhabitant","All providers of health care","Household out-of-pocket payment",":"
"2003","France","Purchasing power standard (PPS) per inhabitant","All providers of health care","Household out-of-pocket payment",":"
"2004","France","Purchasing power standard (PPS) per inhabitant","All providers of health care","Household out-of-pocket payment",":"
"2005","France","Purchasing power standard (PPS) per inhabitant","All providers of health care","Household out-of-pocket payment",":"
"2006","France","Purchasing power standard (PPS) per inhabitant","All providers of health care","Household out-of-pocket payment","267.18"
"2007","France","Purchasing power standard (PPS) per inhabitant","All providers of health care","Household out-of-pocket payment","282.73"
"2008","France","Purchasing power standard (PPS) per inhabitant","All providers of health care","Household out-of-pocket payment","299.10"
"2009","France","Purchasing power standard (PPS) per inhabitant","All providers of health care","Household out-of-pocket payment","309.71"
"2010","France","Purchasing power standard (PPS) per inhabitant","All providers of health care","Household out-of-pocket payment","321.88"
"2011","France","Purchasing power standard (PPS) per inhabitant","All providers of health care","Household out-of-pocket payment","330.17"
"2012","France","Purchasing power standard (PPS) per inhabitant","All providers of health care","Household out-of-pocket payment","335.89"
"2013","France","Purchasing power standard (PPS) per inhabitant","All providers of health care","Household out-of-pocket payment","341.84"
"2014","France","Purchasing power standard (PPS) per inhabitant","All providers of health care","Household out-of-pocket payment","348.45"
"2015","France","Purchasing power standard (PPS) per inhabitant","All providers of health care","Household out-of-pocket payment","353.57"
"2016","France","Purchasing power standard (PPS) per inhabitant","All providers of health care","Household out-of-pocket payment","348.16"
"2017","France","Purchasing power standard (PPS) per inhabitant","All providers of health care","Household out-of-pocket payment","347.91"
"2018","France","Purchasing power standard (PPS) per inhabitant","All providers of health care","Household out-of-pocket payment","342.55"
"2003","Croatia","Purchasing power standard (PPS) per inhabitant","All providers of health care","Household out-of-pocket payment",":"
"2004","Croatia","Purchasing power standard (PPS) per inhabitant","All providers of health care","Household out-of-pocket payment",":"
"2005","Croatia","Purchasing power standard (PPS) per inhabitant","All providers of health care","Household out-of-pocket payment",":"
"2006","Croatia","Purchasing power standard (PPS) per inhabitant","All providers of health care","Household out-of-pocket payment",":"
"2007","Croatia","Purchasing power standard (PPS) per inhabitant","All providers of health care","Household out-of-pocket payment",":"
"2008","Croatia","Purchasing power standard (PPS) per inhabitant","All providers of health care","Household out-of-pocket payment",":"
"2009","Croatia","Purchasing power standard (PPS) per inhabitant","All providers of health care","Household out-of-pocket payment",":"
"2010","Croatia","Purchasing power standard (PPS) per inhabitant","All providers of health care","Household out-of-pocket payment",":"
"2011","Croatia","Purchasing power standard (PPS) per inhabitant","All providers of health care","Household out-of-pocket payment",":"
"2012","Croatia","Purchasing power standard (PPS) per inhabitant","All providers of health care","Household out-of-pocket payment",":"
"2013","Croatia","Purchasing power standard (PPS) per inhabitant","All providers of health care","Household out-of-pocket payment","91.87"
"2014","Croatia","Purchasing power standard (PPS) per inhabitant","All providers of health care","Household out-of-pocket payment","123.97"
"2015","Croatia","Purchasing power standard (PPS) per inhabitant","All providers of health care","Household out-of-pocket payment","129.88"
"2016","Croatia","Purchasing power standard (PPS) per inhabitant","All providers of health care","Household out-of-pocket payment","135.80"
"2017","Croatia","Purchasing power standard (PPS) per inhabitant","All providers of health care","Household out-of-pocket payment","139.81"
"2018","Croatia","Purchasing power standard (PPS) per inhabitant","All providers of health care","Household out-of-pocket payment","141.22"
"2003","Italy","Purchasing power standard (PPS) per inhabitant","All providers of health care","Household out-of-pocket payment",":"
"2004","Italy","Purchasing power standard (PPS) per inhabitant","All providers of health care","Household out-of-pocket payment",":"
"2005","Italy","Purchasing power standard (PPS) per inhabitant","All providers of health care","Household out-of-pocket payment",":"
"2006","Italy","Purchasing power standard (PPS) per inhabitant","All providers of health care","Household out-of-pocket payment",":"
"2007","Italy","Purchasing power standard (PPS) per inhabitant","All providers of health care","Household out-of-pocket payment",":"
"2008","Italy","Purchasing power standard (PPS) per inhabitant","All providers of health care","Household out-of-pocket payment",":"
"2009","Italy","Purchasing power standard (PPS) per inhabitant","All providers of health care","Household out-of-pocket payment",":"
"2010","Italy","Purchasing power standard (PPS) per inhabitant","All providers of health care","Household out-of-pocket payment",":"
"2011","Italy","Purchasing power standard (PPS) per inhabitant","All providers of health care","Household out-of-pocket payment",":"
"2012","Italy","Purchasing power standard (PPS) per inhabitant","All providers of health care","Household out-of-pocket payment","523.66"
"2013","Italy","Purchasing power standard (PPS) per inhabitant","All providers of health care","Household out-of-pocket payment","510.83"
"2014","Italy","Purchasing power standard (PPS) per inhabitant","All providers of health care","Household out-of-pocket payment","521.88"
"2015","Italy","Purchasing power standard (PPS) per inhabitant","All providers of health care","Household out-of-pocket payment","564.87"
"2016","Italy","Purchasing power standard (PPS) per inhabitant","All providers of health care","Household out-of-pocket payment","564.02"
"2017","Italy","Purchasing power standard (PPS) per inhabitant","All providers of health care","Household out-of-pocket payment","583.85"
"2018","Italy","Purchasing power standard (PPS) per inhabitant","All providers of health care","Household out-of-pocket payment","589.66"
"2003","Cyprus","Purchasing power standard (PPS) per inhabitant","All providers of health care","Household out-of-pocket payment",":"
"2004","Cyprus","Purchasing power standard (PPS) per inhabitant","All providers of health care","Household out-of-pocket payment",":"
"2005","Cyprus","Purchasing power standard (PPS) per inhabitant","All providers of health care","Household out-of-pocket payment",":"
"2006","Cyprus","Purchasing power standard (PPS) per inhabitant","All providers of health care","Household out-of-pocket payment",":"
"2007","Cyprus","Purchasing power standard (PPS) per inhabitant","All providers of health care","Household out-of-pocket payment",":"
"2008","Cyprus","Purchasing power standard (PPS) per inhabitant","All providers of health care","Household out-of-pocket payment",":"
"2009","Cyprus","Purchasing power standard (PPS) per inhabitant","All providers of health care","Household out-of-pocket payment",":"
"2010","Cyprus","Purchasing power standard (PPS) per inhabitant","All providers of health care","Household out-of-pocket payment","695.29"
"2011","Cyprus","Purchasing power standard (PPS) per inhabitant","All providers of health care","Household out-of-pocket payment","648.39"
"2012","Cyprus","Purchasing power standard (PPS) per inhabitant","All providers of health care","Household out-of-pocket payment","650.98"
"2013","Cyprus","Purchasing power standard (PPS) per inhabitant","All providers of health care","Household out-of-pocket payment","648.98"
"2014","Cyprus","Purchasing power standard (PPS) per inhabitant","All providers of health care","Household out-of-pocket payment","697.56"
"2015","Cyprus","Purchasing power standard (PPS) per inhabitant","All providers of health care","Household out-of-pocket payment","735.90"
"2016","Cyprus","Purchasing power standard (PPS) per inhabitant","All providers of health care","Household out-of-pocket payment","794.42"
"2017","Cyprus","Purchasing power standard (PPS) per inhabitant","All providers of health care","Household out-of-pocket payment","797.73"
"2018","Cyprus","Purchasing power standard (PPS) per inhabitant","All providers of health care","Household out-of-pocket payment","823.04"
"2003","Latvia","Purchasing power standard (PPS) per inhabitant","All providers of health care","Household out-of-pocket payment",":"
"2004","Latvia","Purchasing power standard (PPS) per inhabitant","All providers of health care","Household out-of-pocket payment",":"
"2005","Latvia","Purchasing power standard (PPS) per inhabitant","All providers of health care","Household out-of-pocket payment",":"
"2006","Latvia","Purchasing power standard (PPS) per inhabitant","All providers of health care","Household out-of-pocket payment",":"
"2007","Latvia","Purchasing power standard (PPS) per inhabitant","All providers of health care","Household out-of-pocket payment",":"
"2008","Latvia","Purchasing power standard (PPS) per inhabitant","All providers of health care","Household out-of-pocket payment",":"
"2009","Latvia","Purchasing power standard (PPS) per inhabitant","All providers of health care","Household out-of-pocket payment",":"
"2010","Latvia","Purchasing power standard (PPS) per inhabitant","All providers of health care","Household out-of-pocket payment",":"
"2011","Latvia","Purchasing power standard (PPS) per inhabitant","All providers of health care","Household out-of-pocket payment",":"
"2012","Latvia","Purchasing power standard (PPS) per inhabitant","All providers of health care","Household out-of-pocket payment",":"
"2013","Latvia","Purchasing power standard (PPS) per inhabitant","All providers of health care","Household out-of-pocket payment","357.25"
"2014","Latvia","Purchasing power standard (PPS) per inhabitant","All providers of health care","Household out-of-pocket payment","383.45"
"2015","Latvia","Purchasing power standard (PPS) per inhabitant","All providers of health care","Household out-of-pocket payment","442.64"
"2016","Latvia","Purchasing power standard (PPS) per inhabitant","All providers of health care","Household out-of-pocket payment","514.48"
"2017","Latvia","Purchasing power standard (PPS) per inhabitant","All providers of health care","Household out-of-pocket payment","506.78"
"2018","Latvia","Purchasing power standard (PPS) per inhabitant","All providers of health care","Household out-of-pocket payment",":"
"2003","Lithuania","Purchasing power standard (PPS) per inhabitant","All providers of health care","Household out-of-pocket payment",":"
"2004","Lithuania","Purchasing power standard (PPS) per inhabitant","All providers of health care","Household out-of-pocket payment",":"
"2005","Lithuania","Purchasing power standard (PPS) per inhabitant","All providers of health care","Household out-of-pocket payment",":"
"2006","Lithuania","Purchasing power standard (PPS) per inhabitant","All providers of health care","Household out-of-pocket payment","266.93"
"2007","Lithuania","Purchasing power standard (PPS) per inhabitant","All providers of health care","Household out-of-pocket payment","272.35"
"2008","Lithuania","Purchasing power standard (PPS) per inhabitant","All providers of health care","Household out-of-pocket payment","303.58"
"2009","Lithuania","Purchasing power standard (PPS) per inhabitant","All providers of health care","Household out-of-pocket payment","278.59"
"2010","Lithuania","Purchasing power standard (PPS) per inhabitant","All providers of health care","Household out-of-pocket payment","294.21"
"2011","Lithuania","Purchasing power standard (PPS) per inhabitant","All providers of health care","Household out-of-pocket payment","324.65"
"2012","Lithuania","Purchasing power standard (PPS) per inhabitant","All providers of health care","Household out-of-pocket payment","384.94"
"2013","Lithuania","Purchasing power standard (PPS) per inhabitant","All providers of health care","Household out-of-pocket payment","412.13"
"2014","Lithuania","Purchasing power standard (PPS) per inhabitant","All providers of health care","Household out-of-pocket payment","427.79"
"2015","Lithuania","Purchasing power standard (PPS) per inhabitant","All providers of health care","Household out-of-pocket payment","475.66"
"2016","Lithuania","Purchasing power standard (PPS) per inhabitant","All providers of health care","Household out-of-pocket payment","500.76"
"2017","Lithuania","Purchasing power standard (PPS) per inhabitant","All providers of health care","Household out-of-pocket payment","526.63"
"2018","Lithuania","Purchasing power standard (PPS) per inhabitant","All providers of health care","Household out-of-pocket payment","542.36"
"2003","Luxembourg","Purchasing power standard (PPS) per inhabitant","All providers of health care","Household out-of-pocket payment",":"
"2004","Luxembourg","Purchasing power standard (PPS) per inhabitant","All providers of health care","Household out-of-pocket payment",":"
"2005","Luxembourg","Purchasing power standard (PPS) per inhabitant","All providers of health care","Household out-of-pocket payment",":"
"2006","Luxembourg","Purchasing power standard (PPS) per inhabitant","All providers of health care","Household out-of-pocket payment",":"
"2007","Luxembourg","Purchasing power standard (PPS) per inhabitant","All providers of health care","Household out-of-pocket payment",":"
"2008","Luxembourg","Purchasing power standard (PPS) per inhabitant","All providers of health care","Household out-of-pocket payment",":"
"2009","Luxembourg","Purchasing power standard (PPS) per inhabitant","All providers of health care","Household out-of-pocket payment",":"
"2010","Luxembourg","Purchasing power standard (PPS) per inhabitant","All providers of health care","Household out-of-pocket payment",":"
"2011","Luxembourg","Purchasing power standard (PPS) per inhabitant","All providers of health care","Household out-of-pocket payment","407.21"
"2012","Luxembourg","Purchasing power standard (PPS) per inhabitant","All providers of health care","Household out-of-pocket payment","391.76"
"2013","Luxembourg","Purchasing power standard (PPS) per inhabitant","All providers of health care","Household out-of-pocket payment","392.21"
"2014","Luxembourg","Purchasing power standard (PPS) per inhabitant","All providers of health care","Household out-of-pocket payment","397.37"
"2015","Luxembourg","Purchasing power standard (PPS) per inhabitant","All providers of health care","Household out-of-pocket payment","391.81"
"2016","Luxembourg","Purchasing power standard (PPS) per inhabitant","All providers of health care","Household out-of-pocket payment","386.99"
"2017","Luxembourg","Purchasing power standard (PPS) per inhabitant","All providers of health care","Household out-of-pocket payment","385.57"
"2018","Luxembourg","Purchasing power standard (PPS) per inhabitant","All providers of health care","Household out-of-pocket payment","391.19"
"2003","Hungary","Purchasing power standard (PPS) per inhabitant","All providers of health care","Household out-of-pocket payment",":"
"2004","Hungary","Purchasing power standard (PPS) per inhabitant","All providers of health care","Household out-of-pocket payment",":"
"2005","Hungary","Purchasing power standard (PPS) per inhabitant","All providers of health care","Household out-of-pocket payment",":"
"2006","Hungary","Purchasing power standard (PPS) per inhabitant","All providers of health care","Household out-of-pocket payment","313.33"
"2007","Hungary","Purchasing power standard (PPS) per inhabitant","All providers of health care","Household out-of-pocket payment","310.61"
"2008","Hungary","Purchasing power standard (PPS) per inhabitant","All providers of health care","Household out-of-pocket payment","314.60"
"2009","Hungary","Purchasing power standard (PPS) per inhabitant","All providers of health care","Household out-of-pocket payment","307.56"
"2010","Hungary","Purchasing power standard (PPS) per inhabitant","All providers of health care","Household out-of-pocket payment","355.17"
"2011","Hungary","Purchasing power standard (PPS) per inhabitant","All providers of health care","Household out-of-pocket payment","383.75"
"2012","Hungary","Purchasing power standard (PPS) per inhabitant","All providers of health care","Household out-of-pocket payment","400.50"
"2013","Hungary","Purchasing power standard (PPS) per inhabitant","All providers of health care","Household out-of-pocket payment","390.12"
"2014","Hungary","Purchasing power standard (PPS) per inhabitant","All providers of health care","Household out-of-pocket payment","402.56"
"2015","Hungary","Purchasing power standard (PPS) per inhabitant","All providers of health care","Household out-of-pocket payment","404.64"
"2016","Hungary","Purchasing power standard (PPS) per inhabitant","All providers of health care","Household out-of-pocket payment","408.65"
"2017","Hungary","Purchasing power standard (PPS) per inhabitant","All providers of health care","Household out-of-pocket payment","395.24"
"2018","Hungary","Purchasing power standard (PPS) per inhabitant","All providers of health care","Household out-of-pocket payment","415.47"
"2003","Malta","Purchasing power standard (PPS) per inhabitant","All providers of health care","Household out-of-pocket payment",":"
"2004","Malta","Purchasing power standard (PPS) per inhabitant","All providers of health care","Household out-of-pocket payment",":"
"2005","Malta","Purchasing power standard (PPS) per inhabitant","All providers of health care","Household out-of-pocket payment",":"
"2006","Malta","Purchasing power standard (PPS) per inhabitant","All providers of health care","Household out-of-pocket payment",":"
"2007","Malta","Purchasing power standard (PPS) per inhabitant","All providers of health care","Household out-of-pocket payment",":"
"2008","Malta","Purchasing power standard (PPS) per inhabitant","All providers of health care","Household out-of-pocket payment",":"
"2009","Malta","Purchasing power standard (PPS) per inhabitant","All providers of health care","Household out-of-pocket payment",":"
"2010","Malta","Purchasing power standard (PPS) per inhabitant","All providers of health care","Household out-of-pocket payment",":"
"2011","Malta","Purchasing power standard (PPS) per inhabitant","All providers of health care","Household out-of-pocket payment",":"
"2012","Malta","Purchasing power standard (PPS) per inhabitant","All providers of health care","Household out-of-pocket payment",":"
"2013","Malta","Purchasing power standard (PPS) per inhabitant","All providers of health care","Household out-of-pocket payment",":"
"2014","Malta","Purchasing power standard (PPS) per inhabitant","All providers of health care","Household out-of-pocket payment","835.08"
"2015","Malta","Purchasing power standard (PPS) per inhabitant","All providers of health care","Household out-of-pocket payment","938.61"
"2016","Malta","Purchasing power standard (PPS) per inhabitant","All providers of health care","Household out-of-pocket payment","895.94"
"2017","Malta","Purchasing power standard (PPS) per inhabitant","All providers of health care","Household out-of-pocket payment","957.68"
"2018","Malta","Purchasing power standard (PPS) per inhabitant","All providers of health care","Household out-of-pocket payment",":"
"2003","Netherlands","Purchasing power standard (PPS) per inhabitant","All providers of health care","Household out-of-pocket payment","258.52"
"2004","Netherlands","Purchasing power standard (PPS) per inhabitant","All providers of health care","Household out-of-pocket payment","281.91"
"2005","Netherlands","Purchasing power standard (PPS) per inhabitant","All providers of health care","Household out-of-pocket payment","294.92"
"2006","Netherlands","Purchasing power standard (PPS) per inhabitant","All providers of health care","Household out-of-pocket payment","264.30"
"2007","Netherlands","Purchasing power standard (PPS) per inhabitant","All providers of health care","Household out-of-pocket payment","266.05"
"2008","Netherlands","Purchasing power standard (PPS) per inhabitant","All providers of health care","Household out-of-pocket payment","347.52"
"2009","Netherlands","Purchasing power standard (PPS) per inhabitant","All providers of health care","Household out-of-pocket payment","315.73"
"2010","Netherlands","Purchasing power standard (PPS) per inhabitant","All providers of health care","Household out-of-pocket payment","316.40"
"2011","Netherlands","Purchasing power standard (PPS) per inhabitant","All providers of health care","Household out-of-pocket payment","335.55"
"2012","Netherlands","Purchasing power standard (PPS) per inhabitant","All providers of health care","Household out-of-pocket payment","372.53"
"2013","Netherlands","Purchasing power standard (PPS) per inhabitant","All providers of health care","Household out-of-pocket payment","428.97"
"2014","Netherlands","Purchasing power standard (PPS) per inhabitant","All providers of health care","Household out-of-pocket payment","435.93"
"2015","Netherlands","Purchasing power standard (PPS) per inhabitant","All providers of health care","Household out-of-pocket payment","433.37"
"2016","Netherlands","Purchasing power standard (PPS) per inhabitant","All providers of health care","Household out-of-pocket payment","423.42"
"2017","Netherlands","Purchasing power standard (PPS) per inhabitant","All providers of health care","Household out-of-pocket payment","419.64"
"2018","Netherlands","Purchasing power standard (PPS) per inhabitant","All providers of health care","Household out-of-pocket payment","421.88"
"2003","Austria","Purchasing power standard (PPS) per inhabitant","All providers of health care","Household out-of-pocket payment",":"
"2004","Austria","Purchasing power standard (PPS) per inhabitant","All providers of health care","Household out-of-pocket payment","533.21"
"2005","Austria","Purchasing power standard (PPS) per inhabitant","All providers of health care","Household out-of-pocket payment","555.16"
"2006","Austria","Purchasing power standard (PPS) per inhabitant","All providers of health care","Household out-of-pocket payment","566.60"
"2007","Austria","Purchasing power standard (PPS) per inhabitant","All providers of health care","Household out-of-pocket payment","590.45"
"2008","Austria","Purchasing power standard (PPS) per inhabitant","All providers of health care","Household out-of-pocket payment","585.05"
"2009","Austria","Purchasing power standard (PPS) per inhabitant","All providers of health care","Household out-of-pocket payment","579.72"
"2010","Austria","Purchasing power standard (PPS) per inhabitant","All providers of health care","Household out-of-pocket payment","615.91"
"2011","Austria","Purchasing power standard (PPS) per inhabitant","All providers of health care","Household out-of-pocket payment","630.86"
"2012","Austria","Purchasing power standard (PPS) per inhabitant","All providers of health care","Household out-of-pocket payment","661.45"
"2013","Austria","Purchasing power standard (PPS) per inhabitant","All providers of health care","Household out-of-pocket payment","690.27"
"2014","Austria","Purchasing power standard (PPS) per inhabitant","All providers of health care","Household out-of-pocket payment","707.42"
"2015","Austria","Purchasing power standard (PPS) per inhabitant","All providers of health care","Household out-of-pocket payment","735.46"
"2016","Austria","Purchasing power standard (PPS) per inhabitant","All providers of health care","Household out-of-pocket payment","738.46"
"2017","Austria","Purchasing power standard (PPS) per inhabitant","All providers of health care","Household out-of-pocket payment","740.40"
"2018","Austria","Purchasing power standard (PPS) per inhabitant","All providers of health care","Household out-of-pocket payment","730.95"
"2003","Poland","Purchasing power standard (PPS) per inhabitant","All providers of health care","Household out-of-pocket payment",":"
"2004","Poland","Purchasing power standard (PPS) per inhabitant","All providers of health care","Household out-of-pocket payment",":"
"2005","Poland","Purchasing power standard (PPS) per inhabitant","All providers of health care","Household out-of-pocket payment",":"
"2006","Poland","Purchasing power standard (PPS) per inhabitant","All providers of health care","Household out-of-pocket payment",":"
"2007","Poland","Purchasing power standard (PPS) per inhabitant","All providers of health care","Household out-of-pocket payment",":"
"2008","Poland","Purchasing power standard (PPS) per inhabitant","All providers of health care","Household out-of-pocket payment",":"
"2009","Poland","Purchasing power standard (PPS) per inhabitant","All providers of health care","Household out-of-pocket payment",":"
"2010","Poland","Purchasing power standard (PPS) per inhabitant","All providers of health care","Household out-of-pocket payment",":"
"2011","Poland","Purchasing power standard (PPS) per inhabitant","All providers of health care","Household out-of-pocket payment",":"
"2012","Poland","Purchasing power standard (PPS) per inhabitant","All providers of health care","Household out-of-pocket payment",":"
"2013","Poland","Purchasing power standard (PPS) per inhabitant","All providers of health care","Household out-of-pocket payment","298.31"
"2014","Poland","Purchasing power standard (PPS) per inhabitant","All providers of health care","Household out-of-pocket payment","297.32"
"2015","Poland","Purchasing power standard (PPS) per inhabitant","All providers of health care","Household out-of-pocket payment","325.83"
"2016","Poland","Purchasing power standard (PPS) per inhabitant","All providers of health care","Household out-of-pocket payment","330.45"
"2017","Poland","Purchasing power standard (PPS) per inhabitant","All providers of health care","Household out-of-pocket payment",":"
"2018","Poland","Purchasing power standard (PPS) per inhabitant","All providers of health care","Household out-of-pocket payment",":"
"2003","Portugal","Purchasing power standard (PPS) per inhabitant","All providers of health care","Household out-of-pocket payment","354.65"
"2004","Portugal","Purchasing power standard (PPS) per inhabitant","All providers of health care","Household out-of-pocket payment","379.62"
"2005","Portugal","Purchasing power standard (PPS) per inhabitant","All providers of health care","Household out-of-pocket payment","414.46"
"2006","Portugal","Purchasing power standard (PPS) per inhabitant","All providers of health care","Household out-of-pocket payment","455.89"
"2007","Portugal","Purchasing power standard (PPS) per inhabitant","All providers of health care","Household out-of-pocket payment","478.56"
"2008","Portugal","Purchasing power standard (PPS) per inhabitant","All providers of health care","Household out-of-pocket payment","492.80"
"2009","Portugal","Purchasing power standard (PPS) per inhabitant","All providers of health care","Household out-of-pocket payment","473.83"
"2010","Portugal","Purchasing power standard (PPS) per inhabitant","All providers of health care","Household out-of-pocket payment","482.99"
"2011","Portugal","Purchasing power standard (PPS) per inhabitant","All providers of health care","Household out-of-pocket payment","490.62"
"2012","Portugal","Purchasing power standard (PPS) per inhabitant","All providers of health care","Household out-of-pocket payment","510.14"
"2013","Portugal","Purchasing power standard (PPS) per inhabitant","All providers of health care","Household out-of-pocket payment","492.19"
"2014","Portugal","Purchasing power standard (PPS) per inhabitant","All providers of health care","Household out-of-pocket payment","517.44"
"2015","Portugal","Purchasing power standard (PPS) per inhabitant","All providers of health care","Household out-of-pocket payment","548.49"
"2016","Portugal","Purchasing power standard (PPS) per inhabitant","All providers of health care","Household out-of-pocket payment","556.22"
"2017","Portugal","Purchasing power standard (PPS) per inhabitant","All providers of health care","Household out-of-pocket payment","558.48"
"2018","Portugal","Purchasing power standard (PPS) per inhabitant","All providers of health care","Household out-of-pocket payment",":"
"2003","Romania","Purchasing power standard (PPS) per inhabitant","All providers of health care","Household out-of-pocket payment",":"
"2004","Romania","Purchasing power standard (PPS) per inhabitant","All providers of health care","Household out-of-pocket payment",":"
"2005","Romania","Purchasing power standard (PPS) per inhabitant","All providers of health care","Household out-of-pocket payment",":"
"2006","Romania","Purchasing power standard (PPS) per inhabitant","All providers of health care","Household out-of-pocket payment",":"
"2007","Romania","Purchasing power standard (PPS) per inhabitant","All providers of health care","Household out-of-pocket payment",":"
"2008","Romania","Purchasing power standard (PPS) per inhabitant","All providers of health care","Household out-of-pocket payment",":"
"2009","Romania","Purchasing power standard (PPS) per inhabitant","All providers of health care","Household out-of-pocket payment",":"
"2010","Romania","Purchasing power standard (PPS) per inhabitant","All providers of health care","Household out-of-pocket payment",":"
"2011","Romania","Purchasing power standard (PPS) per inhabitant","All providers of health care","Household out-of-pocket payment","156.72"
"2012","Romania","Purchasing power standard (PPS) per inhabitant","All providers of health care","Household out-of-pocket payment","154.01"
"2013","Romania","Purchasing power standard (PPS) per inhabitant","All providers of health care","Household out-of-pocket payment","157.73"
"2014","Romania","Purchasing power standard (PPS) per inhabitant","All providers of health care","Household out-of-pocket payment","162.28"
"2015","Romania","Purchasing power standard (PPS) per inhabitant","All providers of health care","Household out-of-pocket payment","180.33"
"2016","Romania","Purchasing power standard (PPS) per inhabitant","All providers of health care","Household out-of-pocket payment","191.77"
"2017","Romania","Purchasing power standard (PPS) per inhabitant","All providers of health care","Household out-of-pocket payment","212.29"
"2018","Romania","Purchasing power standard (PPS) per inhabitant","All providers of health care","Household out-of-pocket payment","235.77"
"2003","Slovenia","Purchasing power standard (PPS) per inhabitant","All providers of health care","Household out-of-pocket payment",":"
"2004","Slovenia","Purchasing power standard (PPS) per inhabitant","All providers of health care","Household out-of-pocket payment",":"
"2005","Slovenia","Purchasing power standard (PPS) per inhabitant","All providers of health care","Household out-of-pocket payment",":"
"2006","Slovenia","Purchasing power standard (PPS) per inhabitant","All providers of health care","Household out-of-pocket payment",":"
"2007","Slovenia","Purchasing power standard (PPS) per inhabitant","All providers of health care","Household out-of-pocket payment",":"
"2008","Slovenia","Purchasing power standard (PPS) per inhabitant","All providers of health care","Household out-of-pocket payment",":"
"2009","Slovenia","Purchasing power standard (PPS) per inhabitant","All providers of health care","Household out-of-pocket payment",":"
"2010","Slovenia","Purchasing power standard (PPS) per inhabitant","All providers of health care","Household out-of-pocket payment",":"
"2011","Slovenia","Purchasing power standard (PPS) per inhabitant","All providers of health care","Household out-of-pocket payment",":"
"2012","Slovenia","Purchasing power standard (PPS) per inhabitant","All providers of health care","Household out-of-pocket payment",":"
"2013","Slovenia","Purchasing power standard (PPS) per inhabitant","All providers of health care","Household out-of-pocket payment",":"
"2014","Slovenia","Purchasing power standard (PPS) per inhabitant","All providers of health care","Household out-of-pocket payment","247.31"
"2015","Slovenia","Purchasing power standard (PPS) per inhabitant","All providers of health care","Household out-of-pocket payment","250.56"
"2016","Slovenia","Purchasing power standard (PPS) per inhabitant","All providers of health care","Household out-of-pocket payment","241.57"
"2017","Slovenia","Purchasing power standard (PPS) per inhabitant","All providers of health care","Household out-of-pocket payment","253.81"
"2018","Slovenia","Purchasing power standard (PPS) per inhabitant","All providers of health care","Household out-of-pocket payment",":"
"2003","Slovakia","Purchasing power standard (PPS) per inhabitant","All providers of health care","Household out-of-pocket payment",":"
"2004","Slovakia","Purchasing power standard (PPS) per inhabitant","All providers of health care","Household out-of-pocket payment",":"
"2005","Slovakia","Purchasing power standard (PPS) per inhabitant","All providers of health care","Household out-of-pocket payment",":"
"2006","Slovakia","Purchasing power standard (PPS) per inhabitant","All providers of health care","Household out-of-pocket payment",":"
"2007","Slovakia","Purchasing power standard (PPS) per inhabitant","All providers of health care","Household out-of-pocket payment",":"
"2008","Slovakia","Purchasing power standard (PPS) per inhabitant","All providers of health care","Household out-of-pocket payment",":"
"2009","Slovakia","Purchasing power standard (PPS) per inhabitant","All providers of health care","Household out-of-pocket payment",":"
"2010","Slovakia","Purchasing power standard (PPS) per inhabitant","All providers of health care","Household out-of-pocket payment",":"
"2011","Slovakia","Purchasing power standard (PPS) per inhabitant","All providers of health care","Household out-of-pocket payment",":"
"2012","Slovakia","Purchasing power standard (PPS) per inhabitant","All providers of health care","Household out-of-pocket payment","376.13"
"2013","Slovakia","Purchasing power standard (PPS) per inhabitant","All providers of health care","Household out-of-pocket payment","379.29"
"2014","Slovakia","Purchasing power standard (PPS) per inhabitant","All providers of health care","Household out-of-pocket payment","275.89"
"2015","Slovakia","Purchasing power standard (PPS) per inhabitant","All providers of health care","Household out-of-pocket payment","295.83"
"2016","Slovakia","Purchasing power standard (PPS) per inhabitant","All providers of health care","Household out-of-pocket payment","298.56"
"2017","Slovakia","Purchasing power standard (PPS) per inhabitant","All providers of health care","Household out-of-pocket payment","301.02"
"2018","Slovakia","Purchasing power standard (PPS) per inhabitant","All providers of health care","Household out-of-pocket payment",":"
"2003","Finland","Purchasing power standard (PPS) per inhabitant","All providers of health care","Household out-of-pocket payment","383.37"
"2004","Finland","Purchasing power standard (PPS) per inhabitant","All providers of health care","Household out-of-pocket payment","406.86"
"2005","Finland","Purchasing power standard (PPS) per inhabitant","All providers of health care","Household out-of-pocket payment","426.89"
"2006","Finland","Purchasing power standard (PPS) per inhabitant","All providers of health care","Household out-of-pocket payment","434.33"
"2007","Finland","Purchasing power standard (PPS) per inhabitant","All providers of health care","Household out-of-pocket payment","475.97"
"2008","Finland","Purchasing power standard (PPS) per inhabitant","All providers of health care","Household out-of-pocket payment","490.39"
"2009","Finland","Purchasing power standard (PPS) per inhabitant","All providers of health care","Household out-of-pocket payment","482.45"
"2010","Finland","Purchasing power standard (PPS) per inhabitant","All providers of health care","Household out-of-pocket payment","513.73"
"2011","Finland","Purchasing power standard (PPS) per inhabitant","All providers of health care","Household out-of-pocket payment","520.56"
"2012","Finland","Purchasing power standard (PPS) per inhabitant","All providers of health care","Household out-of-pocket payment","526.89"
"2013","Finland","Purchasing power standard (PPS) per inhabitant","All providers of health care","Household out-of-pocket payment","542.45"
"2014","Finland","Purchasing power standard (PPS) per inhabitant","All providers of health care","Household out-of-pocket payment","549.93"
"2015","Finland","Purchasing power standard (PPS) per inhabitant","All providers of health care","Household out-of-pocket payment","614.67"
"2016","Finland","Purchasing power standard (PPS) per inhabitant","All providers of health care","Household out-of-pocket payment","618.78"
"2017","Finland","Purchasing power standard (PPS) per inhabitant","All providers of health care","Household out-of-pocket payment","613.78"
"2018","Finland","Purchasing power standard (PPS) per inhabitant","All providers of health care","Household out-of-pocket payment",":"
"2003","Sweden","Purchasing power standard (PPS) per inhabitant","All providers of health care","Household out-of-pocket payment",":"
"2004","Sweden","Purchasing power standard (PPS) per inhabitant","All providers of health care","Household out-of-pocket payment",":"
"2005","Sweden","Purchasing power standard (PPS) per inhabitant","All providers of health care","Household out-of-pocket payment",":"
"2006","Sweden","Purchasing power standard (PPS) per inhabitant","All providers of health care","Household out-of-pocket payment",":"
"2007","Sweden","Purchasing power standard (PPS) per inhabitant","All providers of health care","Household out-of-pocket payment",":"
"2008","Sweden","Purchasing power standard (PPS) per inhabitant","All providers of health care","Household out-of-pocket payment",":"
"2009","Sweden","Purchasing power standard (PPS) per inhabitant","All providers of health care","Household out-of-pocket payment",":"
"2010","Sweden","Purchasing power standard (PPS) per inhabitant","All providers of health care","Household out-of-pocket payment",":"
"2011","Sweden","Purchasing power standard (PPS) per inhabitant","All providers of health care","Household out-of-pocket payment","504.56"
"2012","Sweden","Purchasing power standard (PPS) per inhabitant","All providers of health care","Household out-of-pocket payment","535.15"
"2013","Sweden","Purchasing power standard (PPS) per inhabitant","All providers of health care","Household out-of-pocket payment","533.26"
"2014","Sweden","Purchasing power standard (PPS) per inhabitant","All providers of health care","Household out-of-pocket payment","553.47"
"2015","Sweden","Purchasing power standard (PPS) per inhabitant","All providers of health care","Household out-of-pocket payment","580.24"
"2016","Sweden","Purchasing power standard (PPS) per inhabitant","All providers of health care","Household out-of-pocket payment","548.10"
"2017","Sweden","Purchasing power standard (PPS) per inhabitant","All providers of health care","Household out-of-pocket payment","540.26"
"2018","Sweden","Purchasing power standard (PPS) per inhabitant","All providers of health care","Household out-of-pocket payment","537.92"
"2003","United Kingdom","Purchasing power standard (PPS) per inhabitant","All providers of health care","Household out-of-pocket payment",":"
"2004","United Kingdom","Purchasing power standard (PPS) per inhabitant","All providers of health care","Household out-of-pocket payment",":"
"2005","United Kingdom","Purchasing power standard (PPS) per inhabitant","All providers of health care","Household out-of-pocket payment",":"
"2006","United Kingdom","Purchasing power standard (PPS) per inhabitant","All providers of health care","Household out-of-pocket payment",":"
"2007","United Kingdom","Purchasing power standard (PPS) per inhabitant","All providers of health care","Household out-of-pocket payment",":"
"2008","United Kingdom","Purchasing power standard (PPS) per inhabitant","All providers of health care","Household out-of-pocket payment",":"
"2009","United Kingdom","Purchasing power standard (PPS) per inhabitant","All providers of health care","Household out-of-pocket payment",":"
"2010","United Kingdom","Purchasing power standard (PPS) per inhabitant","All providers of health care","Household out-of-pocket payment",":"
"2011","United Kingdom","Purchasing power standard (PPS) per inhabitant","All providers of health care","Household out-of-pocket payment",":"
"2012","United Kingdom","Purchasing power standard (PPS) per inhabitant","All providers of health care","Household out-of-pocket payment",":"
"2013","United Kingdom","Purchasing power standard (PPS) per inhabitant","All providers of health care","Household out-of-pocket payment","405.74"
"2014","United Kingdom","Purchasing power standard (PPS) per inhabitant","All providers of health care","Household out-of-pocket payment","418.68"
"2015","United Kingdom","Purchasing power standard (PPS) per inhabitant","All providers of health care","Household out-of-pocket payment","436.14"
"2016","United Kingdom","Purchasing power standard (PPS) per inhabitant","All providers of health care","Household out-of-pocket payment","445.54"
"2017","United Kingdom","Purchasing power standard (PPS) per inhabitant","All providers of health care","Household out-of-pocket payment","462.63"
"2018","United Kingdom","Purchasing power standard (PPS) per inhabitant","All providers of health care","Household out-of-pocket payment",":"
"2003","Iceland","Purchasing power standard (PPS) per inhabitant","All providers of health care","Household out-of-pocket payment",":"
"2004","Iceland","Purchasing power standard (PPS) per inhabitant","All providers of health care","Household out-of-pocket payment",":"
"2005","Iceland","Purchasing power standard (PPS) per inhabitant","All providers of health care","Household out-of-pocket payment",":"
"2006","Iceland","Purchasing power standard (PPS) per inhabitant","All providers of health care","Household out-of-pocket payment",":"
"2007","Iceland","Purchasing power standard (PPS) per inhabitant","All providers of health care","Household out-of-pocket payment",":"
"2008","Iceland","Purchasing power standard (PPS) per inhabitant","All providers of health care","Household out-of-pocket payment",":"
"2009","Iceland","Purchasing power standard (PPS) per inhabitant","All providers of health care","Household out-of-pocket payment",":"
"2010","Iceland","Purchasing power standard (PPS) per inhabitant","All providers of health care","Household out-of-pocket payment",":"
"2011","Iceland","Purchasing power standard (PPS) per inhabitant","All providers of health care","Household out-of-pocket payment","474.86"
"2012","Iceland","Purchasing power standard (PPS) per inhabitant","All providers of health care","Household out-of-pocket payment","487.21"
"2013","Iceland","Purchasing power standard (PPS) per inhabitant","All providers of health care","Household out-of-pocket payment","482.34"
"2014","Iceland","Purchasing power standard (PPS) per inhabitant","All providers of health care","Household out-of-pocket payment","493.46"
"2015","Iceland","Purchasing power standard (PPS) per inhabitant","All providers of health care","Household out-of-pocket payment","513.23"
"2016","Iceland","Purchasing power standard (PPS) per inhabitant","All providers of health care","Household out-of-pocket payment","489.89"
"2017","Iceland","Purchasing power standard (PPS) per inhabitant","All providers of health care","Household out-of-pocket payment","494.47"
"2018","Iceland","Purchasing power standard (PPS) per inhabitant","All providers of health care","Household out-of-pocket payment","506.48"
"2003","Liechtenstein","Purchasing power standard (PPS) per inhabitant","All providers of health care","Household out-of-pocket payment",":"
"2004","Liechtenstein","Purchasing power standard (PPS) per inhabitant","All providers of health care","Household out-of-pocket payment",":"
"2005","Liechtenstein","Purchasing power standard (PPS) per inhabitant","All providers of health care","Household out-of-pocket payment",":"
"2006","Liechtenstein","Purchasing power standard (PPS) per inhabitant","All providers of health care","Household out-of-pocket payment",":"
"2007","Liechtenstein","Purchasing power standard (PPS) per inhabitant","All providers of health care","Household out-of-pocket payment",":"
"2008","Liechtenstein","Purchasing power standard (PPS) per inhabitant","All providers of health care","Household out-of-pocket payment",":"
"2009","Liechtenstein","Purchasing power standard (PPS) per inhabitant","All providers of health care","Household out-of-pocket payment",":"
"2010","Liechtenstein","Purchasing power standard (PPS) per inhabitant","All providers of health care","Household out-of-pocket payment",":"
"2011","Liechtenstein","Purchasing power standard (PPS) per inhabitant","All providers of health care","Household out-of-pocket payment",":"
"2012","Liechtenstein","Purchasing power standard (PPS) per inhabitant","All providers of health care","Household out-of-pocket payment",":"
"2013","Liechtenstein","Purchasing power standard (PPS) per inhabitant","All providers of health care","Household out-of-pocket payment",":"
"2014","Liechtenstein","Purchasing power standard (PPS) per inhabitant","All providers of health care","Household out-of-pocket payment",":"
"2015","Liechtenstein","Purchasing power standard (PPS) per inhabitant","All providers of health care","Household out-of-pocket payment",":"
"2016","Liechtenstein","Purchasing power standard (PPS) per inhabitant","All providers of health care","Household out-of-pocket payment",":"
"2017","Liechtenstein","Purchasing power standard (PPS) per inhabitant","All providers of health care","Household out-of-pocket payment",":"
"2018","Liechtenstein","Purchasing power standard (PPS) per inhabitant","All providers of health care","Household out-of-pocket payment",":"
"2003","Norway","Purchasing power standard (PPS) per inhabitant","All providers of health care","Household out-of-pocket payment",":"
"2004","Norway","Purchasing power standard (PPS) per inhabitant","All providers of health care","Household out-of-pocket payment",":"
"2005","Norway","Purchasing power standard (PPS) per inhabitant","All providers of health care","Household out-of-pocket payment",":"
"2006","Norway","Purchasing power standard (PPS) per inhabitant","All providers of health care","Household out-of-pocket payment",":"
"2007","Norway","Purchasing power standard (PPS) per inhabitant","All providers of health care","Household out-of-pocket payment",":"
"2008","Norway","Purchasing power standard (PPS) per inhabitant","All providers of health care","Household out-of-pocket payment",":"
"2009","Norway","Purchasing power standard (PPS) per inhabitant","All providers of health care","Household out-of-pocket payment",":"
"2010","Norway","Purchasing power standard (PPS) per inhabitant","All providers of health care","Household out-of-pocket payment",":"
"2011","Norway","Purchasing power standard (PPS) per inhabitant","All providers of health care","Household out-of-pocket payment","585.10"
"2012","Norway","Purchasing power standard (PPS) per inhabitant","All providers of health care","Household out-of-pocket payment","595.21"
"2013","Norway","Purchasing power standard (PPS) per inhabitant","All providers of health care","Household out-of-pocket payment","604.70"
"2014","Norway","Purchasing power standard (PPS) per inhabitant","All providers of health care","Household out-of-pocket payment","625.67"
"2015","Norway","Purchasing power standard (PPS) per inhabitant","All providers of health care","Household out-of-pocket payment","631.17"
"2016","Norway","Purchasing power standard (PPS) per inhabitant","All providers of health care","Household out-of-pocket payment","622.35"
"2017","Norway","Purchasing power standard (PPS) per inhabitant","All providers of health care","Household out-of-pocket payment","636.12"
"2018","Norway","Purchasing power standard (PPS) per inhabitant","All providers of health care","Household out-of-pocket payment","646.33"
"2003","Switzerland","Purchasing power standard (PPS) per inhabitant","All providers of health care","Household out-of-pocket payment",":"
"2004","Switzerland","Purchasing power standard (PPS) per inhabitant","All providers of health care","Household out-of-pocket payment",":"
"2005","Switzerland","Purchasing power standard (PPS) per inhabitant","All providers of health care","Household out-of-pocket payment",":"
"2006","Switzerland","Purchasing power standard (PPS) per inhabitant","All providers of health care","Household out-of-pocket payment",":"
"2007","Switzerland","Purchasing power standard (PPS) per inhabitant","All providers of health care","Household out-of-pocket payment",":"
"2008","Switzerland","Purchasing power standard (PPS) per inhabitant","All providers of health care","Household out-of-pocket payment",":"
"2009","Switzerland","Purchasing power standard (PPS) per inhabitant","All providers of health care","Household out-of-pocket payment",":"
"2010","Switzerland","Purchasing power standard (PPS) per inhabitant","All providers of health care","Household out-of-pocket payment","1,197.98"
"2011","Switzerland","Purchasing power standard (PPS) per inhabitant","All providers of health care","Household out-of-pocket payment","1,210.38"
"2012","Switzerland","Purchasing power standard (PPS) per inhabitant","All providers of health care","Household out-of-pocket payment","1,288.66"
"2013","Switzerland","Purchasing power standard (PPS) per inhabitant","All providers of health care","Household out-of-pocket payment","1,324.70"
"2014","Switzerland","Purchasing power standard (PPS) per inhabitant","All providers of health care","Household out-of-pocket payment","1,434.92"
"2015","Switzerland","Purchasing power standard (PPS) per inhabitant","All providers of health care","Household out-of-pocket payment","1,530.83"
"2016","Switzerland","Purchasing power standard (PPS) per inhabitant","All providers of health care","Household out-of-pocket payment","1,539.62"
"2017","Switzerland","Purchasing power standard (PPS) per inhabitant","All providers of health care","Household out-of-pocket payment","1,521.23"
"2018","Switzerland","Purchasing power standard (PPS) per inhabitant","All providers of health care","Household out-of-pocket payment",":"
