"TIME","GEO","UNIT","ICHA11_HP","ICHA11_HF","Value"
"2003","Belgium","Euro per inhabitant","All providers of health care","Voluntary health care payment schemes","126.19"
"2004","Belgium","Euro per inhabitant","All providers of health care","Voluntary health care payment schemes","133.21"
"2005","Belgium","Euro per inhabitant","All providers of health care","Voluntary health care payment schemes","140.34"
"2006","Belgium","Euro per inhabitant","All providers of health care","Voluntary health care payment schemes","145.26"
"2007","Belgium","Euro per inhabitant","All providers of health care","Voluntary health care payment schemes","153.83"
"2008","Belgium","Euro per inhabitant","All providers of health care","Voluntary health care payment schemes","135.60"
"2009","Belgium","Euro per inhabitant","All providers of health care","Voluntary health care payment schemes","132.19"
"2010","Belgium","Euro per inhabitant","All providers of health care","Voluntary health care payment schemes","135.89"
"2011","Belgium","Euro per inhabitant","All providers of health care","Voluntary health care payment schemes","148.01"
"2012","Belgium","Euro per inhabitant","All providers of health care","Voluntary health care payment schemes","148.06"
"2013","Belgium","Euro per inhabitant","All providers of health care","Voluntary health care payment schemes","157.95"
"2014","Belgium","Euro per inhabitant","All providers of health care","Voluntary health care payment schemes","164.51"
"2015","Belgium","Euro per inhabitant","All providers of health care","Voluntary health care payment schemes","182.23"
"2016","Belgium","Euro per inhabitant","All providers of health care","Voluntary health care payment schemes","193.73"
"2017","Belgium","Euro per inhabitant","All providers of health care","Voluntary health care payment schemes","204.71"
"2018","Belgium","Euro per inhabitant","All providers of health care","Voluntary health care payment schemes","213.21"
"2003","Bulgaria","Euro per inhabitant","All providers of health care","Voluntary health care payment schemes",":"
"2004","Bulgaria","Euro per inhabitant","All providers of health care","Voluntary health care payment schemes",":"
"2005","Bulgaria","Euro per inhabitant","All providers of health care","Voluntary health care payment schemes",":"
"2006","Bulgaria","Euro per inhabitant","All providers of health care","Voluntary health care payment schemes",":"
"2007","Bulgaria","Euro per inhabitant","All providers of health care","Voluntary health care payment schemes",":"
"2008","Bulgaria","Euro per inhabitant","All providers of health care","Voluntary health care payment schemes",":"
"2009","Bulgaria","Euro per inhabitant","All providers of health care","Voluntary health care payment schemes",":"
"2010","Bulgaria","Euro per inhabitant","All providers of health care","Voluntary health care payment schemes",":"
"2011","Bulgaria","Euro per inhabitant","All providers of health care","Voluntary health care payment schemes","4.83"
"2012","Bulgaria","Euro per inhabitant","All providers of health care","Voluntary health care payment schemes","5.45"
"2013","Bulgaria","Euro per inhabitant","All providers of health care","Voluntary health care payment schemes","5.56"
"2014","Bulgaria","Euro per inhabitant","All providers of health care","Voluntary health care payment schemes","5.86"
"2015","Bulgaria","Euro per inhabitant","All providers of health care","Voluntary health care payment schemes","6.44"
"2016","Bulgaria","Euro per inhabitant","All providers of health care","Voluntary health care payment schemes","7.09"
"2017","Bulgaria","Euro per inhabitant","All providers of health care","Voluntary health care payment schemes","8.11"
"2018","Bulgaria","Euro per inhabitant","All providers of health care","Voluntary health care payment schemes","9.34"
"2003","Czechia","Euro per inhabitant","All providers of health care","Voluntary health care payment schemes",":"
"2004","Czechia","Euro per inhabitant","All providers of health care","Voluntary health care payment schemes",":"
"2005","Czechia","Euro per inhabitant","All providers of health care","Voluntary health care payment schemes",":"
"2006","Czechia","Euro per inhabitant","All providers of health care","Voluntary health care payment schemes",":"
"2007","Czechia","Euro per inhabitant","All providers of health care","Voluntary health care payment schemes",":"
"2008","Czechia","Euro per inhabitant","All providers of health care","Voluntary health care payment schemes",":"
"2009","Czechia","Euro per inhabitant","All providers of health care","Voluntary health care payment schemes",":"
"2010","Czechia","Euro per inhabitant","All providers of health care","Voluntary health care payment schemes",":"
"2011","Czechia","Euro per inhabitant","All providers of health care","Voluntary health care payment schemes",":"
"2012","Czechia","Euro per inhabitant","All providers of health care","Voluntary health care payment schemes",":"
"2013","Czechia","Euro per inhabitant","All providers of health care","Voluntary health care payment schemes","32.83"
"2014","Czechia","Euro per inhabitant","All providers of health care","Voluntary health care payment schemes","36.81"
"2015","Czechia","Euro per inhabitant","All providers of health care","Voluntary health care payment schemes","32.40"
"2016","Czechia","Euro per inhabitant","All providers of health care","Voluntary health care payment schemes","35.78"
"2017","Czechia","Euro per inhabitant","All providers of health care","Voluntary health care payment schemes","40.53"
"2018","Czechia","Euro per inhabitant","All providers of health care","Voluntary health care payment schemes",":"
"2003","Denmark","Euro per inhabitant","All providers of health care","Voluntary health care payment schemes",":"
"2004","Denmark","Euro per inhabitant","All providers of health care","Voluntary health care payment schemes",":"
"2005","Denmark","Euro per inhabitant","All providers of health care","Voluntary health care payment schemes",":"
"2006","Denmark","Euro per inhabitant","All providers of health care","Voluntary health care payment schemes",":"
"2007","Denmark","Euro per inhabitant","All providers of health care","Voluntary health care payment schemes",":"
"2008","Denmark","Euro per inhabitant","All providers of health care","Voluntary health care payment schemes",":"
"2009","Denmark","Euro per inhabitant","All providers of health care","Voluntary health care payment schemes",":"
"2010","Denmark","Euro per inhabitant","All providers of health care","Voluntary health care payment schemes","78.56"
"2011","Denmark","Euro per inhabitant","All providers of health care","Voluntary health care payment schemes","82.93"
"2012","Denmark","Euro per inhabitant","All providers of health care","Voluntary health care payment schemes","86.78"
"2013","Denmark","Euro per inhabitant","All providers of health care","Voluntary health care payment schemes","90.39"
"2014","Denmark","Euro per inhabitant","All providers of health care","Voluntary health care payment schemes","97.52"
"2015","Denmark","Euro per inhabitant","All providers of health care","Voluntary health care payment schemes","105.23"
"2016","Denmark","Euro per inhabitant","All providers of health care","Voluntary health care payment schemes","108.56"
"2017","Denmark","Euro per inhabitant","All providers of health care","Voluntary health care payment schemes","114.88"
"2018","Denmark","Euro per inhabitant","All providers of health care","Voluntary health care payment schemes","123.74"
"2003","Germany (until 1990 former territory of the FRG)","Euro per inhabitant","All providers of health care","Voluntary health care payment schemes","278.22"
"2004","Germany (until 1990 former territory of the FRG)","Euro per inhabitant","All providers of health care","Voluntary health care payment schemes","287.96"
"2005","Germany (until 1990 former territory of the FRG)","Euro per inhabitant","All providers of health care","Voluntary health care payment schemes","298.97"
"2006","Germany (until 1990 former territory of the FRG)","Euro per inhabitant","All providers of health care","Voluntary health care payment schemes","307.98"
"2007","Germany (until 1990 former territory of the FRG)","Euro per inhabitant","All providers of health care","Voluntary health care payment schemes","321.77"
"2008","Germany (until 1990 former territory of the FRG)","Euro per inhabitant","All providers of health care","Voluntary health care payment schemes","339.92"
"2009","Germany (until 1990 former territory of the FRG)","Euro per inhabitant","All providers of health care","Voluntary health care payment schemes","88.36"
"2010","Germany (until 1990 former territory of the FRG)","Euro per inhabitant","All providers of health care","Voluntary health care payment schemes","92.58"
"2011","Germany (until 1990 former territory of the FRG)","Euro per inhabitant","All providers of health care","Voluntary health care payment schemes","103.08"
"2012","Germany (until 1990 former territory of the FRG)","Euro per inhabitant","All providers of health care","Voluntary health care payment schemes","109.69"
"2013","Germany (until 1990 former territory of the FRG)","Euro per inhabitant","All providers of health care","Voluntary health care payment schemes","119.85"
"2014","Germany (until 1990 former territory of the FRG)","Euro per inhabitant","All providers of health care","Voluntary health care payment schemes","124.42"
"2015","Germany (until 1990 former territory of the FRG)","Euro per inhabitant","All providers of health care","Voluntary health care payment schemes","128.23"
"2016","Germany (until 1990 former territory of the FRG)","Euro per inhabitant","All providers of health care","Voluntary health care payment schemes","130.19"
"2017","Germany (until 1990 former territory of the FRG)","Euro per inhabitant","All providers of health care","Voluntary health care payment schemes","139.79"
"2018","Germany (until 1990 former territory of the FRG)","Euro per inhabitant","All providers of health care","Voluntary health care payment schemes",":"
"2003","Estonia","Euro per inhabitant","All providers of health care","Voluntary health care payment schemes","8.79"
"2004","Estonia","Euro per inhabitant","All providers of health care","Voluntary health care payment schemes","9.90"
"2005","Estonia","Euro per inhabitant","All providers of health care","Voluntary health care payment schemes","10.86"
"2006","Estonia","Euro per inhabitant","All providers of health care","Voluntary health care payment schemes","5.39"
"2007","Estonia","Euro per inhabitant","All providers of health care","Voluntary health care payment schemes","8.69"
"2008","Estonia","Euro per inhabitant","All providers of health care","Voluntary health care payment schemes","16.33"
"2009","Estonia","Euro per inhabitant","All providers of health care","Voluntary health care payment schemes","12.44"
"2010","Estonia","Euro per inhabitant","All providers of health care","Voluntary health care payment schemes","12.24"
"2011","Estonia","Euro per inhabitant","All providers of health care","Voluntary health care payment schemes","12.40"
"2012","Estonia","Euro per inhabitant","All providers of health care","Voluntary health care payment schemes","14.18"
"2013","Estonia","Euro per inhabitant","All providers of health care","Voluntary health care payment schemes","15.26"
"2014","Estonia","Euro per inhabitant","All providers of health care","Voluntary health care payment schemes","15.49"
"2015","Estonia","Euro per inhabitant","All providers of health care","Voluntary health care payment schemes","16.11"
"2016","Estonia","Euro per inhabitant","All providers of health care","Voluntary health care payment schemes","17.75"
"2017","Estonia","Euro per inhabitant","All providers of health care","Voluntary health care payment schemes","19.06"
"2018","Estonia","Euro per inhabitant","All providers of health care","Voluntary health care payment schemes",":"
"2003","Ireland","Euro per inhabitant","All providers of health care","Voluntary health care payment schemes",":"
"2004","Ireland","Euro per inhabitant","All providers of health care","Voluntary health care payment schemes",":"
"2005","Ireland","Euro per inhabitant","All providers of health care","Voluntary health care payment schemes",":"
"2006","Ireland","Euro per inhabitant","All providers of health care","Voluntary health care payment schemes",":"
"2007","Ireland","Euro per inhabitant","All providers of health care","Voluntary health care payment schemes",":"
"2008","Ireland","Euro per inhabitant","All providers of health care","Voluntary health care payment schemes",":"
"2009","Ireland","Euro per inhabitant","All providers of health care","Voluntary health care payment schemes",":"
"2010","Ireland","Euro per inhabitant","All providers of health care","Voluntary health care payment schemes",":"
"2011","Ireland","Euro per inhabitant","All providers of health care","Voluntary health care payment schemes","549.17"
"2012","Ireland","Euro per inhabitant","All providers of health care","Voluntary health care payment schemes","571.14"
"2013","Ireland","Euro per inhabitant","All providers of health care","Voluntary health care payment schemes","581.76"
"2014","Ireland","Euro per inhabitant","All providers of health care","Voluntary health care payment schemes","605.08"
"2015","Ireland","Euro per inhabitant","All providers of health care","Voluntary health care payment schemes","602.98"
"2016","Ireland","Euro per inhabitant","All providers of health care","Voluntary health care payment schemes","630.63"
"2017","Ireland","Euro per inhabitant","All providers of health care","Voluntary health care payment schemes","646.72"
"2018","Ireland","Euro per inhabitant","All providers of health care","Voluntary health care payment schemes","646.96"
"2003","Greece","Euro per inhabitant","All providers of health care","Voluntary health care payment schemes",":"
"2004","Greece","Euro per inhabitant","All providers of health care","Voluntary health care payment schemes",":"
"2005","Greece","Euro per inhabitant","All providers of health care","Voluntary health care payment schemes",":"
"2006","Greece","Euro per inhabitant","All providers of health care","Voluntary health care payment schemes",":"
"2007","Greece","Euro per inhabitant","All providers of health care","Voluntary health care payment schemes",":"
"2008","Greece","Euro per inhabitant","All providers of health care","Voluntary health care payment schemes",":"
"2009","Greece","Euro per inhabitant","All providers of health care","Voluntary health care payment schemes","43.60"
"2010","Greece","Euro per inhabitant","All providers of health care","Voluntary health care payment schemes","54.46"
"2011","Greece","Euro per inhabitant","All providers of health care","Voluntary health care payment schemes","49.69"
"2012","Greece","Euro per inhabitant","All providers of health care","Voluntary health care payment schemes","50.23"
"2013","Greece","Euro per inhabitant","All providers of health care","Voluntary health care payment schemes","46.49"
"2014","Greece","Euro per inhabitant","All providers of health care","Voluntary health care payment schemes","50.56"
"2015","Greece","Euro per inhabitant","All providers of health care","Voluntary health care payment schemes","52.64"
"2016","Greece","Euro per inhabitant","All providers of health care","Voluntary health care payment schemes","55.40"
"2017","Greece","Euro per inhabitant","All providers of health care","Voluntary health care payment schemes","57.13"
"2018","Greece","Euro per inhabitant","All providers of health care","Voluntary health care payment schemes","62.09"
"2003","Spain","Euro per inhabitant","All providers of health care","Voluntary health care payment schemes","88.04"
"2004","Spain","Euro per inhabitant","All providers of health care","Voluntary health care payment schemes","93.11"
"2005","Spain","Euro per inhabitant","All providers of health care","Voluntary health care payment schemes","101.15"
"2006","Spain","Euro per inhabitant","All providers of health care","Voluntary health care payment schemes","110.27"
"2007","Spain","Euro per inhabitant","All providers of health care","Voluntary health care payment schemes","117.03"
"2008","Spain","Euro per inhabitant","All providers of health care","Voluntary health care payment schemes","107.69"
"2009","Spain","Euro per inhabitant","All providers of health care","Voluntary health care payment schemes","106.90"
"2010","Spain","Euro per inhabitant","All providers of health care","Voluntary health care payment schemes","93.90"
"2011","Spain","Euro per inhabitant","All providers of health care","Voluntary health care payment schemes","106.87"
"2012","Spain","Euro per inhabitant","All providers of health care","Voluntary health care payment schemes","100.44"
"2013","Spain","Euro per inhabitant","All providers of health care","Voluntary health care payment schemes","99.42"
"2014","Spain","Euro per inhabitant","All providers of health care","Voluntary health care payment schemes","105.55"
"2015","Spain","Euro per inhabitant","All providers of health care","Voluntary health care payment schemes","105.88"
"2016","Spain","Euro per inhabitant","All providers of health care","Voluntary health care payment schemes","107.30"
"2017","Spain","Euro per inhabitant","All providers of health care","Voluntary health care payment schemes","129.21"
"2018","Spain","Euro per inhabitant","All providers of health care","Voluntary health care payment schemes",":"
"2003","France","Euro per inhabitant","All providers of health care","Voluntary health care payment schemes",":"
"2004","France","Euro per inhabitant","All providers of health care","Voluntary health care payment schemes",":"
"2005","France","Euro per inhabitant","All providers of health care","Voluntary health care payment schemes",":"
"2006","France","Euro per inhabitant","All providers of health care","Voluntary health care payment schemes","405.83"
"2007","France","Euro per inhabitant","All providers of health care","Voluntary health care payment schemes","422.03"
"2008","France","Euro per inhabitant","All providers of health care","Voluntary health care payment schemes","439.42"
"2009","France","Euro per inhabitant","All providers of health care","Voluntary health care payment schemes","451.36"
"2010","France","Euro per inhabitant","All providers of health care","Voluntary health care payment schemes","466.69"
"2011","France","Euro per inhabitant","All providers of health care","Voluntary health care payment schemes","486.26"
"2012","France","Euro per inhabitant","All providers of health care","Voluntary health care payment schemes","497.37"
"2013","France","Euro per inhabitant","All providers of health care","Voluntary health care payment schemes","507.80"
"2014","France","Euro per inhabitant","All providers of health care","Voluntary health care payment schemes","511.33"
"2015","France","Euro per inhabitant","All providers of health care","Voluntary health care payment schemes","517.53"
"2016","France","Euro per inhabitant","All providers of health care","Voluntary health care payment schemes","284.32"
"2017","France","Euro per inhabitant","All providers of health care","Voluntary health care payment schemes","281.60"
"2018","France","Euro per inhabitant","All providers of health care","Voluntary health care payment schemes","282.51"
"2003","Croatia","Euro per inhabitant","All providers of health care","Voluntary health care payment schemes",":"
"2004","Croatia","Euro per inhabitant","All providers of health care","Voluntary health care payment schemes",":"
"2005","Croatia","Euro per inhabitant","All providers of health care","Voluntary health care payment schemes",":"
"2006","Croatia","Euro per inhabitant","All providers of health care","Voluntary health care payment schemes",":"
"2007","Croatia","Euro per inhabitant","All providers of health care","Voluntary health care payment schemes",":"
"2008","Croatia","Euro per inhabitant","All providers of health care","Voluntary health care payment schemes",":"
"2009","Croatia","Euro per inhabitant","All providers of health care","Voluntary health care payment schemes",":"
"2010","Croatia","Euro per inhabitant","All providers of health care","Voluntary health care payment schemes",":"
"2011","Croatia","Euro per inhabitant","All providers of health care","Voluntary health care payment schemes",":"
"2012","Croatia","Euro per inhabitant","All providers of health care","Voluntary health care payment schemes",":"
"2013","Croatia","Euro per inhabitant","All providers of health care","Voluntary health care payment schemes","42.30"
"2014","Croatia","Euro per inhabitant","All providers of health care","Voluntary health care payment schemes","39.82"
"2015","Croatia","Euro per inhabitant","All providers of health care","Voluntary health care payment schemes","46.21"
"2016","Croatia","Euro per inhabitant","All providers of health care","Voluntary health care payment schemes","49.64"
"2017","Croatia","Euro per inhabitant","All providers of health care","Voluntary health care payment schemes","52.29"
"2018","Croatia","Euro per inhabitant","All providers of health care","Voluntary health care payment schemes","57.53"
"2003","Italy","Euro per inhabitant","All providers of health care","Voluntary health care payment schemes",":"
"2004","Italy","Euro per inhabitant","All providers of health care","Voluntary health care payment schemes",":"
"2005","Italy","Euro per inhabitant","All providers of health care","Voluntary health care payment schemes",":"
"2006","Italy","Euro per inhabitant","All providers of health care","Voluntary health care payment schemes",":"
"2007","Italy","Euro per inhabitant","All providers of health care","Voluntary health care payment schemes",":"
"2008","Italy","Euro per inhabitant","All providers of health care","Voluntary health care payment schemes",":"
"2009","Italy","Euro per inhabitant","All providers of health care","Voluntary health care payment schemes",":"
"2010","Italy","Euro per inhabitant","All providers of health care","Voluntary health care payment schemes",":"
"2011","Italy","Euro per inhabitant","All providers of health care","Voluntary health care payment schemes",":"
"2012","Italy","Euro per inhabitant","All providers of health care","Voluntary health care payment schemes","48.86"
"2013","Italy","Euro per inhabitant","All providers of health care","Voluntary health care payment schemes","47.35"
"2014","Italy","Euro per inhabitant","All providers of health care","Voluntary health care payment schemes","48.31"
"2015","Italy","Euro per inhabitant","All providers of health care","Voluntary health care payment schemes","50.65"
"2016","Italy","Euro per inhabitant","All providers of health care","Voluntary health care payment schemes","55.54"
"2017","Italy","Euro per inhabitant","All providers of health care","Voluntary health care payment schemes","61.20"
"2018","Italy","Euro per inhabitant","All providers of health care","Voluntary health care payment schemes","65.03"
"2003","Cyprus","Euro per inhabitant","All providers of health care","Voluntary health care payment schemes",":"
"2004","Cyprus","Euro per inhabitant","All providers of health care","Voluntary health care payment schemes",":"
"2005","Cyprus","Euro per inhabitant","All providers of health care","Voluntary health care payment schemes",":"
"2006","Cyprus","Euro per inhabitant","All providers of health care","Voluntary health care payment schemes",":"
"2007","Cyprus","Euro per inhabitant","All providers of health care","Voluntary health care payment schemes",":"
"2008","Cyprus","Euro per inhabitant","All providers of health care","Voluntary health care payment schemes",":"
"2009","Cyprus","Euro per inhabitant","All providers of health care","Voluntary health care payment schemes",":"
"2010","Cyprus","Euro per inhabitant","All providers of health care","Voluntary health care payment schemes","159.25"
"2011","Cyprus","Euro per inhabitant","All providers of health care","Voluntary health care payment schemes","156.73"
"2012","Cyprus","Euro per inhabitant","All providers of health care","Voluntary health care payment schemes","161.26"
"2013","Cyprus","Euro per inhabitant","All providers of health care","Voluntary health care payment schemes","157.55"
"2014","Cyprus","Euro per inhabitant","All providers of health care","Voluntary health care payment schemes","162.43"
"2015","Cyprus","Euro per inhabitant","All providers of health care","Voluntary health care payment schemes","188.65"
"2016","Cyprus","Euro per inhabitant","All providers of health care","Voluntary health care payment schemes","193.91"
"2017","Cyprus","Euro per inhabitant","All providers of health care","Voluntary health care payment schemes","206.02"
"2018","Cyprus","Euro per inhabitant","All providers of health care","Voluntary health care payment schemes","203.42"
"2003","Latvia","Euro per inhabitant","All providers of health care","Voluntary health care payment schemes",":"
"2004","Latvia","Euro per inhabitant","All providers of health care","Voluntary health care payment schemes",":"
"2005","Latvia","Euro per inhabitant","All providers of health care","Voluntary health care payment schemes",":"
"2006","Latvia","Euro per inhabitant","All providers of health care","Voluntary health care payment schemes",":"
"2007","Latvia","Euro per inhabitant","All providers of health care","Voluntary health care payment schemes",":"
"2008","Latvia","Euro per inhabitant","All providers of health care","Voluntary health care payment schemes",":"
"2009","Latvia","Euro per inhabitant","All providers of health care","Voluntary health care payment schemes",":"
"2010","Latvia","Euro per inhabitant","All providers of health care","Voluntary health care payment schemes",":"
"2011","Latvia","Euro per inhabitant","All providers of health care","Voluntary health care payment schemes",":"
"2012","Latvia","Euro per inhabitant","All providers of health care","Voluntary health care payment schemes",":"
"2013","Latvia","Euro per inhabitant","All providers of health care","Voluntary health care payment schemes","9.28"
"2014","Latvia","Euro per inhabitant","All providers of health care","Voluntary health care payment schemes","7.91"
"2015","Latvia","Euro per inhabitant","All providers of health care","Voluntary health care payment schemes","6.27"
"2016","Latvia","Euro per inhabitant","All providers of health care","Voluntary health care payment schemes","6.44"
"2017","Latvia","Euro per inhabitant","All providers of health care","Voluntary health care payment schemes","7.31"
"2018","Latvia","Euro per inhabitant","All providers of health care","Voluntary health care payment schemes",":"
"2003","Lithuania","Euro per inhabitant","All providers of health care","Voluntary health care payment schemes",":"
"2004","Lithuania","Euro per inhabitant","All providers of health care","Voluntary health care payment schemes",":"
"2005","Lithuania","Euro per inhabitant","All providers of health care","Voluntary health care payment schemes",":"
"2006","Lithuania","Euro per inhabitant","All providers of health care","Voluntary health care payment schemes","2.28"
"2007","Lithuania","Euro per inhabitant","All providers of health care","Voluntary health care payment schemes","2.50"
"2008","Lithuania","Euro per inhabitant","All providers of health care","Voluntary health care payment schemes","3.76"
"2009","Lithuania","Euro per inhabitant","All providers of health care","Voluntary health care payment schemes","4.49"
"2010","Lithuania","Euro per inhabitant","All providers of health care","Voluntary health care payment schemes","3.86"
"2011","Lithuania","Euro per inhabitant","All providers of health care","Voluntary health care payment schemes","4.67"
"2012","Lithuania","Euro per inhabitant","All providers of health care","Voluntary health care payment schemes","5.75"
"2013","Lithuania","Euro per inhabitant","All providers of health care","Voluntary health care payment schemes","6.45"
"2014","Lithuania","Euro per inhabitant","All providers of health care","Voluntary health care payment schemes","6.91"
"2015","Lithuania","Euro per inhabitant","All providers of health care","Voluntary health care payment schemes","8.00"
"2016","Lithuania","Euro per inhabitant","All providers of health care","Voluntary health care payment schemes","9.63"
"2017","Lithuania","Euro per inhabitant","All providers of health care","Voluntary health care payment schemes","11.55"
"2018","Lithuania","Euro per inhabitant","All providers of health care","Voluntary health care payment schemes","13.65"
"2003","Luxembourg","Euro per inhabitant","All providers of health care","Voluntary health care payment schemes",":"
"2004","Luxembourg","Euro per inhabitant","All providers of health care","Voluntary health care payment schemes",":"
"2005","Luxembourg","Euro per inhabitant","All providers of health care","Voluntary health care payment schemes",":"
"2006","Luxembourg","Euro per inhabitant","All providers of health care","Voluntary health care payment schemes",":"
"2007","Luxembourg","Euro per inhabitant","All providers of health care","Voluntary health care payment schemes",":"
"2008","Luxembourg","Euro per inhabitant","All providers of health care","Voluntary health care payment schemes",":"
"2009","Luxembourg","Euro per inhabitant","All providers of health care","Voluntary health care payment schemes",":"
"2010","Luxembourg","Euro per inhabitant","All providers of health care","Voluntary health care payment schemes",":"
"2011","Luxembourg","Euro per inhabitant","All providers of health care","Voluntary health care payment schemes","303.48"
"2012","Luxembourg","Euro per inhabitant","All providers of health care","Voluntary health care payment schemes","192.74"
"2013","Luxembourg","Euro per inhabitant","All providers of health care","Voluntary health care payment schemes","200.88"
"2014","Luxembourg","Euro per inhabitant","All providers of health care","Voluntary health care payment schemes","197.39"
"2015","Luxembourg","Euro per inhabitant","All providers of health care","Voluntary health care payment schemes","204.86"
"2016","Luxembourg","Euro per inhabitant","All providers of health care","Voluntary health care payment schemes","211.95"
"2017","Luxembourg","Euro per inhabitant","All providers of health care","Voluntary health care payment schemes","200.68"
"2018","Luxembourg","Euro per inhabitant","All providers of health care","Voluntary health care payment schemes","212.81"
"2003","Hungary","Euro per inhabitant","All providers of health care","Voluntary health care payment schemes",":"
"2004","Hungary","Euro per inhabitant","All providers of health care","Voluntary health care payment schemes",":"
"2005","Hungary","Euro per inhabitant","All providers of health care","Voluntary health care payment schemes",":"
"2006","Hungary","Euro per inhabitant","All providers of health care","Voluntary health care payment schemes","29.92"
"2007","Hungary","Euro per inhabitant","All providers of health care","Voluntary health care payment schemes","35.48"
"2008","Hungary","Euro per inhabitant","All providers of health care","Voluntary health care payment schemes","36.32"
"2009","Hungary","Euro per inhabitant","All providers of health care","Voluntary health care payment schemes","37.02"
"2010","Hungary","Euro per inhabitant","All providers of health care","Voluntary health care payment schemes","40.71"
"2011","Hungary","Euro per inhabitant","All providers of health care","Voluntary health care payment schemes","40.31"
"2012","Hungary","Euro per inhabitant","All providers of health care","Voluntary health care payment schemes","38.15"
"2013","Hungary","Euro per inhabitant","All providers of health care","Voluntary health care payment schemes","37.31"
"2014","Hungary","Euro per inhabitant","All providers of health care","Voluntary health care payment schemes","34.63"
"2015","Hungary","Euro per inhabitant","All providers of health care","Voluntary health care payment schemes","34.12"
"2016","Hungary","Euro per inhabitant","All providers of health care","Voluntary health care payment schemes","35.03"
"2017","Hungary","Euro per inhabitant","All providers of health care","Voluntary health care payment schemes","33.68"
"2018","Hungary","Euro per inhabitant","All providers of health care","Voluntary health care payment schemes","33.51"
"2003","Malta","Euro per inhabitant","All providers of health care","Voluntary health care payment schemes",":"
"2004","Malta","Euro per inhabitant","All providers of health care","Voluntary health care payment schemes",":"
"2005","Malta","Euro per inhabitant","All providers of health care","Voluntary health care payment schemes",":"
"2006","Malta","Euro per inhabitant","All providers of health care","Voluntary health care payment schemes",":"
"2007","Malta","Euro per inhabitant","All providers of health care","Voluntary health care payment schemes",":"
"2008","Malta","Euro per inhabitant","All providers of health care","Voluntary health care payment schemes",":"
"2009","Malta","Euro per inhabitant","All providers of health care","Voluntary health care payment schemes",":"
"2010","Malta","Euro per inhabitant","All providers of health care","Voluntary health care payment schemes",":"
"2011","Malta","Euro per inhabitant","All providers of health care","Voluntary health care payment schemes",":"
"2012","Malta","Euro per inhabitant","All providers of health care","Voluntary health care payment schemes",":"
"2013","Malta","Euro per inhabitant","All providers of health care","Voluntary health care payment schemes",":"
"2014","Malta","Euro per inhabitant","All providers of health care","Voluntary health care payment schemes","35.08"
"2015","Malta","Euro per inhabitant","All providers of health care","Voluntary health care payment schemes","39.13"
"2016","Malta","Euro per inhabitant","All providers of health care","Voluntary health care payment schemes","38.07"
"2017","Malta","Euro per inhabitant","All providers of health care","Voluntary health care payment schemes","41.83"
"2018","Malta","Euro per inhabitant","All providers of health care","Voluntary health care payment schemes",":"
"2003","Netherlands","Euro per inhabitant","All providers of health care","Voluntary health care payment schemes","579.09"
"2004","Netherlands","Euro per inhabitant","All providers of health care","Voluntary health care payment schemes","635.03"
"2005","Netherlands","Euro per inhabitant","All providers of health care","Voluntary health care payment schemes","666.12"
"2006","Netherlands","Euro per inhabitant","All providers of health care","Voluntary health care payment schemes","257.32"
"2007","Netherlands","Euro per inhabitant","All providers of health care","Voluntary health care payment schemes","274.97"
"2008","Netherlands","Euro per inhabitant","All providers of health care","Voluntary health care payment schemes","270.20"
"2009","Netherlands","Euro per inhabitant","All providers of health care","Voluntary health care payment schemes","292.78"
"2010","Netherlands","Euro per inhabitant","All providers of health care","Voluntary health care payment schemes","294.11"
"2011","Netherlands","Euro per inhabitant","All providers of health care","Voluntary health care payment schemes","313.17"
"2012","Netherlands","Euro per inhabitant","All providers of health care","Voluntary health care payment schemes","320.28"
"2013","Netherlands","Euro per inhabitant","All providers of health care","Voluntary health care payment schemes","304.42"
"2014","Netherlands","Euro per inhabitant","All providers of health care","Voluntary health care payment schemes","308.56"
"2015","Netherlands","Euro per inhabitant","All providers of health care","Voluntary health care payment schemes","308.35"
"2016","Netherlands","Euro per inhabitant","All providers of health care","Voluntary health care payment schemes","322.66"
"2017","Netherlands","Euro per inhabitant","All providers of health care","Voluntary health care payment schemes","316.32"
"2018","Netherlands","Euro per inhabitant","All providers of health care","Voluntary health care payment schemes","319.70"
"2003","Austria","Euro per inhabitant","All providers of health care","Voluntary health care payment schemes",":"
"2004","Austria","Euro per inhabitant","All providers of health care","Voluntary health care payment schemes","210.73"
"2005","Austria","Euro per inhabitant","All providers of health care","Voluntary health care payment schemes","203.38"
"2006","Austria","Euro per inhabitant","All providers of health care","Voluntary health care payment schemes","209.72"
"2007","Austria","Euro per inhabitant","All providers of health care","Voluntary health care payment schemes","222.84"
"2008","Austria","Euro per inhabitant","All providers of health care","Voluntary health care payment schemes","233.37"
"2009","Austria","Euro per inhabitant","All providers of health care","Voluntary health care payment schemes","241.80"
"2010","Austria","Euro per inhabitant","All providers of health care","Voluntary health care payment schemes","244.14"
"2011","Austria","Euro per inhabitant","All providers of health care","Voluntary health care payment schemes","246.26"
"2012","Austria","Euro per inhabitant","All providers of health care","Voluntary health care payment schemes","256.28"
"2013","Austria","Euro per inhabitant","All providers of health care","Voluntary health care payment schemes","268.05"
"2014","Austria","Euro per inhabitant","All providers of health care","Voluntary health care payment schemes","278.52"
"2015","Austria","Euro per inhabitant","All providers of health care","Voluntary health care payment schemes","282.92"
"2016","Austria","Euro per inhabitant","All providers of health care","Voluntary health care payment schemes","287.95"
"2017","Austria","Euro per inhabitant","All providers of health care","Voluntary health care payment schemes","299.80"
"2018","Austria","Euro per inhabitant","All providers of health care","Voluntary health care payment schemes","312.05"
"2003","Poland","Euro per inhabitant","All providers of health care","Voluntary health care payment schemes",":"
"2004","Poland","Euro per inhabitant","All providers of health care","Voluntary health care payment schemes",":"
"2005","Poland","Euro per inhabitant","All providers of health care","Voluntary health care payment schemes",":"
"2006","Poland","Euro per inhabitant","All providers of health care","Voluntary health care payment schemes",":"
"2007","Poland","Euro per inhabitant","All providers of health care","Voluntary health care payment schemes",":"
"2008","Poland","Euro per inhabitant","All providers of health care","Voluntary health care payment schemes",":"
"2009","Poland","Euro per inhabitant","All providers of health care","Voluntary health care payment schemes",":"
"2010","Poland","Euro per inhabitant","All providers of health care","Voluntary health care payment schemes",":"
"2011","Poland","Euro per inhabitant","All providers of health care","Voluntary health care payment schemes",":"
"2012","Poland","Euro per inhabitant","All providers of health care","Voluntary health care payment schemes",":"
"2013","Poland","Euro per inhabitant","All providers of health care","Voluntary health care payment schemes","37.69"
"2014","Poland","Euro per inhabitant","All providers of health care","Voluntary health care payment schemes","41.99"
"2015","Poland","Euro per inhabitant","All providers of health care","Voluntary health care payment schemes","48.58"
"2016","Poland","Euro per inhabitant","All providers of health care","Voluntary health care payment schemes","52.68"
"2017","Poland","Euro per inhabitant","All providers of health care","Voluntary health care payment schemes",":"
"2018","Poland","Euro per inhabitant","All providers of health care","Voluntary health care payment schemes",":"
"2003","Portugal","Euro per inhabitant","All providers of health care","Voluntary health care payment schemes","71.62"
"2004","Portugal","Euro per inhabitant","All providers of health care","Voluntary health care payment schemes","80.35"
"2005","Portugal","Euro per inhabitant","All providers of health care","Voluntary health care payment schemes","77.25"
"2006","Portugal","Euro per inhabitant","All providers of health care","Voluntary health care payment schemes","82.76"
"2007","Portugal","Euro per inhabitant","All providers of health care","Voluntary health care payment schemes","84.76"
"2008","Portugal","Euro per inhabitant","All providers of health care","Voluntary health care payment schemes","91.84"
"2009","Portugal","Euro per inhabitant","All providers of health care","Voluntary health care payment schemes","89.71"
"2010","Portugal","Euro per inhabitant","All providers of health care","Voluntary health care payment schemes","94.85"
"2011","Portugal","Euro per inhabitant","All providers of health care","Voluntary health care payment schemes","95.53"
"2012","Portugal","Euro per inhabitant","All providers of health care","Voluntary health care payment schemes","93.64"
"2013","Portugal","Euro per inhabitant","All providers of health care","Voluntary health care payment schemes","90.45"
"2014","Portugal","Euro per inhabitant","All providers of health care","Voluntary health care payment schemes","93.35"
"2015","Portugal","Euro per inhabitant","All providers of health care","Voluntary health care payment schemes","95.10"
"2016","Portugal","Euro per inhabitant","All providers of health care","Voluntary health care payment schemes","96.27"
"2017","Portugal","Euro per inhabitant","All providers of health care","Voluntary health care payment schemes","104.23"
"2018","Portugal","Euro per inhabitant","All providers of health care","Voluntary health care payment schemes",":"
"2003","Romania","Euro per inhabitant","All providers of health care","Voluntary health care payment schemes",":"
"2004","Romania","Euro per inhabitant","All providers of health care","Voluntary health care payment schemes",":"
"2005","Romania","Euro per inhabitant","All providers of health care","Voluntary health care payment schemes",":"
"2006","Romania","Euro per inhabitant","All providers of health care","Voluntary health care payment schemes",":"
"2007","Romania","Euro per inhabitant","All providers of health care","Voluntary health care payment schemes",":"
"2008","Romania","Euro per inhabitant","All providers of health care","Voluntary health care payment schemes",":"
"2009","Romania","Euro per inhabitant","All providers of health care","Voluntary health care payment schemes",":"
"2010","Romania","Euro per inhabitant","All providers of health care","Voluntary health care payment schemes",":"
"2011","Romania","Euro per inhabitant","All providers of health care","Voluntary health care payment schemes","1.45"
"2012","Romania","Euro per inhabitant","All providers of health care","Voluntary health care payment schemes","2.03"
"2013","Romania","Euro per inhabitant","All providers of health care","Voluntary health care payment schemes","1.81"
"2014","Romania","Euro per inhabitant","All providers of health care","Voluntary health care payment schemes","2.62"
"2015","Romania","Euro per inhabitant","All providers of health care","Voluntary health care payment schemes","2.78"
"2016","Romania","Euro per inhabitant","All providers of health care","Voluntary health care payment schemes","3.96"
"2017","Romania","Euro per inhabitant","All providers of health care","Voluntary health care payment schemes","4.25"
"2018","Romania","Euro per inhabitant","All providers of health care","Voluntary health care payment schemes","4.74"
"2003","Slovenia","Euro per inhabitant","All providers of health care","Voluntary health care payment schemes",":"
"2004","Slovenia","Euro per inhabitant","All providers of health care","Voluntary health care payment schemes",":"
"2005","Slovenia","Euro per inhabitant","All providers of health care","Voluntary health care payment schemes",":"
"2006","Slovenia","Euro per inhabitant","All providers of health care","Voluntary health care payment schemes",":"
"2007","Slovenia","Euro per inhabitant","All providers of health care","Voluntary health care payment schemes",":"
"2008","Slovenia","Euro per inhabitant","All providers of health care","Voluntary health care payment schemes",":"
"2009","Slovenia","Euro per inhabitant","All providers of health care","Voluntary health care payment schemes",":"
"2010","Slovenia","Euro per inhabitant","All providers of health care","Voluntary health care payment schemes",":"
"2011","Slovenia","Euro per inhabitant","All providers of health care","Voluntary health care payment schemes",":"
"2012","Slovenia","Euro per inhabitant","All providers of health care","Voluntary health care payment schemes",":"
"2013","Slovenia","Euro per inhabitant","All providers of health care","Voluntary health care payment schemes",":"
"2014","Slovenia","Euro per inhabitant","All providers of health care","Voluntary health care payment schemes","246.77"
"2015","Slovenia","Euro per inhabitant","All providers of health care","Voluntary health care payment schemes","252.14"
"2016","Slovenia","Euro per inhabitant","All providers of health care","Voluntary health care payment schemes","253.89"
"2017","Slovenia","Euro per inhabitant","All providers of health care","Voluntary health care payment schemes","263.74"
"2018","Slovenia","Euro per inhabitant","All providers of health care","Voluntary health care payment schemes",":"
"2003","Slovakia","Euro per inhabitant","All providers of health care","Voluntary health care payment schemes",":"
"2004","Slovakia","Euro per inhabitant","All providers of health care","Voluntary health care payment schemes",":"
"2005","Slovakia","Euro per inhabitant","All providers of health care","Voluntary health care payment schemes",":"
"2006","Slovakia","Euro per inhabitant","All providers of health care","Voluntary health care payment schemes",":"
"2007","Slovakia","Euro per inhabitant","All providers of health care","Voluntary health care payment schemes",":"
"2008","Slovakia","Euro per inhabitant","All providers of health care","Voluntary health care payment schemes",":"
"2009","Slovakia","Euro per inhabitant","All providers of health care","Voluntary health care payment schemes",":"
"2010","Slovakia","Euro per inhabitant","All providers of health care","Voluntary health care payment schemes",":"
"2011","Slovakia","Euro per inhabitant","All providers of health care","Voluntary health care payment schemes",":"
"2012","Slovakia","Euro per inhabitant","All providers of health care","Voluntary health care payment schemes","47.19"
"2013","Slovakia","Euro per inhabitant","All providers of health care","Voluntary health care payment schemes","25.51"
"2014","Slovakia","Euro per inhabitant","All providers of health care","Voluntary health care payment schemes","17.12"
"2015","Slovakia","Euro per inhabitant","All providers of health care","Voluntary health care payment schemes","18.38"
"2016","Slovakia","Euro per inhabitant","All providers of health care","Voluntary health care payment schemes","15.09"
"2017","Slovakia","Euro per inhabitant","All providers of health care","Voluntary health care payment schemes","14.19"
"2018","Slovakia","Euro per inhabitant","All providers of health care","Voluntary health care payment schemes",":"
"2003","Finland","Euro per inhabitant","All providers of health care","Voluntary health care payment schemes","96.82"
"2004","Finland","Euro per inhabitant","All providers of health care","Voluntary health care payment schemes","101.03"
"2005","Finland","Euro per inhabitant","All providers of health care","Voluntary health care payment schemes","105.11"
"2006","Finland","Euro per inhabitant","All providers of health care","Voluntary health care payment schemes","106.16"
"2007","Finland","Euro per inhabitant","All providers of health care","Voluntary health care payment schemes","109.16"
"2008","Finland","Euro per inhabitant","All providers of health care","Voluntary health care payment schemes","123.56"
"2009","Finland","Euro per inhabitant","All providers of health care","Voluntary health care payment schemes","129.86"
"2010","Finland","Euro per inhabitant","All providers of health care","Voluntary health care payment schemes","131.83"
"2011","Finland","Euro per inhabitant","All providers of health care","Voluntary health care payment schemes","143.51"
"2012","Finland","Euro per inhabitant","All providers of health care","Voluntary health care payment schemes","155.02"
"2013","Finland","Euro per inhabitant","All providers of health care","Voluntary health care payment schemes","156.83"
"2014","Finland","Euro per inhabitant","All providers of health care","Voluntary health care payment schemes","161.10"
"2015","Finland","Euro per inhabitant","All providers of health care","Voluntary health care payment schemes","153.27"
"2016","Finland","Euro per inhabitant","All providers of health care","Voluntary health care payment schemes","167.09"
"2017","Finland","Euro per inhabitant","All providers of health care","Voluntary health care payment schemes","172.87"
"2018","Finland","Euro per inhabitant","All providers of health care","Voluntary health care payment schemes",":"
"2003","Sweden","Euro per inhabitant","All providers of health care","Voluntary health care payment schemes",":"
"2004","Sweden","Euro per inhabitant","All providers of health care","Voluntary health care payment schemes",":"
"2005","Sweden","Euro per inhabitant","All providers of health care","Voluntary health care payment schemes",":"
"2006","Sweden","Euro per inhabitant","All providers of health care","Voluntary health care payment schemes",":"
"2007","Sweden","Euro per inhabitant","All providers of health care","Voluntary health care payment schemes",":"
"2008","Sweden","Euro per inhabitant","All providers of health care","Voluntary health care payment schemes",":"
"2009","Sweden","Euro per inhabitant","All providers of health care","Voluntary health care payment schemes",":"
"2010","Sweden","Euro per inhabitant","All providers of health care","Voluntary health care payment schemes",":"
"2011","Sweden","Euro per inhabitant","All providers of health care","Voluntary health care payment schemes","43.84"
"2012","Sweden","Euro per inhabitant","All providers of health care","Voluntary health care payment schemes","47.20"
"2013","Sweden","Euro per inhabitant","All providers of health care","Voluntary health care payment schemes","52.61"
"2014","Sweden","Euro per inhabitant","All providers of health care","Voluntary health care payment schemes","52.17"
"2015","Sweden","Euro per inhabitant","All providers of health care","Voluntary health care payment schemes","51.82"
"2016","Sweden","Euro per inhabitant","All providers of health care","Voluntary health care payment schemes","55.69"
"2017","Sweden","Euro per inhabitant","All providers of health care","Voluntary health care payment schemes","59.77"
"2018","Sweden","Euro per inhabitant","All providers of health care","Voluntary health care payment schemes","57.08"
"2003","United Kingdom","Euro per inhabitant","All providers of health care","Voluntary health care payment schemes",":"
"2004","United Kingdom","Euro per inhabitant","All providers of health care","Voluntary health care payment schemes",":"
"2005","United Kingdom","Euro per inhabitant","All providers of health care","Voluntary health care payment schemes",":"
"2006","United Kingdom","Euro per inhabitant","All providers of health care","Voluntary health care payment schemes",":"
"2007","United Kingdom","Euro per inhabitant","All providers of health care","Voluntary health care payment schemes",":"
"2008","United Kingdom","Euro per inhabitant","All providers of health care","Voluntary health care payment schemes",":"
"2009","United Kingdom","Euro per inhabitant","All providers of health care","Voluntary health care payment schemes",":"
"2010","United Kingdom","Euro per inhabitant","All providers of health care","Voluntary health care payment schemes",":"
"2011","United Kingdom","Euro per inhabitant","All providers of health care","Voluntary health care payment schemes",":"
"2012","United Kingdom","Euro per inhabitant","All providers of health care","Voluntary health care payment schemes",":"
"2013","United Kingdom","Euro per inhabitant","All providers of health care","Voluntary health care payment schemes","176.21"
"2014","United Kingdom","Euro per inhabitant","All providers of health care","Voluntary health care payment schemes","191.99"
"2015","United Kingdom","Euro per inhabitant","All providers of health care","Voluntary health care payment schemes","213.46"
"2016","United Kingdom","Euro per inhabitant","All providers of health care","Voluntary health care payment schemes","178.50"
"2017","United Kingdom","Euro per inhabitant","All providers of health care","Voluntary health care payment schemes","178.69"
"2018","United Kingdom","Euro per inhabitant","All providers of health care","Voluntary health care payment schemes",":"
"2003","Iceland","Euro per inhabitant","All providers of health care","Voluntary health care payment schemes",":"
"2004","Iceland","Euro per inhabitant","All providers of health care","Voluntary health care payment schemes",":"
"2005","Iceland","Euro per inhabitant","All providers of health care","Voluntary health care payment schemes",":"
"2006","Iceland","Euro per inhabitant","All providers of health care","Voluntary health care payment schemes",":"
"2007","Iceland","Euro per inhabitant","All providers of health care","Voluntary health care payment schemes",":"
"2008","Iceland","Euro per inhabitant","All providers of health care","Voluntary health care payment schemes",":"
"2009","Iceland","Euro per inhabitant","All providers of health care","Voluntary health care payment schemes",":"
"2010","Iceland","Euro per inhabitant","All providers of health care","Voluntary health care payment schemes",":"
"2011","Iceland","Euro per inhabitant","All providers of health care","Voluntary health care payment schemes","41.48"
"2012","Iceland","Euro per inhabitant","All providers of health care","Voluntary health care payment schemes","43.79"
"2013","Iceland","Euro per inhabitant","All providers of health care","Voluntary health care payment schemes","45.93"
"2014","Iceland","Euro per inhabitant","All providers of health care","Voluntary health care payment schemes","51.46"
"2015","Iceland","Euro per inhabitant","All providers of health care","Voluntary health care payment schemes","59.39"
"2016","Iceland","Euro per inhabitant","All providers of health care","Voluntary health care payment schemes","73.56"
"2017","Iceland","Euro per inhabitant","All providers of health care","Voluntary health care payment schemes","89.00"
"2018","Iceland","Euro per inhabitant","All providers of health care","Voluntary health care payment schemes","88.83"
"2003","Liechtenstein","Euro per inhabitant","All providers of health care","Voluntary health care payment schemes",":"
"2004","Liechtenstein","Euro per inhabitant","All providers of health care","Voluntary health care payment schemes",":"
"2005","Liechtenstein","Euro per inhabitant","All providers of health care","Voluntary health care payment schemes",":"
"2006","Liechtenstein","Euro per inhabitant","All providers of health care","Voluntary health care payment schemes",":"
"2007","Liechtenstein","Euro per inhabitant","All providers of health care","Voluntary health care payment schemes",":"
"2008","Liechtenstein","Euro per inhabitant","All providers of health care","Voluntary health care payment schemes",":"
"2009","Liechtenstein","Euro per inhabitant","All providers of health care","Voluntary health care payment schemes",":"
"2010","Liechtenstein","Euro per inhabitant","All providers of health care","Voluntary health care payment schemes",":"
"2011","Liechtenstein","Euro per inhabitant","All providers of health care","Voluntary health care payment schemes",":"
"2012","Liechtenstein","Euro per inhabitant","All providers of health care","Voluntary health care payment schemes",":"
"2013","Liechtenstein","Euro per inhabitant","All providers of health care","Voluntary health care payment schemes","1,055.68"
"2014","Liechtenstein","Euro per inhabitant","All providers of health care","Voluntary health care payment schemes","1,056.89"
"2015","Liechtenstein","Euro per inhabitant","All providers of health care","Voluntary health care payment schemes","1,194.36"
"2016","Liechtenstein","Euro per inhabitant","All providers of health care","Voluntary health care payment schemes","1,214.57"
"2017","Liechtenstein","Euro per inhabitant","All providers of health care","Voluntary health care payment schemes","1,162.40"
"2018","Liechtenstein","Euro per inhabitant","All providers of health care","Voluntary health care payment schemes",":"
"2003","Norway","Euro per inhabitant","All providers of health care","Voluntary health care payment schemes",":"
"2004","Norway","Euro per inhabitant","All providers of health care","Voluntary health care payment schemes",":"
"2005","Norway","Euro per inhabitant","All providers of health care","Voluntary health care payment schemes",":"
"2006","Norway","Euro per inhabitant","All providers of health care","Voluntary health care payment schemes",":"
"2007","Norway","Euro per inhabitant","All providers of health care","Voluntary health care payment schemes",":"
"2008","Norway","Euro per inhabitant","All providers of health care","Voluntary health care payment schemes",":"
"2009","Norway","Euro per inhabitant","All providers of health care","Voluntary health care payment schemes",":"
"2010","Norway","Euro per inhabitant","All providers of health care","Voluntary health care payment schemes",":"
"2011","Norway","Euro per inhabitant","All providers of health care","Voluntary health care payment schemes","23.34"
"2012","Norway","Euro per inhabitant","All providers of health care","Voluntary health care payment schemes","30.84"
"2013","Norway","Euro per inhabitant","All providers of health care","Voluntary health care payment schemes","26.48"
"2014","Norway","Euro per inhabitant","All providers of health care","Voluntary health care payment schemes","22.74"
"2015","Norway","Euro per inhabitant","All providers of health care","Voluntary health care payment schemes","23.26"
"2016","Norway","Euro per inhabitant","All providers of health care","Voluntary health care payment schemes","23.59"
"2017","Norway","Euro per inhabitant","All providers of health care","Voluntary health care payment schemes","25.38"
"2018","Norway","Euro per inhabitant","All providers of health care","Voluntary health care payment schemes","25.24"
"2003","Switzerland","Euro per inhabitant","All providers of health care","Voluntary health care payment schemes",":"
"2004","Switzerland","Euro per inhabitant","All providers of health care","Voluntary health care payment schemes",":"
"2005","Switzerland","Euro per inhabitant","All providers of health care","Voluntary health care payment schemes",":"
"2006","Switzerland","Euro per inhabitant","All providers of health care","Voluntary health care payment schemes",":"
"2007","Switzerland","Euro per inhabitant","All providers of health care","Voluntary health care payment schemes",":"
"2008","Switzerland","Euro per inhabitant","All providers of health care","Voluntary health care payment schemes",":"
"2009","Switzerland","Euro per inhabitant","All providers of health care","Voluntary health care payment schemes",":"
"2010","Switzerland","Euro per inhabitant","All providers of health care","Voluntary health care payment schemes","551.70"
"2011","Switzerland","Euro per inhabitant","All providers of health care","Voluntary health care payment schemes","628.85"
"2012","Switzerland","Euro per inhabitant","All providers of health care","Voluntary health care payment schemes","549.64"
"2013","Switzerland","Euro per inhabitant","All providers of health care","Voluntary health care payment schemes","546.46"
"2014","Switzerland","Euro per inhabitant","All providers of health care","Voluntary health care payment schemes","565.53"
"2015","Switzerland","Euro per inhabitant","All providers of health care","Voluntary health care payment schemes","665.20"
"2016","Switzerland","Euro per inhabitant","All providers of health care","Voluntary health care payment schemes","677.14"
"2017","Switzerland","Euro per inhabitant","All providers of health care","Voluntary health care payment schemes","654.64"
"2018","Switzerland","Euro per inhabitant","All providers of health care","Voluntary health care payment schemes",":"
