"TIME","GEO","UNIT","ICHA11_HP","ICHA11_HF","Value"
"2003","Belgium","Euro per inhabitant","All providers of health care","Household out-of-pocket payment","511.24"
"2004","Belgium","Euro per inhabitant","All providers of health care","Household out-of-pocket payment","488.39"
"2005","Belgium","Euro per inhabitant","All providers of health care","Household out-of-pocket payment","480.04"
"2006","Belgium","Euro per inhabitant","All providers of health care","Household out-of-pocket payment","578.78"
"2007","Belgium","Euro per inhabitant","All providers of health care","Household out-of-pocket payment","617.63"
"2008","Belgium","Euro per inhabitant","All providers of health care","Household out-of-pocket payment","638.18"
"2009","Belgium","Euro per inhabitant","All providers of health care","Household out-of-pocket payment","662.01"
"2010","Belgium","Euro per inhabitant","All providers of health care","Household out-of-pocket payment","680.05"
"2011","Belgium","Euro per inhabitant","All providers of health care","Household out-of-pocket payment","700.49"
"2012","Belgium","Euro per inhabitant","All providers of health care","Household out-of-pocket payment","711.41"
"2013","Belgium","Euro per inhabitant","All providers of health care","Household out-of-pocket payment","734.13"
"2014","Belgium","Euro per inhabitant","All providers of health care","Household out-of-pocket payment","742.01"
"2015","Belgium","Euro per inhabitant","All providers of health care","Household out-of-pocket payment","751.46"
"2016","Belgium","Euro per inhabitant","All providers of health care","Household out-of-pocket payment","739.33"
"2017","Belgium","Euro per inhabitant","All providers of health care","Household out-of-pocket payment","776.22"
"2018","Belgium","Euro per inhabitant","All providers of health care","Household out-of-pocket payment","790.51"
"2003","Bulgaria","Euro per inhabitant","All providers of health care","Household out-of-pocket payment",":"
"2004","Bulgaria","Euro per inhabitant","All providers of health care","Household out-of-pocket payment",":"
"2005","Bulgaria","Euro per inhabitant","All providers of health care","Household out-of-pocket payment",":"
"2006","Bulgaria","Euro per inhabitant","All providers of health care","Household out-of-pocket payment",":"
"2007","Bulgaria","Euro per inhabitant","All providers of health care","Household out-of-pocket payment",":"
"2008","Bulgaria","Euro per inhabitant","All providers of health care","Household out-of-pocket payment",":"
"2009","Bulgaria","Euro per inhabitant","All providers of health care","Household out-of-pocket payment",":"
"2010","Bulgaria","Euro per inhabitant","All providers of health care","Household out-of-pocket payment",":"
"2011","Bulgaria","Euro per inhabitant","All providers of health care","Household out-of-pocket payment","178.25"
"2012","Bulgaria","Euro per inhabitant","All providers of health care","Household out-of-pocket payment","208.19"
"2013","Bulgaria","Euro per inhabitant","All providers of health care","Household out-of-pocket payment","173.07"
"2014","Bulgaria","Euro per inhabitant","All providers of health care","Household out-of-pocket payment","184.14"
"2015","Bulgaria","Euro per inhabitant","All providers of health care","Household out-of-pocket payment","200.54"
"2016","Bulgaria","Euro per inhabitant","All providers of health care","Household out-of-pocket payment","220.70"
"2017","Bulgaria","Euro per inhabitant","All providers of health care","Household out-of-pocket payment","234.68"
"2018","Bulgaria","Euro per inhabitant","All providers of health care","Household out-of-pocket payment","230.68"
"2003","Czechia","Euro per inhabitant","All providers of health care","Household out-of-pocket payment",":"
"2004","Czechia","Euro per inhabitant","All providers of health care","Household out-of-pocket payment",":"
"2005","Czechia","Euro per inhabitant","All providers of health care","Household out-of-pocket payment",":"
"2006","Czechia","Euro per inhabitant","All providers of health care","Household out-of-pocket payment",":"
"2007","Czechia","Euro per inhabitant","All providers of health care","Household out-of-pocket payment",":"
"2008","Czechia","Euro per inhabitant","All providers of health care","Household out-of-pocket payment",":"
"2009","Czechia","Euro per inhabitant","All providers of health care","Household out-of-pocket payment",":"
"2010","Czechia","Euro per inhabitant","All providers of health care","Household out-of-pocket payment",":"
"2011","Czechia","Euro per inhabitant","All providers of health care","Household out-of-pocket payment",":"
"2012","Czechia","Euro per inhabitant","All providers of health care","Household out-of-pocket payment",":"
"2013","Czechia","Euro per inhabitant","All providers of health care","Household out-of-pocket payment","159.12"
"2014","Czechia","Euro per inhabitant","All providers of health care","Household out-of-pocket payment","160.41"
"2015","Czechia","Euro per inhabitant","All providers of health care","Household out-of-pocket payment","171.57"
"2016","Czechia","Euro per inhabitant","All providers of health care","Household out-of-pocket payment","179.29"
"2017","Czechia","Euro per inhabitant","All providers of health care","Household out-of-pocket payment","193.79"
"2018","Czechia","Euro per inhabitant","All providers of health care","Household out-of-pocket payment",":"
"2003","Denmark","Euro per inhabitant","All providers of health care","Household out-of-pocket payment",":"
"2004","Denmark","Euro per inhabitant","All providers of health care","Household out-of-pocket payment",":"
"2005","Denmark","Euro per inhabitant","All providers of health care","Household out-of-pocket payment",":"
"2006","Denmark","Euro per inhabitant","All providers of health care","Household out-of-pocket payment",":"
"2007","Denmark","Euro per inhabitant","All providers of health care","Household out-of-pocket payment",":"
"2008","Denmark","Euro per inhabitant","All providers of health care","Household out-of-pocket payment",":"
"2009","Denmark","Euro per inhabitant","All providers of health care","Household out-of-pocket payment",":"
"2010","Denmark","Euro per inhabitant","All providers of health care","Household out-of-pocket payment","651.56"
"2011","Denmark","Euro per inhabitant","All providers of health care","Household out-of-pocket payment","657.38"
"2012","Denmark","Euro per inhabitant","All providers of health care","Household out-of-pocket payment","660.20"
"2013","Denmark","Euro per inhabitant","All providers of health care","Household out-of-pocket payment","647.18"
"2014","Denmark","Euro per inhabitant","All providers of health care","Household out-of-pocket payment","659.81"
"2015","Denmark","Euro per inhabitant","All providers of health care","Household out-of-pocket payment","671.82"
"2016","Denmark","Euro per inhabitant","All providers of health care","Household out-of-pocket payment","687.54"
"2017","Denmark","Euro per inhabitant","All providers of health care","Household out-of-pocket payment","705.34"
"2018","Denmark","Euro per inhabitant","All providers of health care","Household out-of-pocket payment","723.46"
"2003","Germany (until 1990 former territory of the FRG)","Euro per inhabitant","All providers of health care","Household out-of-pocket payment","352.71"
"2004","Germany (until 1990 former territory of the FRG)","Euro per inhabitant","All providers of health care","Household out-of-pocket payment","383.96"
"2005","Germany (until 1990 former territory of the FRG)","Euro per inhabitant","All providers of health care","Household out-of-pocket payment","398.88"
"2006","Germany (until 1990 former territory of the FRG)","Euro per inhabitant","All providers of health care","Household out-of-pocket payment","422.80"
"2007","Germany (until 1990 former territory of the FRG)","Euro per inhabitant","All providers of health care","Household out-of-pocket payment","436.24"
"2008","Germany (until 1990 former territory of the FRG)","Euro per inhabitant","All providers of health care","Household out-of-pocket payment","443.64"
"2009","Germany (until 1990 former territory of the FRG)","Euro per inhabitant","All providers of health care","Household out-of-pocket payment","461.95"
"2010","Germany (until 1990 former territory of the FRG)","Euro per inhabitant","All providers of health care","Household out-of-pocket payment","483.44"
"2011","Germany (until 1990 former territory of the FRG)","Euro per inhabitant","All providers of health care","Household out-of-pocket payment","502.67"
"2012","Germany (until 1990 former territory of the FRG)","Euro per inhabitant","All providers of health care","Household out-of-pocket payment","516.55"
"2013","Germany (until 1990 former territory of the FRG)","Euro per inhabitant","All providers of health care","Household out-of-pocket payment","502.79"
"2014","Germany (until 1990 former territory of the FRG)","Euro per inhabitant","All providers of health care","Household out-of-pocket payment","505.16"
"2015","Germany (until 1990 former territory of the FRG)","Euro per inhabitant","All providers of health care","Household out-of-pocket payment","530.85"
"2016","Germany (until 1990 former territory of the FRG)","Euro per inhabitant","All providers of health care","Household out-of-pocket payment","543.52"
"2017","Germany (until 1990 former territory of the FRG)","Euro per inhabitant","All providers of health care","Household out-of-pocket payment","557.51"
"2018","Germany (until 1990 former territory of the FRG)","Euro per inhabitant","All providers of health care","Household out-of-pocket payment",":"
"2003","Estonia","Euro per inhabitant","All providers of health care","Household out-of-pocket payment","63.59"
"2004","Estonia","Euro per inhabitant","All providers of health care","Household out-of-pocket payment","82.31"
"2005","Estonia","Euro per inhabitant","All providers of health care","Household out-of-pocket payment","95.82"
"2006","Estonia","Euro per inhabitant","All providers of health care","Household out-of-pocket payment","111.17"
"2007","Estonia","Euro per inhabitant","All providers of health care","Household out-of-pocket payment","138.08"
"2008","Estonia","Euro per inhabitant","All providers of health care","Household out-of-pocket payment","147.24"
"2009","Estonia","Euro per inhabitant","All providers of health care","Household out-of-pocket payment","141.04"
"2010","Estonia","Euro per inhabitant","All providers of health care","Household out-of-pocket payment","153.47"
"2011","Estonia","Euro per inhabitant","All providers of health care","Household out-of-pocket payment","157.63"
"2012","Estonia","Euro per inhabitant","All providers of health care","Household out-of-pocket payment","170.03"
"2013","Estonia","Euro per inhabitant","All providers of health care","Household out-of-pocket payment","195.17"
"2014","Estonia","Euro per inhabitant","All providers of health care","Household out-of-pocket payment","211.16"
"2015","Estonia","Euro per inhabitant","All providers of health care","Household out-of-pocket payment","228.32"
"2016","Estonia","Euro per inhabitant","All providers of health care","Household out-of-pocket payment","243.13"
"2017","Estonia","Euro per inhabitant","All providers of health care","Household out-of-pocket payment","271.96"
"2018","Estonia","Euro per inhabitant","All providers of health care","Household out-of-pocket payment",":"
"2003","Ireland","Euro per inhabitant","All providers of health care","Household out-of-pocket payment",":"
"2004","Ireland","Euro per inhabitant","All providers of health care","Household out-of-pocket payment",":"
"2005","Ireland","Euro per inhabitant","All providers of health care","Household out-of-pocket payment",":"
"2006","Ireland","Euro per inhabitant","All providers of health care","Household out-of-pocket payment",":"
"2007","Ireland","Euro per inhabitant","All providers of health care","Household out-of-pocket payment",":"
"2008","Ireland","Euro per inhabitant","All providers of health care","Household out-of-pocket payment",":"
"2009","Ireland","Euro per inhabitant","All providers of health care","Household out-of-pocket payment",":"
"2010","Ireland","Euro per inhabitant","All providers of health care","Household out-of-pocket payment",":"
"2011","Ireland","Euro per inhabitant","All providers of health care","Household out-of-pocket payment","555.49"
"2012","Ireland","Euro per inhabitant","All providers of health care","Household out-of-pocket payment","565.12"
"2013","Ireland","Euro per inhabitant","All providers of health care","Household out-of-pocket payment","571.46"
"2014","Ireland","Euro per inhabitant","All providers of health care","Household out-of-pocket payment","567.92"
"2015","Ireland","Euro per inhabitant","All providers of health care","Household out-of-pocket payment","540.66"
"2016","Ireland","Euro per inhabitant","All providers of health care","Household out-of-pocket payment","536.67"
"2017","Ireland","Euro per inhabitant","All providers of health care","Household out-of-pocket payment","556.74"
"2018","Ireland","Euro per inhabitant","All providers of health care","Household out-of-pocket payment","557.37"
"2003","Greece","Euro per inhabitant","All providers of health care","Household out-of-pocket payment",":"
"2004","Greece","Euro per inhabitant","All providers of health care","Household out-of-pocket payment",":"
"2005","Greece","Euro per inhabitant","All providers of health care","Household out-of-pocket payment",":"
"2006","Greece","Euro per inhabitant","All providers of health care","Household out-of-pocket payment",":"
"2007","Greece","Euro per inhabitant","All providers of health care","Household out-of-pocket payment",":"
"2008","Greece","Euro per inhabitant","All providers of health care","Household out-of-pocket payment",":"
"2009","Greece","Euro per inhabitant","All providers of health care","Household out-of-pocket payment","593.53"
"2010","Greece","Euro per inhabitant","All providers of health care","Household out-of-pocket payment","546.52"
"2011","Greece","Euro per inhabitant","All providers of health care","Household out-of-pocket payment","524.43"
"2012","Greece","Euro per inhabitant","All providers of health care","Household out-of-pocket payment","463.46"
"2013","Greece","Euro per inhabitant","All providers of health care","Household out-of-pocket payment","467.04"
"2014","Greece","Euro per inhabitant","All providers of health care","Household out-of-pocket payment","477.66"
"2015","Greece","Euro per inhabitant","All providers of health care","Household out-of-pocket payment","482.78"
"2016","Greece","Euro per inhabitant","All providers of health care","Household out-of-pocket payment","469.37"
"2017","Greece","Euro per inhabitant","All providers of health care","Household out-of-pocket payment","468.29"
"2018","Greece","Euro per inhabitant","All providers of health care","Household out-of-pocket payment","483.84"
"2003","Spain","Euro per inhabitant","All providers of health care","Household out-of-pocket payment","323.32"
"2004","Spain","Euro per inhabitant","All providers of health care","Household out-of-pocket payment","341.43"
"2005","Spain","Euro per inhabitant","All providers of health care","Household out-of-pocket payment","359.18"
"2006","Spain","Euro per inhabitant","All providers of health care","Household out-of-pocket payment","374.46"
"2007","Spain","Euro per inhabitant","All providers of health care","Household out-of-pocket payment","393.77"
"2008","Spain","Euro per inhabitant","All providers of health care","Household out-of-pocket payment","423.12"
"2009","Spain","Euro per inhabitant","All providers of health care","Household out-of-pocket payment","407.80"
"2010","Spain","Euro per inhabitant","All providers of health care","Household out-of-pocket payment","434.13"
"2011","Spain","Euro per inhabitant","All providers of health care","Household out-of-pocket payment","438.90"
"2012","Spain","Euro per inhabitant","All providers of health care","Household out-of-pocket payment","460.62"
"2013","Spain","Euro per inhabitant","All providers of health care","Household out-of-pocket payment","475.96"
"2014","Spain","Euro per inhabitant","All providers of health care","Household out-of-pocket payment","490.88"
"2015","Spain","Euro per inhabitant","All providers of health care","Household out-of-pocket payment","504.40"
"2016","Spain","Euro per inhabitant","All providers of health care","Household out-of-pocket payment","516.89"
"2017","Spain","Euro per inhabitant","All providers of health care","Household out-of-pocket payment","523.43"
"2018","Spain","Euro per inhabitant","All providers of health care","Household out-of-pocket payment",":"
"2003","France","Euro per inhabitant","All providers of health care","Household out-of-pocket payment",":"
"2004","France","Euro per inhabitant","All providers of health care","Household out-of-pocket payment",":"
"2005","France","Euro per inhabitant","All providers of health care","Household out-of-pocket payment",":"
"2006","France","Euro per inhabitant","All providers of health care","Household out-of-pocket payment","283.12"
"2007","France","Euro per inhabitant","All providers of health care","Household out-of-pocket payment","298.89"
"2008","France","Euro per inhabitant","All providers of health care","Household out-of-pocket payment","326.88"
"2009","France","Euro per inhabitant","All providers of health care","Household out-of-pocket payment","344.40"
"2010","France","Euro per inhabitant","All providers of health care","Household out-of-pocket payment","353.69"
"2011","France","Euro per inhabitant","All providers of health care","Household out-of-pocket payment","361.98"
"2012","France","Euro per inhabitant","All providers of health care","Household out-of-pocket payment","364.94"
"2013","France","Euro per inhabitant","All providers of health care","Household out-of-pocket payment","365.58"
"2014","France","Euro per inhabitant","All providers of health care","Household out-of-pocket payment","369.36"
"2015","France","Euro per inhabitant","All providers of health care","Household out-of-pocket payment","367.42"
"2016","France","Euro per inhabitant","All providers of health care","Household out-of-pocket payment","367.83"
"2017","France","Euro per inhabitant","All providers of health care","Household out-of-pocket payment","373.17"
"2018","France","Euro per inhabitant","All providers of health care","Household out-of-pocket payment","367.03"
"2003","Croatia","Euro per inhabitant","All providers of health care","Household out-of-pocket payment",":"
"2004","Croatia","Euro per inhabitant","All providers of health care","Household out-of-pocket payment",":"
"2005","Croatia","Euro per inhabitant","All providers of health care","Household out-of-pocket payment",":"
"2006","Croatia","Euro per inhabitant","All providers of health care","Household out-of-pocket payment",":"
"2007","Croatia","Euro per inhabitant","All providers of health care","Household out-of-pocket payment",":"
"2008","Croatia","Euro per inhabitant","All providers of health care","Household out-of-pocket payment",":"
"2009","Croatia","Euro per inhabitant","All providers of health care","Household out-of-pocket payment",":"
"2010","Croatia","Euro per inhabitant","All providers of health care","Household out-of-pocket payment",":"
"2011","Croatia","Euro per inhabitant","All providers of health care","Household out-of-pocket payment",":"
"2012","Croatia","Euro per inhabitant","All providers of health care","Household out-of-pocket payment",":"
"2013","Croatia","Euro per inhabitant","All providers of health care","Household out-of-pocket payment","59.27"
"2014","Croatia","Euro per inhabitant","All providers of health care","Household out-of-pocket payment","77.40"
"2015","Croatia","Euro per inhabitant","All providers of health care","Household out-of-pocket payment","78.76"
"2016","Croatia","Euro per inhabitant","All providers of health care","Household out-of-pocket payment","83.74"
"2017","Croatia","Euro per inhabitant","All providers of health care","Household out-of-pocket payment","88.37"
"2018","Croatia","Euro per inhabitant","All providers of health care","Household out-of-pocket payment","90.28"
"2003","Italy","Euro per inhabitant","All providers of health care","Household out-of-pocket payment",":"
"2004","Italy","Euro per inhabitant","All providers of health care","Household out-of-pocket payment",":"
"2005","Italy","Euro per inhabitant","All providers of health care","Household out-of-pocket payment",":"
"2006","Italy","Euro per inhabitant","All providers of health care","Household out-of-pocket payment",":"
"2007","Italy","Euro per inhabitant","All providers of health care","Household out-of-pocket payment",":"
"2008","Italy","Euro per inhabitant","All providers of health care","Household out-of-pocket payment",":"
"2009","Italy","Euro per inhabitant","All providers of health care","Household out-of-pocket payment",":"
"2010","Italy","Euro per inhabitant","All providers of health care","Household out-of-pocket payment",":"
"2011","Italy","Euro per inhabitant","All providers of health care","Household out-of-pocket payment",":"
"2012","Italy","Euro per inhabitant","All providers of health care","Household out-of-pocket payment","529.21"
"2013","Italy","Euro per inhabitant","All providers of health care","Household out-of-pocket payment","522.23"
"2014","Italy","Euro per inhabitant","All providers of health care","Household out-of-pocket payment","535.11"
"2015","Italy","Euro per inhabitant","All providers of health care","Household out-of-pocket payment","566.52"
"2016","Italy","Euro per inhabitant","All providers of health care","Household out-of-pocket payment","569.21"
"2017","Italy","Euro per inhabitant","All providers of health care","Household out-of-pocket payment","592.62"
"2018","Italy","Euro per inhabitant","All providers of health care","Household out-of-pocket payment","596.54"
"2003","Cyprus","Euro per inhabitant","All providers of health care","Household out-of-pocket payment",":"
"2004","Cyprus","Euro per inhabitant","All providers of health care","Household out-of-pocket payment",":"
"2005","Cyprus","Euro per inhabitant","All providers of health care","Household out-of-pocket payment",":"
"2006","Cyprus","Euro per inhabitant","All providers of health care","Household out-of-pocket payment",":"
"2007","Cyprus","Euro per inhabitant","All providers of health care","Household out-of-pocket payment",":"
"2008","Cyprus","Euro per inhabitant","All providers of health care","Household out-of-pocket payment",":"
"2009","Cyprus","Euro per inhabitant","All providers of health care","Household out-of-pocket payment",":"
"2010","Cyprus","Euro per inhabitant","All providers of health care","Household out-of-pocket payment","657.46"
"2011","Cyprus","Euro per inhabitant","All providers of health care","Household out-of-pocket payment","621.02"
"2012","Cyprus","Euro per inhabitant","All providers of health care","Household out-of-pocket payment","624.97"
"2013","Cyprus","Euro per inhabitant","All providers of health care","Household out-of-pocket payment","617.67"
"2014","Cyprus","Euro per inhabitant","All providers of health care","Household out-of-pocket payment","641.23"
"2015","Cyprus","Euro per inhabitant","All providers of health care","Household out-of-pocket payment","651.29"
"2016","Cyprus","Euro per inhabitant","All providers of health care","Household out-of-pocket payment","698.43"
"2017","Cyprus","Euro per inhabitant","All providers of health care","Household out-of-pocket payment","715.37"
"2018","Cyprus","Euro per inhabitant","All providers of health care","Household out-of-pocket payment","734.17"
"2003","Latvia","Euro per inhabitant","All providers of health care","Household out-of-pocket payment",":"
"2004","Latvia","Euro per inhabitant","All providers of health care","Household out-of-pocket payment",":"
"2005","Latvia","Euro per inhabitant","All providers of health care","Household out-of-pocket payment",":"
"2006","Latvia","Euro per inhabitant","All providers of health care","Household out-of-pocket payment",":"
"2007","Latvia","Euro per inhabitant","All providers of health care","Household out-of-pocket payment",":"
"2008","Latvia","Euro per inhabitant","All providers of health care","Household out-of-pocket payment",":"
"2009","Latvia","Euro per inhabitant","All providers of health care","Household out-of-pocket payment",":"
"2010","Latvia","Euro per inhabitant","All providers of health care","Household out-of-pocket payment",":"
"2011","Latvia","Euro per inhabitant","All providers of health care","Household out-of-pocket payment",":"
"2012","Latvia","Euro per inhabitant","All providers of health care","Household out-of-pocket payment",":"
"2013","Latvia","Euro per inhabitant","All providers of health care","Household out-of-pocket payment","235.63"
"2014","Latvia","Euro per inhabitant","All providers of health care","Household out-of-pocket payment","253.17"
"2015","Latvia","Euro per inhabitant","All providers of health care","Household out-of-pocket payment","284.11"
"2016","Latvia","Euro per inhabitant","All providers of health care","Household out-of-pocket payment","344.03"
"2017","Latvia","Euro per inhabitant","All providers of health care","Household out-of-pocket payment","346.34"
"2018","Latvia","Euro per inhabitant","All providers of health care","Household out-of-pocket payment",":"
"2003","Lithuania","Euro per inhabitant","All providers of health care","Household out-of-pocket payment",":"
"2004","Lithuania","Euro per inhabitant","All providers of health care","Household out-of-pocket payment",":"
"2005","Lithuania","Euro per inhabitant","All providers of health care","Household out-of-pocket payment",":"
"2006","Lithuania","Euro per inhabitant","All providers of health care","Household out-of-pocket payment","136.94"
"2007","Lithuania","Euro per inhabitant","All providers of health care","Household out-of-pocket payment","147.01"
"2008","Lithuania","Euro per inhabitant","All providers of health care","Household out-of-pocket payment","181.09"
"2009","Lithuania","Euro per inhabitant","All providers of health care","Household out-of-pocket payment","167.97"
"2010","Lithuania","Euro per inhabitant","All providers of health care","Household out-of-pocket payment","170.17"
"2011","Lithuania","Euro per inhabitant","All providers of health care","Household out-of-pocket payment","189.36"
"2012","Lithuania","Euro per inhabitant","All providers of health care","Household out-of-pocket payment","223.18"
"2013","Lithuania","Euro per inhabitant","All providers of health care","Household out-of-pocket payment","238.19"
"2014","Lithuania","Euro per inhabitant","All providers of health care","Household out-of-pocket payment","243.31"
"2015","Lithuania","Euro per inhabitant","All providers of health care","Household out-of-pocket payment","265.67"
"2016","Lithuania","Euro per inhabitant","All providers of health care","Household out-of-pocket payment","290.86"
"2017","Lithuania","Euro per inhabitant","All providers of health care","Household out-of-pocket payment","315.42"
"2018","Lithuania","Euro per inhabitant","All providers of health care","Household out-of-pocket payment","335.78"
"2003","Luxembourg","Euro per inhabitant","All providers of health care","Household out-of-pocket payment",":"
"2004","Luxembourg","Euro per inhabitant","All providers of health care","Household out-of-pocket payment",":"
"2005","Luxembourg","Euro per inhabitant","All providers of health care","Household out-of-pocket payment",":"
"2006","Luxembourg","Euro per inhabitant","All providers of health care","Household out-of-pocket payment",":"
"2007","Luxembourg","Euro per inhabitant","All providers of health care","Household out-of-pocket payment",":"
"2008","Luxembourg","Euro per inhabitant","All providers of health care","Household out-of-pocket payment",":"
"2009","Luxembourg","Euro per inhabitant","All providers of health care","Household out-of-pocket payment",":"
"2010","Luxembourg","Euro per inhabitant","All providers of health care","Household out-of-pocket payment",":"
"2011","Luxembourg","Euro per inhabitant","All providers of health care","Household out-of-pocket payment","553.80"
"2012","Luxembourg","Euro per inhabitant","All providers of health care","Household out-of-pocket payment","532.09"
"2013","Luxembourg","Euro per inhabitant","All providers of health care","Household out-of-pocket payment","529.79"
"2014","Luxembourg","Euro per inhabitant","All providers of health care","Household out-of-pocket payment","539.16"
"2015","Luxembourg","Euro per inhabitant","All providers of health care","Household out-of-pocket payment","517.51"
"2016","Luxembourg","Euro per inhabitant","All providers of health care","Household out-of-pocket payment","526.19"
"2017","Luxembourg","Euro per inhabitant","All providers of health care","Household out-of-pocket payment","534.05"
"2018","Luxembourg","Euro per inhabitant","All providers of health care","Household out-of-pocket payment","544.88"
"2003","Hungary","Euro per inhabitant","All providers of health care","Household out-of-pocket payment",":"
"2004","Hungary","Euro per inhabitant","All providers of health care","Household out-of-pocket payment",":"
"2005","Hungary","Euro per inhabitant","All providers of health care","Household out-of-pocket payment",":"
"2006","Hungary","Euro per inhabitant","All providers of health care","Household out-of-pocket payment","177.95"
"2007","Hungary","Euro per inhabitant","All providers of health care","Household out-of-pocket payment","192.68"
"2008","Hungary","Euro per inhabitant","All providers of health care","Household out-of-pocket payment","201.59"
"2009","Hungary","Euro per inhabitant","All providers of health care","Household out-of-pocket payment","178.85"
"2010","Hungary","Euro per inhabitant","All providers of health care","Household out-of-pocket payment","203.74"
"2011","Hungary","Euro per inhabitant","All providers of health care","Household out-of-pocket payment","216.25"
"2012","Hungary","Euro per inhabitant","All providers of health care","Household out-of-pocket payment","219.95"
"2013","Hungary","Euro per inhabitant","All providers of health care","Household out-of-pocket payment","212.03"
"2014","Hungary","Euro per inhabitant","All providers of health care","Household out-of-pocket payment","215.07"
"2015","Hungary","Euro per inhabitant","All providers of health care","Household out-of-pocket payment","215.72"
"2016","Hungary","Euro per inhabitant","All providers of health care","Household out-of-pocket payment","229.02"
"2017","Hungary","Euro per inhabitant","All providers of health care","Household out-of-pocket payment","235.29"
"2018","Hungary","Euro per inhabitant","All providers of health care","Household out-of-pocket payment","246.59"
"2003","Malta","Euro per inhabitant","All providers of health care","Household out-of-pocket payment",":"
"2004","Malta","Euro per inhabitant","All providers of health care","Household out-of-pocket payment",":"
"2005","Malta","Euro per inhabitant","All providers of health care","Household out-of-pocket payment",":"
"2006","Malta","Euro per inhabitant","All providers of health care","Household out-of-pocket payment",":"
"2007","Malta","Euro per inhabitant","All providers of health care","Household out-of-pocket payment",":"
"2008","Malta","Euro per inhabitant","All providers of health care","Household out-of-pocket payment",":"
"2009","Malta","Euro per inhabitant","All providers of health care","Household out-of-pocket payment",":"
"2010","Malta","Euro per inhabitant","All providers of health care","Household out-of-pocket payment",":"
"2011","Malta","Euro per inhabitant","All providers of health care","Household out-of-pocket payment",":"
"2012","Malta","Euro per inhabitant","All providers of health care","Household out-of-pocket payment",":"
"2013","Malta","Euro per inhabitant","All providers of health care","Household out-of-pocket payment",":"
"2014","Malta","Euro per inhabitant","All providers of health care","Household out-of-pocket payment","672.56"
"2015","Malta","Euro per inhabitant","All providers of health care","Household out-of-pocket payment","748.92"
"2016","Malta","Euro per inhabitant","All providers of health care","Household out-of-pocket payment","729.30"
"2017","Malta","Euro per inhabitant","All providers of health care","Household out-of-pocket payment","784.41"
"2018","Malta","Euro per inhabitant","All providers of health care","Household out-of-pocket payment",":"
"2003","Netherlands","Euro per inhabitant","All providers of health care","Household out-of-pocket payment","274.91"
"2004","Netherlands","Euro per inhabitant","All providers of health care","Household out-of-pocket payment","295.00"
"2005","Netherlands","Euro per inhabitant","All providers of health care","Household out-of-pocket payment","303.53"
"2006","Netherlands","Euro per inhabitant","All providers of health care","Household out-of-pocket payment","270.37"
"2007","Netherlands","Euro per inhabitant","All providers of health care","Household out-of-pocket payment","269.95"
"2008","Netherlands","Euro per inhabitant","All providers of health care","Household out-of-pocket payment","362.28"
"2009","Netherlands","Euro per inhabitant","All providers of health care","Household out-of-pocket payment","342.59"
"2010","Netherlands","Euro per inhabitant","All providers of health care","Household out-of-pocket payment","355.33"
"2011","Netherlands","Euro per inhabitant","All providers of health care","Household out-of-pocket payment","378.06"
"2012","Netherlands","Euro per inhabitant","All providers of health care","Household out-of-pocket payment","414.44"
"2013","Netherlands","Euro per inhabitant","All providers of health care","Household out-of-pocket payment","479.80"
"2014","Netherlands","Euro per inhabitant","All providers of health care","Household out-of-pocket payment","487.56"
"2015","Netherlands","Euro per inhabitant","All providers of health care","Household out-of-pocket payment","474.64"
"2016","Netherlands","Euro per inhabitant","All providers of health care","Household out-of-pocket payment","481.67"
"2017","Netherlands","Euro per inhabitant","All providers of health care","Household out-of-pocket payment","478.95"
"2018","Netherlands","Euro per inhabitant","All providers of health care","Household out-of-pocket payment","483.82"
"2003","Austria","Euro per inhabitant","All providers of health care","Household out-of-pocket payment",":"
"2004","Austria","Euro per inhabitant","All providers of health care","Household out-of-pocket payment","555.78"
"2005","Austria","Euro per inhabitant","All providers of health care","Household out-of-pocket payment","570.28"
"2006","Austria","Euro per inhabitant","All providers of health care","Household out-of-pocket payment","580.58"
"2007","Austria","Euro per inhabitant","All providers of health care","Household out-of-pocket payment","613.66"
"2008","Austria","Euro per inhabitant","All providers of health care","Household out-of-pocket payment","626.37"
"2009","Austria","Euro per inhabitant","All providers of health care","Household out-of-pocket payment","637.27"
"2010","Austria","Euro per inhabitant","All providers of health care","Household out-of-pocket payment","672.67"
"2011","Austria","Euro per inhabitant","All providers of health care","Household out-of-pocket payment","694.36"
"2012","Austria","Euro per inhabitant","All providers of health care","Household out-of-pocket payment","719.94"
"2013","Austria","Euro per inhabitant","All providers of health care","Household out-of-pocket payment","753.22"
"2014","Austria","Euro per inhabitant","All providers of health care","Household out-of-pocket payment","771.87"
"2015","Austria","Euro per inhabitant","All providers of health care","Household out-of-pocket payment","788.42"
"2016","Austria","Euro per inhabitant","All providers of health care","Household out-of-pocket payment","815.41"
"2017","Austria","Euro per inhabitant","All providers of health care","Household out-of-pocket payment","834.47"
"2018","Austria","Euro per inhabitant","All providers of health care","Household out-of-pocket payment","826.61"
"2003","Poland","Euro per inhabitant","All providers of health care","Household out-of-pocket payment",":"
"2004","Poland","Euro per inhabitant","All providers of health care","Household out-of-pocket payment",":"
"2005","Poland","Euro per inhabitant","All providers of health care","Household out-of-pocket payment",":"
"2006","Poland","Euro per inhabitant","All providers of health care","Household out-of-pocket payment",":"
"2007","Poland","Euro per inhabitant","All providers of health care","Household out-of-pocket payment",":"
"2008","Poland","Euro per inhabitant","All providers of health care","Household out-of-pocket payment",":"
"2009","Poland","Euro per inhabitant","All providers of health care","Household out-of-pocket payment",":"
"2010","Poland","Euro per inhabitant","All providers of health care","Household out-of-pocket payment",":"
"2011","Poland","Euro per inhabitant","All providers of health care","Household out-of-pocket payment",":"
"2012","Poland","Euro per inhabitant","All providers of health care","Household out-of-pocket payment",":"
"2013","Poland","Euro per inhabitant","All providers of health care","Household out-of-pocket payment","156.43"
"2014","Poland","Euro per inhabitant","All providers of health care","Household out-of-pocket payment","156.24"
"2015","Poland","Euro per inhabitant","All providers of health care","Household out-of-pocket payment","166.94"
"2016","Poland","Euro per inhabitant","All providers of health care","Household out-of-pocket payment","167.73"
"2017","Poland","Euro per inhabitant","All providers of health care","Household out-of-pocket payment",":"
"2018","Poland","Euro per inhabitant","All providers of health care","Household out-of-pocket payment",":"
"2003","Portugal","Euro per inhabitant","All providers of health care","Household out-of-pocket payment","289.06"
"2004","Portugal","Euro per inhabitant","All providers of health care","Household out-of-pocket payment","311.17"
"2005","Portugal","Euro per inhabitant","All providers of health care","Household out-of-pocket payment","332.14"
"2006","Portugal","Euro per inhabitant","All providers of health care","Household out-of-pocket payment","362.80"
"2007","Portugal","Euro per inhabitant","All providers of health care","Household out-of-pocket payment","387.32"
"2008","Portugal","Euro per inhabitant","All providers of health care","Household out-of-pocket payment","409.09"
"2009","Portugal","Euro per inhabitant","All providers of health care","Household out-of-pocket payment","403.61"
"2010","Portugal","Euro per inhabitant","All providers of health care","Household out-of-pocket payment","410.33"
"2011","Portugal","Euro per inhabitant","All providers of health care","Household out-of-pocket payment","418.26"
"2012","Portugal","Euro per inhabitant","All providers of health care","Household out-of-pocket payment","421.83"
"2013","Portugal","Euro per inhabitant","All providers of health care","Household out-of-pocket payment","399.09"
"2014","Portugal","Euro per inhabitant","All providers of health care","Household out-of-pocket payment","415.87"
"2015","Portugal","Euro per inhabitant","All providers of health care","Household out-of-pocket payment","431.85"
"2016","Portugal","Euro per inhabitant","All providers of health care","Household out-of-pocket payment","453.64"
"2017","Portugal","Euro per inhabitant","All providers of health care","Household out-of-pocket payment","466.62"
"2018","Portugal","Euro per inhabitant","All providers of health care","Household out-of-pocket payment",":"
"2003","Romania","Euro per inhabitant","All providers of health care","Household out-of-pocket payment",":"
"2004","Romania","Euro per inhabitant","All providers of health care","Household out-of-pocket payment",":"
"2005","Romania","Euro per inhabitant","All providers of health care","Household out-of-pocket payment",":"
"2006","Romania","Euro per inhabitant","All providers of health care","Household out-of-pocket payment",":"
"2007","Romania","Euro per inhabitant","All providers of health care","Household out-of-pocket payment",":"
"2008","Romania","Euro per inhabitant","All providers of health care","Household out-of-pocket payment",":"
"2009","Romania","Euro per inhabitant","All providers of health care","Household out-of-pocket payment",":"
"2010","Romania","Euro per inhabitant","All providers of health care","Household out-of-pocket payment",":"
"2011","Romania","Euro per inhabitant","All providers of health care","Household out-of-pocket payment","74.69"
"2012","Romania","Euro per inhabitant","All providers of health care","Household out-of-pocket payment","70.24"
"2013","Romania","Euro per inhabitant","All providers of health care","Household out-of-pocket payment","75.39"
"2014","Romania","Euro per inhabitant","All providers of health care","Household out-of-pocket payment","77.22"
"2015","Romania","Euro per inhabitant","All providers of health care","Household out-of-pocket payment","85.09"
"2016","Romania","Euro per inhabitant","All providers of health care","Household out-of-pocket payment","89.64"
"2017","Romania","Euro per inhabitant","All providers of health care","Household out-of-pocket payment","101.17"
"2018","Romania","Euro per inhabitant","All providers of health care","Household out-of-pocket payment","113.62"
"2003","Slovenia","Euro per inhabitant","All providers of health care","Household out-of-pocket payment",":"
"2004","Slovenia","Euro per inhabitant","All providers of health care","Household out-of-pocket payment",":"
"2005","Slovenia","Euro per inhabitant","All providers of health care","Household out-of-pocket payment",":"
"2006","Slovenia","Euro per inhabitant","All providers of health care","Household out-of-pocket payment",":"
"2007","Slovenia","Euro per inhabitant","All providers of health care","Household out-of-pocket payment",":"
"2008","Slovenia","Euro per inhabitant","All providers of health care","Household out-of-pocket payment",":"
"2009","Slovenia","Euro per inhabitant","All providers of health care","Household out-of-pocket payment",":"
"2010","Slovenia","Euro per inhabitant","All providers of health care","Household out-of-pocket payment",":"
"2011","Slovenia","Euro per inhabitant","All providers of health care","Household out-of-pocket payment",":"
"2012","Slovenia","Euro per inhabitant","All providers of health care","Household out-of-pocket payment",":"
"2013","Slovenia","Euro per inhabitant","All providers of health care","Household out-of-pocket payment",":"
"2014","Slovenia","Euro per inhabitant","All providers of health care","Household out-of-pocket payment","201.47"
"2015","Slovenia","Euro per inhabitant","All providers of health care","Household out-of-pocket payment","199.99"
"2016","Slovenia","Euro per inhabitant","All providers of health care","Household out-of-pocket payment","198.93"
"2017","Slovenia","Euro per inhabitant","All providers of health care","Household out-of-pocket payment","209.93"
"2018","Slovenia","Euro per inhabitant","All providers of health care","Household out-of-pocket payment",":"
"2003","Slovakia","Euro per inhabitant","All providers of health care","Household out-of-pocket payment",":"
"2004","Slovakia","Euro per inhabitant","All providers of health care","Household out-of-pocket payment",":"
"2005","Slovakia","Euro per inhabitant","All providers of health care","Household out-of-pocket payment",":"
"2006","Slovakia","Euro per inhabitant","All providers of health care","Household out-of-pocket payment",":"
"2007","Slovakia","Euro per inhabitant","All providers of health care","Household out-of-pocket payment",":"
"2008","Slovakia","Euro per inhabitant","All providers of health care","Household out-of-pocket payment",":"
"2009","Slovakia","Euro per inhabitant","All providers of health care","Household out-of-pocket payment",":"
"2010","Slovakia","Euro per inhabitant","All providers of health care","Household out-of-pocket payment",":"
"2011","Slovakia","Euro per inhabitant","All providers of health care","Household out-of-pocket payment",":"
"2012","Slovakia","Euro per inhabitant","All providers of health care","Household out-of-pocket payment","238.45"
"2013","Slovakia","Euro per inhabitant","All providers of health care","Household out-of-pocket payment","240.54"
"2014","Slovakia","Euro per inhabitant","All providers of health care","Household out-of-pocket payment","174.69"
"2015","Slovakia","Euro per inhabitant","All providers of health care","Household out-of-pocket payment","184.25"
"2016","Slovakia","Euro per inhabitant","All providers of health care","Household out-of-pocket payment","189.83"
"2017","Slovakia","Euro per inhabitant","All providers of health care","Household out-of-pocket payment","196.82"
"2018","Slovakia","Euro per inhabitant","All providers of health care","Household out-of-pocket payment",":"
"2003","Finland","Euro per inhabitant","All providers of health care","Household out-of-pocket payment","478.26"
"2004","Finland","Euro per inhabitant","All providers of health care","Household out-of-pocket payment","495.98"
"2005","Finland","Euro per inhabitant","All providers of health care","Household out-of-pocket payment","518.30"
"2006","Finland","Euro per inhabitant","All providers of health care","Household out-of-pocket payment","517.76"
"2007","Finland","Euro per inhabitant","All providers of health care","Household out-of-pocket payment","547.60"
"2008","Finland","Euro per inhabitant","All providers of health care","Household out-of-pocket payment","576.49"
"2009","Finland","Euro per inhabitant","All providers of health care","Household out-of-pocket payment","583.77"
"2010","Finland","Euro per inhabitant","All providers of health care","Household out-of-pocket payment","618.27"
"2011","Finland","Euro per inhabitant","All providers of health care","Household out-of-pocket payment","632.88"
"2012","Finland","Euro per inhabitant","All providers of health care","Household out-of-pocket payment","641.73"
"2013","Finland","Euro per inhabitant","All providers of health care","Household out-of-pocket payment","672.72"
"2014","Finland","Euro per inhabitant","All providers of health care","Household out-of-pocket payment","675.85"
"2015","Finland","Euro per inhabitant","All providers of health care","Household out-of-pocket payment","735.39"
"2016","Finland","Euro per inhabitant","All providers of health care","Household out-of-pocket payment","759.98"
"2017","Finland","Euro per inhabitant","All providers of health care","Household out-of-pocket payment","756.98"
"2018","Finland","Euro per inhabitant","All providers of health care","Household out-of-pocket payment",":"
"2003","Sweden","Euro per inhabitant","All providers of health care","Household out-of-pocket payment",":"
"2004","Sweden","Euro per inhabitant","All providers of health care","Household out-of-pocket payment",":"
"2005","Sweden","Euro per inhabitant","All providers of health care","Household out-of-pocket payment",":"
"2006","Sweden","Euro per inhabitant","All providers of health care","Household out-of-pocket payment",":"
"2007","Sweden","Euro per inhabitant","All providers of health care","Household out-of-pocket payment",":"
"2008","Sweden","Euro per inhabitant","All providers of health care","Household out-of-pocket payment",":"
"2009","Sweden","Euro per inhabitant","All providers of health care","Household out-of-pocket payment",":"
"2010","Sweden","Euro per inhabitant","All providers of health care","Household out-of-pocket payment",":"
"2011","Sweden","Euro per inhabitant","All providers of health care","Household out-of-pocket payment","664.60"
"2012","Sweden","Euro per inhabitant","All providers of health care","Household out-of-pocket payment","718.39"
"2013","Sweden","Euro per inhabitant","All providers of health care","Household out-of-pocket payment","748.84"
"2014","Sweden","Euro per inhabitant","All providers of health care","Household out-of-pocket payment","739.28"
"2015","Sweden","Euro per inhabitant","All providers of health care","Household out-of-pocket payment","747.27"
"2016","Sweden","Euro per inhabitant","All providers of health care","Household out-of-pocket payment","737.98"
"2017","Sweden","Euro per inhabitant","All providers of health care","Household out-of-pocket payment","724.83"
"2018","Sweden","Euro per inhabitant","All providers of health care","Household out-of-pocket payment","694.47"
"2003","United Kingdom","Euro per inhabitant","All providers of health care","Household out-of-pocket payment",":"
"2004","United Kingdom","Euro per inhabitant","All providers of health care","Household out-of-pocket payment",":"
"2005","United Kingdom","Euro per inhabitant","All providers of health care","Household out-of-pocket payment",":"
"2006","United Kingdom","Euro per inhabitant","All providers of health care","Household out-of-pocket payment",":"
"2007","United Kingdom","Euro per inhabitant","All providers of health care","Household out-of-pocket payment",":"
"2008","United Kingdom","Euro per inhabitant","All providers of health care","Household out-of-pocket payment",":"
"2009","United Kingdom","Euro per inhabitant","All providers of health care","Household out-of-pocket payment",":"
"2010","United Kingdom","Euro per inhabitant","All providers of health care","Household out-of-pocket payment",":"
"2011","United Kingdom","Euro per inhabitant","All providers of health care","Household out-of-pocket payment",":"
"2012","United Kingdom","Euro per inhabitant","All providers of health care","Household out-of-pocket payment",":"
"2013","United Kingdom","Euro per inhabitant","All providers of health care","Household out-of-pocket payment","474.86"
"2014","United Kingdom","Euro per inhabitant","All providers of health care","Household out-of-pocket payment","517.41"
"2015","United Kingdom","Euro per inhabitant","All providers of health care","Household out-of-pocket payment","587.63"
"2016","United Kingdom","Euro per inhabitant","All providers of health care","Household out-of-pocket payment","550.44"
"2017","United Kingdom","Euro per inhabitant","All providers of health care","Household out-of-pocket payment","543.95"
"2018","United Kingdom","Euro per inhabitant","All providers of health care","Household out-of-pocket payment",":"
"2003","Iceland","Euro per inhabitant","All providers of health care","Household out-of-pocket payment",":"
"2004","Iceland","Euro per inhabitant","All providers of health care","Household out-of-pocket payment",":"
"2005","Iceland","Euro per inhabitant","All providers of health care","Household out-of-pocket payment",":"
"2006","Iceland","Euro per inhabitant","All providers of health care","Household out-of-pocket payment",":"
"2007","Iceland","Euro per inhabitant","All providers of health care","Household out-of-pocket payment",":"
"2008","Iceland","Euro per inhabitant","All providers of health care","Household out-of-pocket payment",":"
"2009","Iceland","Euro per inhabitant","All providers of health care","Household out-of-pocket payment",":"
"2010","Iceland","Euro per inhabitant","All providers of health care","Household out-of-pocket payment",":"
"2011","Iceland","Euro per inhabitant","All providers of health care","Household out-of-pocket payment","520.23"
"2012","Iceland","Euro per inhabitant","All providers of health care","Household out-of-pocket payment","543.74"
"2013","Iceland","Euro per inhabitant","All providers of health care","Household out-of-pocket payment","559.32"
"2014","Iceland","Euro per inhabitant","All providers of health care","Household out-of-pocket payment","608.87"
"2015","Iceland","Euro per inhabitant","All providers of health care","Household out-of-pocket payment","679.71"
"2016","Iceland","Euro per inhabitant","All providers of health care","Household out-of-pocket payment","765.65"
"2017","Iceland","Euro per inhabitant","All providers of health care","Household out-of-pocket payment","867.35"
"2018","Iceland","Euro per inhabitant","All providers of health care","Household out-of-pocket payment","841.86"
"2003","Liechtenstein","Euro per inhabitant","All providers of health care","Household out-of-pocket payment",":"
"2004","Liechtenstein","Euro per inhabitant","All providers of health care","Household out-of-pocket payment",":"
"2005","Liechtenstein","Euro per inhabitant","All providers of health care","Household out-of-pocket payment",":"
"2006","Liechtenstein","Euro per inhabitant","All providers of health care","Household out-of-pocket payment",":"
"2007","Liechtenstein","Euro per inhabitant","All providers of health care","Household out-of-pocket payment",":"
"2008","Liechtenstein","Euro per inhabitant","All providers of health care","Household out-of-pocket payment",":"
"2009","Liechtenstein","Euro per inhabitant","All providers of health care","Household out-of-pocket payment",":"
"2010","Liechtenstein","Euro per inhabitant","All providers of health care","Household out-of-pocket payment",":"
"2011","Liechtenstein","Euro per inhabitant","All providers of health care","Household out-of-pocket payment",":"
"2012","Liechtenstein","Euro per inhabitant","All providers of health care","Household out-of-pocket payment",":"
"2013","Liechtenstein","Euro per inhabitant","All providers of health care","Household out-of-pocket payment","1,760.93"
"2014","Liechtenstein","Euro per inhabitant","All providers of health care","Household out-of-pocket payment","1,890.42"
"2015","Liechtenstein","Euro per inhabitant","All providers of health care","Household out-of-pocket payment","2,162.94"
"2016","Liechtenstein","Euro per inhabitant","All providers of health care","Household out-of-pocket payment","2,186.81"
"2017","Liechtenstein","Euro per inhabitant","All providers of health care","Household out-of-pocket payment","2,304.05"
"2018","Liechtenstein","Euro per inhabitant","All providers of health care","Household out-of-pocket payment",":"
"2003","Norway","Euro per inhabitant","All providers of health care","Household out-of-pocket payment",":"
"2004","Norway","Euro per inhabitant","All providers of health care","Household out-of-pocket payment",":"
"2005","Norway","Euro per inhabitant","All providers of health care","Household out-of-pocket payment",":"
"2006","Norway","Euro per inhabitant","All providers of health care","Household out-of-pocket payment",":"
"2007","Norway","Euro per inhabitant","All providers of health care","Household out-of-pocket payment",":"
"2008","Norway","Euro per inhabitant","All providers of health care","Household out-of-pocket payment",":"
"2009","Norway","Euro per inhabitant","All providers of health care","Household out-of-pocket payment",":"
"2010","Norway","Euro per inhabitant","All providers of health care","Household out-of-pocket payment",":"
"2011","Norway","Euro per inhabitant","All providers of health care","Household out-of-pocket payment","967.09"
"2012","Norway","Euro per inhabitant","All providers of health care","Household out-of-pocket payment","1,026.46"
"2013","Norway","Euro per inhabitant","All providers of health care","Household out-of-pocket payment","1,009.30"
"2014","Norway","Euro per inhabitant","All providers of health care","Household out-of-pocket payment","983.31"
"2015","Norway","Euro per inhabitant","All providers of health care","Household out-of-pocket payment","960.01"
"2016","Norway","Euro per inhabitant","All providers of health care","Household out-of-pocket payment","962.91"
"2017","Norway","Euro per inhabitant","All providers of health care","Household out-of-pocket payment","1,002.33"
"2018","Norway","Euro per inhabitant","All providers of health care","Household out-of-pocket payment","996.27"
"2003","Switzerland","Euro per inhabitant","All providers of health care","Household out-of-pocket payment",":"
"2004","Switzerland","Euro per inhabitant","All providers of health care","Household out-of-pocket payment",":"
"2005","Switzerland","Euro per inhabitant","All providers of health care","Household out-of-pocket payment",":"
"2006","Switzerland","Euro per inhabitant","All providers of health care","Household out-of-pocket payment",":"
"2007","Switzerland","Euro per inhabitant","All providers of health care","Household out-of-pocket payment",":"
"2008","Switzerland","Euro per inhabitant","All providers of health care","Household out-of-pocket payment",":"
"2009","Switzerland","Euro per inhabitant","All providers of health care","Household out-of-pocket payment",":"
"2010","Switzerland","Euro per inhabitant","All providers of health care","Household out-of-pocket payment","1,753.79"
"2011","Switzerland","Euro per inhabitant","All providers of health care","Household out-of-pocket payment","1,956.70"
"2012","Switzerland","Euro per inhabitant","All providers of health care","Household out-of-pocket payment","2,070.05"
"2013","Switzerland","Euro per inhabitant","All providers of health care","Household out-of-pocket payment","2,055.22"
"2014","Switzerland","Euro per inhabitant","All providers of health care","Household out-of-pocket payment","2,195.39"
"2015","Switzerland","Euro per inhabitant","All providers of health care","Household out-of-pocket payment","2,556.10"
"2016","Switzerland","Euro per inhabitant","All providers of health care","Household out-of-pocket payment","2,613.68"
"2017","Switzerland","Euro per inhabitant","All providers of health care","Household out-of-pocket payment","2,543.07"
"2018","Switzerland","Euro per inhabitant","All providers of health care","Household out-of-pocket payment",":"
