"TIME","GEO","UNIT","ICHA11_HP","ICHA11_HF","Value"
"2003","Belgium","Percentage of gross domestic product (GDP)","All providers of health care","Household out-of-pocket payment","1.88"
"2004","Belgium","Percentage of gross domestic product (GDP)","All providers of health care","Household out-of-pocket payment","1.70"
"2005","Belgium","Percentage of gross domestic product (GDP)","All providers of health care","Household out-of-pocket payment","1.61"
"2006","Belgium","Percentage of gross domestic product (GDP)","All providers of health care","Household out-of-pocket payment","1.88"
"2007","Belgium","Percentage of gross domestic product (GDP)","All providers of health care","Household out-of-pocket payment","1.91"
"2008","Belgium","Percentage of gross domestic product (GDP)","All providers of health care","Household out-of-pocket payment","1.94"
"2009","Belgium","Percentage of gross domestic product (GDP)","All providers of health care","Household out-of-pocket payment","2.06"
"2010","Belgium","Percentage of gross domestic product (GDP)","All providers of health care","Household out-of-pocket payment","2.04"
"2011","Belgium","Percentage of gross domestic product (GDP)","All providers of health care","Household out-of-pocket payment","2.06"
"2012","Belgium","Percentage of gross domestic product (GDP)","All providers of health care","Household out-of-pocket payment","2.05"
"2013","Belgium","Percentage of gross domestic product (GDP)","All providers of health care","Household out-of-pocket payment","2.09"
"2014","Belgium","Percentage of gross domestic product (GDP)","All providers of health care","Household out-of-pocket payment","2.06"
"2015","Belgium","Percentage of gross domestic product (GDP)","All providers of health care","Household out-of-pocket payment","2.03"
"2016","Belgium","Percentage of gross domestic product (GDP)","All providers of health care","Household out-of-pocket payment","1.95"
"2017","Belgium","Percentage of gross domestic product (GDP)","All providers of health care","Household out-of-pocket payment","1.98"
"2018","Belgium","Percentage of gross domestic product (GDP)","All providers of health care","Household out-of-pocket payment","1.97"
"2003","Bulgaria","Percentage of gross domestic product (GDP)","All providers of health care","Household out-of-pocket payment",":"
"2004","Bulgaria","Percentage of gross domestic product (GDP)","All providers of health care","Household out-of-pocket payment",":"
"2005","Bulgaria","Percentage of gross domestic product (GDP)","All providers of health care","Household out-of-pocket payment",":"
"2006","Bulgaria","Percentage of gross domestic product (GDP)","All providers of health care","Household out-of-pocket payment",":"
"2007","Bulgaria","Percentage of gross domestic product (GDP)","All providers of health care","Household out-of-pocket payment",":"
"2008","Bulgaria","Percentage of gross domestic product (GDP)","All providers of health care","Household out-of-pocket payment",":"
"2009","Bulgaria","Percentage of gross domestic product (GDP)","All providers of health care","Household out-of-pocket payment",":"
"2010","Bulgaria","Percentage of gross domestic product (GDP)","All providers of health care","Household out-of-pocket payment",":"
"2011","Bulgaria","Percentage of gross domestic product (GDP)","All providers of health care","Household out-of-pocket payment","3.18"
"2012","Bulgaria","Percentage of gross domestic product (GDP)","All providers of health care","Household out-of-pocket payment","3.62"
"2013","Bulgaria","Percentage of gross domestic product (GDP)","All providers of health care","Household out-of-pocket payment","3.00"
"2014","Bulgaria","Percentage of gross domestic product (GDP)","All providers of health care","Household out-of-pocket payment","3.10"
"2015","Bulgaria","Percentage of gross domestic product (GDP)","All providers of health care","Household out-of-pocket payment","3.15"
"2016","Bulgaria","Percentage of gross domestic product (GDP)","All providers of health care","Household out-of-pocket payment","3.24"
"2017","Bulgaria","Percentage of gross domestic product (GDP)","All providers of health care","Household out-of-pocket payment","3.17"
"2018","Bulgaria","Percentage of gross domestic product (GDP)","All providers of health care","Household out-of-pocket payment","2.89"
"2003","Czechia","Percentage of gross domestic product (GDP)","All providers of health care","Household out-of-pocket payment",":"
"2004","Czechia","Percentage of gross domestic product (GDP)","All providers of health care","Household out-of-pocket payment",":"
"2005","Czechia","Percentage of gross domestic product (GDP)","All providers of health care","Household out-of-pocket payment",":"
"2006","Czechia","Percentage of gross domestic product (GDP)","All providers of health care","Household out-of-pocket payment",":"
"2007","Czechia","Percentage of gross domestic product (GDP)","All providers of health care","Household out-of-pocket payment",":"
"2008","Czechia","Percentage of gross domestic product (GDP)","All providers of health care","Household out-of-pocket payment",":"
"2009","Czechia","Percentage of gross domestic product (GDP)","All providers of health care","Household out-of-pocket payment",":"
"2010","Czechia","Percentage of gross domestic product (GDP)","All providers of health care","Household out-of-pocket payment",":"
"2011","Czechia","Percentage of gross domestic product (GDP)","All providers of health care","Household out-of-pocket payment",":"
"2012","Czechia","Percentage of gross domestic product (GDP)","All providers of health care","Household out-of-pocket payment",":"
"2013","Czechia","Percentage of gross domestic product (GDP)","All providers of health care","Household out-of-pocket payment","1.06"
"2014","Czechia","Percentage of gross domestic product (GDP)","All providers of health care","Household out-of-pocket payment","1.08"
"2015","Czechia","Percentage of gross domestic product (GDP)","All providers of health care","Household out-of-pocket payment","1.07"
"2016","Czechia","Percentage of gross domestic product (GDP)","All providers of health care","Household out-of-pocket payment","1.07"
"2017","Czechia","Percentage of gross domestic product (GDP)","All providers of health care","Household out-of-pocket payment","1.07"
"2018","Czechia","Percentage of gross domestic product (GDP)","All providers of health care","Household out-of-pocket payment",":"
"2003","Denmark","Percentage of gross domestic product (GDP)","All providers of health care","Household out-of-pocket payment",":"
"2004","Denmark","Percentage of gross domestic product (GDP)","All providers of health care","Household out-of-pocket payment",":"
"2005","Denmark","Percentage of gross domestic product (GDP)","All providers of health care","Household out-of-pocket payment",":"
"2006","Denmark","Percentage of gross domestic product (GDP)","All providers of health care","Household out-of-pocket payment",":"
"2007","Denmark","Percentage of gross domestic product (GDP)","All providers of health care","Household out-of-pocket payment",":"
"2008","Denmark","Percentage of gross domestic product (GDP)","All providers of health care","Household out-of-pocket payment",":"
"2009","Denmark","Percentage of gross domestic product (GDP)","All providers of health care","Household out-of-pocket payment",":"
"2010","Denmark","Percentage of gross domestic product (GDP)","All providers of health care","Household out-of-pocket payment","1.49"
"2011","Denmark","Percentage of gross domestic product (GDP)","All providers of health care","Household out-of-pocket payment","1.48"
"2012","Denmark","Percentage of gross domestic product (GDP)","All providers of health care","Household out-of-pocket payment","1.45"
"2013","Denmark","Percentage of gross domestic product (GDP)","All providers of health care","Household out-of-pocket payment","1.40"
"2014","Denmark","Percentage of gross domestic product (GDP)","All providers of health care","Household out-of-pocket payment","1.40"
"2015","Denmark","Percentage of gross domestic product (GDP)","All providers of health care","Household out-of-pocket payment","1.40"
"2016","Denmark","Percentage of gross domestic product (GDP)","All providers of health care","Household out-of-pocket payment","1.39"
"2017","Denmark","Percentage of gross domestic product (GDP)","All providers of health care","Household out-of-pocket payment","1.39"
"2018","Denmark","Percentage of gross domestic product (GDP)","All providers of health care","Household out-of-pocket payment","1.39"
"2003","Germany (until 1990 former territory of the FRG)","Percentage of gross domestic product (GDP)","All providers of health care","Household out-of-pocket payment","1.31"
"2004","Germany (until 1990 former territory of the FRG)","Percentage of gross domestic product (GDP)","All providers of health care","Household out-of-pocket payment","1.40"
"2005","Germany (until 1990 former territory of the FRG)","Percentage of gross domestic product (GDP)","All providers of health care","Household out-of-pocket payment","1.43"
"2006","Germany (until 1990 former territory of the FRG)","Percentage of gross domestic product (GDP)","All providers of health care","Household out-of-pocket payment","1.46"
"2007","Germany (until 1990 former territory of the FRG)","Percentage of gross domestic product (GDP)","All providers of health care","Household out-of-pocket payment","1.43"
"2008","Germany (until 1990 former territory of the FRG)","Percentage of gross domestic product (GDP)","All providers of health care","Household out-of-pocket payment","1.42"
"2009","Germany (until 1990 former territory of the FRG)","Percentage of gross domestic product (GDP)","All providers of health care","Household out-of-pocket payment","1.54"
"2010","Germany (until 1990 former territory of the FRG)","Percentage of gross domestic product (GDP)","All providers of health care","Household out-of-pocket payment","1.53"
"2011","Germany (until 1990 former territory of the FRG)","Percentage of gross domestic product (GDP)","All providers of health care","Household out-of-pocket payment","1.49"
"2012","Germany (until 1990 former territory of the FRG)","Percentage of gross domestic product (GDP)","All providers of health care","Household out-of-pocket payment","1.51"
"2013","Germany (until 1990 former territory of the FRG)","Percentage of gross domestic product (GDP)","All providers of health care","Household out-of-pocket payment","1.43"
"2014","Germany (until 1990 former territory of the FRG)","Percentage of gross domestic product (GDP)","All providers of health care","Household out-of-pocket payment","1.39"
"2015","Germany (until 1990 former territory of the FRG)","Percentage of gross domestic product (GDP)","All providers of health care","Household out-of-pocket payment","1.42"
"2016","Germany (until 1990 former territory of the FRG)","Percentage of gross domestic product (GDP)","All providers of health care","Household out-of-pocket payment","1.42"
"2017","Germany (until 1990 former territory of the FRG)","Percentage of gross domestic product (GDP)","All providers of health care","Household out-of-pocket payment","1.41"
"2018","Germany (until 1990 former territory of the FRG)","Percentage of gross domestic product (GDP)","All providers of health care","Household out-of-pocket payment",":"
"2003","Estonia","Percentage of gross domestic product (GDP)","All providers of health care","Household out-of-pocket payment","1.00"
"2004","Estonia","Percentage of gross domestic product (GDP)","All providers of health care","Household out-of-pocket payment","1.16"
"2005","Estonia","Percentage of gross domestic product (GDP)","All providers of health care","Household out-of-pocket payment","1.15"
"2006","Estonia","Percentage of gross domestic product (GDP)","All providers of health care","Household out-of-pocket payment","1.11"
"2007","Estonia","Percentage of gross domestic product (GDP)","All providers of health care","Household out-of-pocket payment","1.14"
"2008","Estonia","Percentage of gross domestic product (GDP)","All providers of health care","Household out-of-pocket payment","1.19"
"2009","Estonia","Percentage of gross domestic product (GDP)","All providers of health care","Household out-of-pocket payment","1.33"
"2010","Estonia","Percentage of gross domestic product (GDP)","All providers of health care","Household out-of-pocket payment","1.39"
"2011","Estonia","Percentage of gross domestic product (GDP)","All providers of health care","Household out-of-pocket payment","1.26"
"2012","Estonia","Percentage of gross domestic product (GDP)","All providers of health care","Household out-of-pocket payment","1.25"
"2013","Estonia","Percentage of gross domestic product (GDP)","All providers of health care","Household out-of-pocket payment","1.36"
"2014","Estonia","Percentage of gross domestic product (GDP)","All providers of health care","Household out-of-pocket payment","1.38"
"2015","Estonia","Percentage of gross domestic product (GDP)","All providers of health care","Household out-of-pocket payment","1.45"
"2016","Estonia","Percentage of gross domestic product (GDP)","All providers of health care","Household out-of-pocket payment","1.48"
"2017","Estonia","Percentage of gross domestic product (GDP)","All providers of health care","Household out-of-pocket payment","1.52"
"2018","Estonia","Percentage of gross domestic product (GDP)","All providers of health care","Household out-of-pocket payment",":"
"2003","Ireland","Percentage of gross domestic product (GDP)","All providers of health care","Household out-of-pocket payment",":"
"2004","Ireland","Percentage of gross domestic product (GDP)","All providers of health care","Household out-of-pocket payment",":"
"2005","Ireland","Percentage of gross domestic product (GDP)","All providers of health care","Household out-of-pocket payment",":"
"2006","Ireland","Percentage of gross domestic product (GDP)","All providers of health care","Household out-of-pocket payment",":"
"2007","Ireland","Percentage of gross domestic product (GDP)","All providers of health care","Household out-of-pocket payment",":"
"2008","Ireland","Percentage of gross domestic product (GDP)","All providers of health care","Household out-of-pocket payment",":"
"2009","Ireland","Percentage of gross domestic product (GDP)","All providers of health care","Household out-of-pocket payment",":"
"2010","Ireland","Percentage of gross domestic product (GDP)","All providers of health care","Household out-of-pocket payment",":"
"2011","Ireland","Percentage of gross domestic product (GDP)","All providers of health care","Household out-of-pocket payment","1.49"
"2012","Ireland","Percentage of gross domestic product (GDP)","All providers of health care","Household out-of-pocket payment","1.48"
"2013","Ireland","Percentage of gross domestic product (GDP)","All providers of health care","Household out-of-pocket payment","1.47"
"2014","Ireland","Percentage of gross domestic product (GDP)","All providers of health care","Household out-of-pocket payment","1.36"
"2015","Ireland","Percentage of gross domestic product (GDP)","All providers of health care","Household out-of-pocket payment","0.97"
"2016","Ireland","Percentage of gross domestic product (GDP)","All providers of health care","Household out-of-pocket payment","0.94"
"2017","Ireland","Percentage of gross domestic product (GDP)","All providers of health care","Household out-of-pocket payment","0.90"
"2018","Ireland","Percentage of gross domestic product (GDP)","All providers of health care","Household out-of-pocket payment","0.84"
"2003","Greece","Percentage of gross domestic product (GDP)","All providers of health care","Household out-of-pocket payment",":"
"2004","Greece","Percentage of gross domestic product (GDP)","All providers of health care","Household out-of-pocket payment",":"
"2005","Greece","Percentage of gross domestic product (GDP)","All providers of health care","Household out-of-pocket payment",":"
"2006","Greece","Percentage of gross domestic product (GDP)","All providers of health care","Household out-of-pocket payment",":"
"2007","Greece","Percentage of gross domestic product (GDP)","All providers of health care","Household out-of-pocket payment",":"
"2008","Greece","Percentage of gross domestic product (GDP)","All providers of health care","Household out-of-pocket payment",":"
"2009","Greece","Percentage of gross domestic product (GDP)","All providers of health care","Household out-of-pocket payment","2.78"
"2010","Greece","Percentage of gross domestic product (GDP)","All providers of health care","Household out-of-pocket payment","2.69"
"2011","Greece","Percentage of gross domestic product (GDP)","All providers of health care","Household out-of-pocket payment","2.81"
"2012","Greece","Percentage of gross domestic product (GDP)","All providers of health care","Household out-of-pocket payment","2.68"
"2013","Greece","Percentage of gross domestic product (GDP)","All providers of health care","Household out-of-pocket payment","2.83"
"2014","Greece","Percentage of gross domestic product (GDP)","All providers of health care","Household out-of-pocket payment","2.91"
"2015","Greece","Percentage of gross domestic product (GDP)","All providers of health care","Household out-of-pocket payment","2.95"
"2016","Greece","Percentage of gross domestic product (GDP)","All providers of health care","Household out-of-pocket payment","2.87"
"2017","Greece","Percentage of gross domestic product (GDP)","All providers of health care","Household out-of-pocket payment","2.79"
"2018","Greece","Percentage of gross domestic product (GDP)","All providers of health care","Household out-of-pocket payment","2.81"
"2003","Spain","Percentage of gross domestic product (GDP)","All providers of health care","Household out-of-pocket payment","1.70"
"2004","Spain","Percentage of gross domestic product (GDP)","All providers of health care","Household out-of-pocket payment","1.70"
"2005","Spain","Percentage of gross domestic product (GDP)","All providers of health care","Household out-of-pocket payment","1.68"
"2006","Spain","Percentage of gross domestic product (GDP)","All providers of health care","Household out-of-pocket payment","1.65"
"2007","Spain","Percentage of gross domestic product (GDP)","All providers of health care","Household out-of-pocket payment","1.65"
"2008","Spain","Percentage of gross domestic product (GDP)","All providers of health care","Household out-of-pocket payment","1.74"
"2009","Spain","Percentage of gross domestic product (GDP)","All providers of health care","Household out-of-pocket payment","1.75"
"2010","Spain","Percentage of gross domestic product (GDP)","All providers of health care","Household out-of-pocket payment","1.87"
"2011","Spain","Percentage of gross domestic product (GDP)","All providers of health care","Household out-of-pocket payment","1.92"
"2012","Spain","Percentage of gross domestic product (GDP)","All providers of health care","Household out-of-pocket payment","2.07"
"2013","Spain","Percentage of gross domestic product (GDP)","All providers of health care","Household out-of-pocket payment","2.16"
"2014","Spain","Percentage of gross domestic product (GDP)","All providers of health care","Household out-of-pocket payment","2.20"
"2015","Spain","Percentage of gross domestic product (GDP)","All providers of health care","Household out-of-pocket payment","2.17"
"2016","Spain","Percentage of gross domestic product (GDP)","All providers of health care","Household out-of-pocket payment","2.15"
"2017","Spain","Percentage of gross domestic product (GDP)","All providers of health care","Household out-of-pocket payment","2.09"
"2018","Spain","Percentage of gross domestic product (GDP)","All providers of health care","Household out-of-pocket payment",":"
"2003","France","Percentage of gross domestic product (GDP)","All providers of health care","Household out-of-pocket payment",":"
"2004","France","Percentage of gross domestic product (GDP)","All providers of health care","Household out-of-pocket payment",":"
"2005","France","Percentage of gross domestic product (GDP)","All providers of health care","Household out-of-pocket payment",":"
"2006","France","Percentage of gross domestic product (GDP)","All providers of health care","Household out-of-pocket payment","0.97"
"2007","France","Percentage of gross domestic product (GDP)","All providers of health care","Household out-of-pocket payment","0.98"
"2008","France","Percentage of gross domestic product (GDP)","All providers of health care","Household out-of-pocket payment","1.05"
"2009","France","Percentage of gross domestic product (GDP)","All providers of health care","Household out-of-pocket payment","1.15"
"2010","France","Percentage of gross domestic product (GDP)","All providers of health care","Household out-of-pocket payment","1.15"
"2011","France","Percentage of gross domestic product (GDP)","All providers of health care","Household out-of-pocket payment","1.15"
"2012","France","Percentage of gross domestic product (GDP)","All providers of health care","Household out-of-pocket payment","1.14"
"2013","France","Percentage of gross domestic product (GDP)","All providers of health care","Household out-of-pocket payment","1.14"
"2014","France","Percentage of gross domestic product (GDP)","All providers of health care","Household out-of-pocket payment","1.14"
"2015","France","Percentage of gross domestic product (GDP)","All providers of health care","Household out-of-pocket payment","1.11"
"2016","France","Percentage of gross domestic product (GDP)","All providers of health care","Household out-of-pocket payment","1.10"
"2017","France","Percentage of gross domestic product (GDP)","All providers of health care","Household out-of-pocket payment","1.09"
"2018","France","Percentage of gross domestic product (GDP)","All providers of health care","Household out-of-pocket payment","1.04"
"2003","Croatia","Percentage of gross domestic product (GDP)","All providers of health care","Household out-of-pocket payment",":"
"2004","Croatia","Percentage of gross domestic product (GDP)","All providers of health care","Household out-of-pocket payment",":"
"2005","Croatia","Percentage of gross domestic product (GDP)","All providers of health care","Household out-of-pocket payment",":"
"2006","Croatia","Percentage of gross domestic product (GDP)","All providers of health care","Household out-of-pocket payment",":"
"2007","Croatia","Percentage of gross domestic product (GDP)","All providers of health care","Household out-of-pocket payment",":"
"2008","Croatia","Percentage of gross domestic product (GDP)","All providers of health care","Household out-of-pocket payment",":"
"2009","Croatia","Percentage of gross domestic product (GDP)","All providers of health care","Household out-of-pocket payment",":"
"2010","Croatia","Percentage of gross domestic product (GDP)","All providers of health care","Household out-of-pocket payment",":"
"2011","Croatia","Percentage of gross domestic product (GDP)","All providers of health care","Household out-of-pocket payment",":"
"2012","Croatia","Percentage of gross domestic product (GDP)","All providers of health care","Household out-of-pocket payment",":"
"2013","Croatia","Percentage of gross domestic product (GDP)","All providers of health care","Household out-of-pocket payment","0.58"
"2014","Croatia","Percentage of gross domestic product (GDP)","All providers of health care","Household out-of-pocket payment","0.76"
"2015","Croatia","Percentage of gross domestic product (GDP)","All providers of health care","Household out-of-pocket payment","0.74"
"2016","Croatia","Percentage of gross domestic product (GDP)","All providers of health care","Household out-of-pocket payment","0.75"
"2017","Croatia","Percentage of gross domestic product (GDP)","All providers of health care","Household out-of-pocket payment","0.74"
"2018","Croatia","Percentage of gross domestic product (GDP)","All providers of health care","Household out-of-pocket payment","0.72"
"2003","Italy","Percentage of gross domestic product (GDP)","All providers of health care","Household out-of-pocket payment",":"
"2004","Italy","Percentage of gross domestic product (GDP)","All providers of health care","Household out-of-pocket payment",":"
"2005","Italy","Percentage of gross domestic product (GDP)","All providers of health care","Household out-of-pocket payment",":"
"2006","Italy","Percentage of gross domestic product (GDP)","All providers of health care","Household out-of-pocket payment",":"
"2007","Italy","Percentage of gross domestic product (GDP)","All providers of health care","Household out-of-pocket payment",":"
"2008","Italy","Percentage of gross domestic product (GDP)","All providers of health care","Household out-of-pocket payment",":"
"2009","Italy","Percentage of gross domestic product (GDP)","All providers of health care","Household out-of-pocket payment",":"
"2010","Italy","Percentage of gross domestic product (GDP)","All providers of health care","Household out-of-pocket payment",":"
"2011","Italy","Percentage of gross domestic product (GDP)","All providers of health care","Household out-of-pocket payment",":"
"2012","Italy","Percentage of gross domestic product (GDP)","All providers of health care","Household out-of-pocket payment","1.94"
"2013","Italy","Percentage of gross domestic product (GDP)","All providers of health care","Household out-of-pocket payment","1.95"
"2014","Italy","Percentage of gross domestic product (GDP)","All providers of health care","Household out-of-pocket payment","2.00"
"2015","Italy","Percentage of gross domestic product (GDP)","All providers of health care","Household out-of-pocket payment","2.08"
"2016","Italy","Percentage of gross domestic product (GDP)","All providers of health care","Household out-of-pocket payment","2.04"
"2017","Italy","Percentage of gross domestic product (GDP)","All providers of health care","Household out-of-pocket payment","2.07"
"2018","Italy","Percentage of gross domestic product (GDP)","All providers of health care","Household out-of-pocket payment","2.04"
"2003","Cyprus","Percentage of gross domestic product (GDP)","All providers of health care","Household out-of-pocket payment",":"
"2004","Cyprus","Percentage of gross domestic product (GDP)","All providers of health care","Household out-of-pocket payment",":"
"2005","Cyprus","Percentage of gross domestic product (GDP)","All providers of health care","Household out-of-pocket payment",":"
"2006","Cyprus","Percentage of gross domestic product (GDP)","All providers of health care","Household out-of-pocket payment",":"
"2007","Cyprus","Percentage of gross domestic product (GDP)","All providers of health care","Household out-of-pocket payment",":"
"2008","Cyprus","Percentage of gross domestic product (GDP)","All providers of health care","Household out-of-pocket payment",":"
"2009","Cyprus","Percentage of gross domestic product (GDP)","All providers of health care","Household out-of-pocket payment",":"
"2010","Cyprus","Percentage of gross domestic product (GDP)","All providers of health care","Household out-of-pocket payment","2.81"
"2011","Cyprus","Percentage of gross domestic product (GDP)","All providers of health care","Household out-of-pocket payment","2.67"
"2012","Cyprus","Percentage of gross domestic product (GDP)","All providers of health care","Household out-of-pocket payment","2.78"
"2013","Cyprus","Percentage of gross domestic product (GDP)","All providers of health care","Household out-of-pocket payment","2.96"
"2014","Cyprus","Percentage of gross domestic product (GDP)","All providers of health care","Household out-of-pocket payment","3.14"
"2015","Cyprus","Percentage of gross domestic product (GDP)","All providers of health care","Household out-of-pocket payment","3.10"
"2016","Cyprus","Percentage of gross domestic product (GDP)","All providers of health care","Household out-of-pocket payment","3.15"
"2017","Cyprus","Percentage of gross domestic product (GDP)","All providers of health care","Household out-of-pocket payment","3.07"
"2018","Cyprus","Percentage of gross domestic product (GDP)","All providers of health care","Household out-of-pocket payment","3.02"
"2003","Latvia","Percentage of gross domestic product (GDP)","All providers of health care","Household out-of-pocket payment",":"
"2004","Latvia","Percentage of gross domestic product (GDP)","All providers of health care","Household out-of-pocket payment",":"
"2005","Latvia","Percentage of gross domestic product (GDP)","All providers of health care","Household out-of-pocket payment",":"
"2006","Latvia","Percentage of gross domestic product (GDP)","All providers of health care","Household out-of-pocket payment",":"
"2007","Latvia","Percentage of gross domestic product (GDP)","All providers of health care","Household out-of-pocket payment",":"
"2008","Latvia","Percentage of gross domestic product (GDP)","All providers of health care","Household out-of-pocket payment",":"
"2009","Latvia","Percentage of gross domestic product (GDP)","All providers of health care","Household out-of-pocket payment",":"
"2010","Latvia","Percentage of gross domestic product (GDP)","All providers of health care","Household out-of-pocket payment",":"
"2011","Latvia","Percentage of gross domestic product (GDP)","All providers of health care","Household out-of-pocket payment",":"
"2012","Latvia","Percentage of gross domestic product (GDP)","All providers of health care","Household out-of-pocket payment",":"
"2013","Latvia","Percentage of gross domestic product (GDP)","All providers of health care","Household out-of-pocket payment","2.08"
"2014","Latvia","Percentage of gross domestic product (GDP)","All providers of health care","Household out-of-pocket payment","2.14"
"2015","Latvia","Percentage of gross domestic product (GDP)","All providers of health care","Household out-of-pocket payment","2.31"
"2016","Latvia","Percentage of gross domestic product (GDP)","All providers of health care","Household out-of-pocket payment","2.69"
"2017","Latvia","Percentage of gross domestic product (GDP)","All providers of health care","Household out-of-pocket payment","2.49"
"2018","Latvia","Percentage of gross domestic product (GDP)","All providers of health care","Household out-of-pocket payment",":"
"2003","Lithuania","Percentage of gross domestic product (GDP)","All providers of health care","Household out-of-pocket payment",":"
"2004","Lithuania","Percentage of gross domestic product (GDP)","All providers of health care","Household out-of-pocket payment",":"
"2005","Lithuania","Percentage of gross domestic product (GDP)","All providers of health care","Household out-of-pocket payment",":"
"2006","Lithuania","Percentage of gross domestic product (GDP)","All providers of health care","Household out-of-pocket payment","1.86"
"2007","Lithuania","Percentage of gross domestic product (GDP)","All providers of health care","Household out-of-pocket payment","1.64"
"2008","Lithuania","Percentage of gross domestic product (GDP)","All providers of health care","Household out-of-pocket payment","1.77"
"2009","Lithuania","Percentage of gross domestic product (GDP)","All providers of health care","Household out-of-pocket payment","1.97"
"2010","Lithuania","Percentage of gross domestic product (GDP)","All providers of health care","Household out-of-pocket payment","1.89"
"2011","Lithuania","Percentage of gross domestic product (GDP)","All providers of health care","Household out-of-pocket payment","1.84"
"2012","Lithuania","Percentage of gross domestic product (GDP)","All providers of health care","Household out-of-pocket payment","2.00"
"2013","Lithuania","Percentage of gross domestic product (GDP)","All providers of health care","Household out-of-pocket payment","2.01"
"2014","Lithuania","Percentage of gross domestic product (GDP)","All providers of health care","Household out-of-pocket payment","1.95"
"2015","Lithuania","Percentage of gross domestic product (GDP)","All providers of health care","Household out-of-pocket payment","2.07"
"2016","Lithuania","Percentage of gross domestic product (GDP)","All providers of health care","Household out-of-pocket payment","2.14"
"2017","Lithuania","Percentage of gross domestic product (GDP)","All providers of health care","Household out-of-pocket payment","2.11"
"2018","Lithuania","Percentage of gross domestic product (GDP)","All providers of health care","Household out-of-pocket payment","2.08"
"2003","Luxembourg","Percentage of gross domestic product (GDP)","All providers of health care","Household out-of-pocket payment",":"
"2004","Luxembourg","Percentage of gross domestic product (GDP)","All providers of health care","Household out-of-pocket payment",":"
"2005","Luxembourg","Percentage of gross domestic product (GDP)","All providers of health care","Household out-of-pocket payment",":"
"2006","Luxembourg","Percentage of gross domestic product (GDP)","All providers of health care","Household out-of-pocket payment",":"
"2007","Luxembourg","Percentage of gross domestic product (GDP)","All providers of health care","Household out-of-pocket payment",":"
"2008","Luxembourg","Percentage of gross domestic product (GDP)","All providers of health care","Household out-of-pocket payment",":"
"2009","Luxembourg","Percentage of gross domestic product (GDP)","All providers of health care","Household out-of-pocket payment",":"
"2010","Luxembourg","Percentage of gross domestic product (GDP)","All providers of health care","Household out-of-pocket payment",":"
"2011","Luxembourg","Percentage of gross domestic product (GDP)","All providers of health care","Household out-of-pocket payment","0.67"
"2012","Luxembourg","Percentage of gross domestic product (GDP)","All providers of health care","Household out-of-pocket payment","0.64"
"2013","Luxembourg","Percentage of gross domestic product (GDP)","All providers of health care","Household out-of-pocket payment","0.62"
"2014","Luxembourg","Percentage of gross domestic product (GDP)","All providers of health care","Household out-of-pocket payment","0.60"
"2015","Luxembourg","Percentage of gross domestic product (GDP)","All providers of health care","Household out-of-pocket payment","0.57"
"2016","Luxembourg","Percentage of gross domestic product (GDP)","All providers of health care","Household out-of-pocket payment","0.56"
"2017","Luxembourg","Percentage of gross domestic product (GDP)","All providers of health care","Household out-of-pocket payment","0.56"
"2018","Luxembourg","Percentage of gross domestic product (GDP)","All providers of health care","Household out-of-pocket payment","0.55"
"2003","Hungary","Percentage of gross domestic product (GDP)","All providers of health care","Household out-of-pocket payment",":"
"2004","Hungary","Percentage of gross domestic product (GDP)","All providers of health care","Household out-of-pocket payment",":"
"2005","Hungary","Percentage of gross domestic product (GDP)","All providers of health care","Household out-of-pocket payment",":"
"2006","Hungary","Percentage of gross domestic product (GDP)","All providers of health care","Household out-of-pocket payment","1.95"
"2007","Hungary","Percentage of gross domestic product (GDP)","All providers of health care","Household out-of-pocket payment","1.90"
"2008","Hungary","Percentage of gross domestic product (GDP)","All providers of health care","Household out-of-pocket payment","1.87"
"2009","Hungary","Percentage of gross domestic product (GDP)","All providers of health care","Household out-of-pocket payment","1.90"
"2010","Hungary","Percentage of gross domestic product (GDP)","All providers of health care","Household out-of-pocket payment","2.06"
"2011","Hungary","Percentage of gross domestic product (GDP)","All providers of health care","Household out-of-pocket payment","2.13"
"2012","Hungary","Percentage of gross domestic product (GDP)","All providers of health care","Household out-of-pocket payment","2.19"
"2013","Hungary","Percentage of gross domestic product (GDP)","All providers of health care","Household out-of-pocket payment","2.06"
"2014","Hungary","Percentage of gross domestic product (GDP)","All providers of health care","Household out-of-pocket payment","2.01"
"2015","Hungary","Percentage of gross domestic product (GDP)","All providers of health care","Household out-of-pocket payment","1.91"
"2016","Hungary","Percentage of gross domestic product (GDP)","All providers of health care","Household out-of-pocket payment","1.95"
"2017","Hungary","Percentage of gross domestic product (GDP)","All providers of health care","Household out-of-pocket payment","1.83"
"2018","Hungary","Percentage of gross domestic product (GDP)","All providers of health care","Household out-of-pocket payment","1.80"
"2003","Malta","Percentage of gross domestic product (GDP)","All providers of health care","Household out-of-pocket payment",":"
"2004","Malta","Percentage of gross domestic product (GDP)","All providers of health care","Household out-of-pocket payment",":"
"2005","Malta","Percentage of gross domestic product (GDP)","All providers of health care","Household out-of-pocket payment",":"
"2006","Malta","Percentage of gross domestic product (GDP)","All providers of health care","Household out-of-pocket payment",":"
"2007","Malta","Percentage of gross domestic product (GDP)","All providers of health care","Household out-of-pocket payment",":"
"2008","Malta","Percentage of gross domestic product (GDP)","All providers of health care","Household out-of-pocket payment",":"
"2009","Malta","Percentage of gross domestic product (GDP)","All providers of health care","Household out-of-pocket payment",":"
"2010","Malta","Percentage of gross domestic product (GDP)","All providers of health care","Household out-of-pocket payment",":"
"2011","Malta","Percentage of gross domestic product (GDP)","All providers of health care","Household out-of-pocket payment",":"
"2012","Malta","Percentage of gross domestic product (GDP)","All providers of health care","Household out-of-pocket payment",":"
"2013","Malta","Percentage of gross domestic product (GDP)","All providers of health care","Household out-of-pocket payment",":"
"2014","Malta","Percentage of gross domestic product (GDP)","All providers of health care","Household out-of-pocket payment","3.44"
"2015","Malta","Percentage of gross domestic product (GDP)","All providers of health care","Household out-of-pocket payment","3.45"
"2016","Malta","Percentage of gross domestic product (GDP)","All providers of health care","Household out-of-pocket payment","3.21"
"2017","Malta","Percentage of gross domestic product (GDP)","All providers of health care","Household out-of-pocket payment","3.25"
"2018","Malta","Percentage of gross domestic product (GDP)","All providers of health care","Household out-of-pocket payment",":"
"2003","Netherlands","Percentage of gross domestic product (GDP)","All providers of health care","Household out-of-pocket payment","0.87"
"2004","Netherlands","Percentage of gross domestic product (GDP)","All providers of health care","Household out-of-pocket payment","0.91"
"2005","Netherlands","Percentage of gross domestic product (GDP)","All providers of health care","Household out-of-pocket payment","0.90"
"2006","Netherlands","Percentage of gross domestic product (GDP)","All providers of health care","Household out-of-pocket payment","0.76"
"2007","Netherlands","Percentage of gross domestic product (GDP)","All providers of health care","Household out-of-pocket payment","0.71"
"2008","Netherlands","Percentage of gross domestic product (GDP)","All providers of health care","Household out-of-pocket payment","0.92"
"2009","Netherlands","Percentage of gross domestic product (GDP)","All providers of health care","Household out-of-pocket payment","0.91"
"2010","Netherlands","Percentage of gross domestic product (GDP)","All providers of health care","Household out-of-pocket payment","0.92"
"2011","Netherlands","Percentage of gross domestic product (GDP)","All providers of health care","Household out-of-pocket payment","0.97"
"2012","Netherlands","Percentage of gross domestic product (GDP)","All providers of health care","Household out-of-pocket payment","1.06"
"2013","Netherlands","Percentage of gross domestic product (GDP)","All providers of health care","Household out-of-pocket payment","1.22"
"2014","Netherlands","Percentage of gross domestic product (GDP)","All providers of health care","Household out-of-pocket payment","1.22"
"2015","Netherlands","Percentage of gross domestic product (GDP)","All providers of health care","Household out-of-pocket payment","1.17"
"2016","Netherlands","Percentage of gross domestic product (GDP)","All providers of health care","Household out-of-pocket payment","1.16"
"2017","Netherlands","Percentage of gross domestic product (GDP)","All providers of health care","Household out-of-pocket payment","1.11"
"2018","Netherlands","Percentage of gross domestic product (GDP)","All providers of health care","Household out-of-pocket payment","1.08"
"2003","Austria","Percentage of gross domestic product (GDP)","All providers of health care","Household out-of-pocket payment",":"
"2004","Austria","Percentage of gross domestic product (GDP)","All providers of health care","Household out-of-pocket payment","1.87"
"2005","Austria","Percentage of gross domestic product (GDP)","All providers of health care","Household out-of-pocket payment","1.85"
"2006","Austria","Percentage of gross domestic product (GDP)","All providers of health care","Household out-of-pocket payment","1.79"
"2007","Austria","Percentage of gross domestic product (GDP)","All providers of health care","Household out-of-pocket payment","1.79"
"2008","Austria","Percentage of gross domestic product (GDP)","All providers of health care","Household out-of-pocket payment","1.77"
"2009","Austria","Percentage of gross domestic product (GDP)","All providers of health care","Household out-of-pocket payment","1.85"
"2010","Austria","Percentage of gross domestic product (GDP)","All providers of health care","Household out-of-pocket payment","1.90"
"2011","Austria","Percentage of gross domestic product (GDP)","All providers of health care","Household out-of-pocket payment","1.88"
"2012","Austria","Percentage of gross domestic product (GDP)","All providers of health care","Household out-of-pocket payment","1.90"
"2013","Austria","Percentage of gross domestic product (GDP)","All providers of health care","Household out-of-pocket payment","1.97"
"2014","Austria","Percentage of gross domestic product (GDP)","All providers of health care","Household out-of-pocket payment","1.98"
"2015","Austria","Percentage of gross domestic product (GDP)","All providers of health care","Household out-of-pocket payment","1.98"
"2016","Austria","Percentage of gross domestic product (GDP)","All providers of health care","Household out-of-pocket payment","1.99"
"2017","Austria","Percentage of gross domestic product (GDP)","All providers of health care","Household out-of-pocket payment","1.98"
"2018","Austria","Percentage of gross domestic product (GDP)","All providers of health care","Household out-of-pocket payment","1.89"
"2003","Poland","Percentage of gross domestic product (GDP)","All providers of health care","Household out-of-pocket payment",":"
"2004","Poland","Percentage of gross domestic product (GDP)","All providers of health care","Household out-of-pocket payment",":"
"2005","Poland","Percentage of gross domestic product (GDP)","All providers of health care","Household out-of-pocket payment",":"
"2006","Poland","Percentage of gross domestic product (GDP)","All providers of health care","Household out-of-pocket payment",":"
"2007","Poland","Percentage of gross domestic product (GDP)","All providers of health care","Household out-of-pocket payment",":"
"2008","Poland","Percentage of gross domestic product (GDP)","All providers of health care","Household out-of-pocket payment",":"
"2009","Poland","Percentage of gross domestic product (GDP)","All providers of health care","Household out-of-pocket payment",":"
"2010","Poland","Percentage of gross domestic product (GDP)","All providers of health care","Household out-of-pocket payment",":"
"2011","Poland","Percentage of gross domestic product (GDP)","All providers of health care","Household out-of-pocket payment",":"
"2012","Poland","Percentage of gross domestic product (GDP)","All providers of health care","Household out-of-pocket payment",":"
"2013","Poland","Percentage of gross domestic product (GDP)","All providers of health care","Household out-of-pocket payment","1.51"
"2014","Poland","Percentage of gross domestic product (GDP)","All providers of health care","Household out-of-pocket payment","1.44"
"2015","Poland","Percentage of gross domestic product (GDP)","All providers of health care","Household out-of-pocket payment","1.47"
"2016","Poland","Percentage of gross domestic product (GDP)","All providers of health care","Household out-of-pocket payment","1.50"
"2017","Poland","Percentage of gross domestic product (GDP)","All providers of health care","Household out-of-pocket payment",":"
"2018","Poland","Percentage of gross domestic product (GDP)","All providers of health care","Household out-of-pocket payment",":"
"2003","Portugal","Percentage of gross domestic product (GDP)","All providers of health care","Household out-of-pocket payment","2.07"
"2004","Portugal","Percentage of gross domestic product (GDP)","All providers of health care","Household out-of-pocket payment","2.14"
"2005","Portugal","Percentage of gross domestic product (GDP)","All providers of health care","Household out-of-pocket payment","2.20"
"2006","Portugal","Percentage of gross domestic product (GDP)","All providers of health care","Household out-of-pocket payment","2.30"
"2007","Portugal","Percentage of gross domestic product (GDP)","All providers of health care","Household out-of-pocket payment","2.33"
"2008","Portugal","Percentage of gross domestic product (GDP)","All providers of health care","Household out-of-pocket payment","2.41"
"2009","Portugal","Percentage of gross domestic product (GDP)","All providers of health care","Household out-of-pocket payment","2.43"
"2010","Portugal","Percentage of gross domestic product (GDP)","All providers of health care","Household out-of-pocket payment","2.41"
"2011","Portugal","Percentage of gross domestic product (GDP)","All providers of health care","Household out-of-pocket payment","2.51"
"2012","Portugal","Percentage of gross domestic product (GDP)","All providers of health care","Household out-of-pocket payment","2.63"
"2013","Portugal","Percentage of gross domestic product (GDP)","All providers of health care","Household out-of-pocket payment","2.45"
"2014","Portugal","Percentage of gross domestic product (GDP)","All providers of health care","Household out-of-pocket payment","2.50"
"2015","Portugal","Percentage of gross domestic product (GDP)","All providers of health care","Household out-of-pocket payment","2.49"
"2016","Portugal","Percentage of gross domestic product (GDP)","All providers of health care","Household out-of-pocket payment","2.51"
"2017","Portugal","Percentage of gross domestic product (GDP)","All providers of health care","Household out-of-pocket payment","2.47"
"2018","Portugal","Percentage of gross domestic product (GDP)","All providers of health care","Household out-of-pocket payment",":"
"2003","Romania","Percentage of gross domestic product (GDP)","All providers of health care","Household out-of-pocket payment",":"
"2004","Romania","Percentage of gross domestic product (GDP)","All providers of health care","Household out-of-pocket payment",":"
"2005","Romania","Percentage of gross domestic product (GDP)","All providers of health care","Household out-of-pocket payment",":"
"2006","Romania","Percentage of gross domestic product (GDP)","All providers of health care","Household out-of-pocket payment",":"
"2007","Romania","Percentage of gross domestic product (GDP)","All providers of health care","Household out-of-pocket payment",":"
"2008","Romania","Percentage of gross domestic product (GDP)","All providers of health care","Household out-of-pocket payment",":"
"2009","Romania","Percentage of gross domestic product (GDP)","All providers of health care","Household out-of-pocket payment",":"
"2010","Romania","Percentage of gross domestic product (GDP)","All providers of health care","Household out-of-pocket payment",":"
"2011","Romania","Percentage of gross domestic product (GDP)","All providers of health care","Household out-of-pocket payment","1.14"
"2012","Romania","Percentage of gross domestic product (GDP)","All providers of health care","Household out-of-pocket payment","1.06"
"2013","Romania","Percentage of gross domestic product (GDP)","All providers of health care","Household out-of-pocket payment","1.05"
"2014","Romania","Percentage of gross domestic product (GDP)","All providers of health care","Household out-of-pocket payment","1.02"
"2015","Romania","Percentage of gross domestic product (GDP)","All providers of health care","Household out-of-pocket payment","1.05"
"2016","Romania","Percentage of gross domestic product (GDP)","All providers of health care","Household out-of-pocket payment","1.04"
"2017","Romania","Percentage of gross domestic product (GDP)","All providers of health care","Household out-of-pocket payment","1.06"
"2018","Romania","Percentage of gross domestic product (GDP)","All providers of health care","Household out-of-pocket payment","1.08"
"2003","Slovenia","Percentage of gross domestic product (GDP)","All providers of health care","Household out-of-pocket payment",":"
"2004","Slovenia","Percentage of gross domestic product (GDP)","All providers of health care","Household out-of-pocket payment",":"
"2005","Slovenia","Percentage of gross domestic product (GDP)","All providers of health care","Household out-of-pocket payment",":"
"2006","Slovenia","Percentage of gross domestic product (GDP)","All providers of health care","Household out-of-pocket payment",":"
"2007","Slovenia","Percentage of gross domestic product (GDP)","All providers of health care","Household out-of-pocket payment",":"
"2008","Slovenia","Percentage of gross domestic product (GDP)","All providers of health care","Household out-of-pocket payment",":"
"2009","Slovenia","Percentage of gross domestic product (GDP)","All providers of health care","Household out-of-pocket payment",":"
"2010","Slovenia","Percentage of gross domestic product (GDP)","All providers of health care","Household out-of-pocket payment",":"
"2011","Slovenia","Percentage of gross domestic product (GDP)","All providers of health care","Household out-of-pocket payment",":"
"2012","Slovenia","Percentage of gross domestic product (GDP)","All providers of health care","Household out-of-pocket payment",":"
"2013","Slovenia","Percentage of gross domestic product (GDP)","All providers of health care","Household out-of-pocket payment",":"
"2014","Slovenia","Percentage of gross domestic product (GDP)","All providers of health care","Household out-of-pocket payment","1.10"
"2015","Slovenia","Percentage of gross domestic product (GDP)","All providers of health care","Household out-of-pocket payment","1.06"
"2016","Slovenia","Percentage of gross domestic product (GDP)","All providers of health care","Household out-of-pocket payment","1.02"
"2017","Slovenia","Percentage of gross domestic product (GDP)","All providers of health care","Household out-of-pocket payment","1.01"
"2018","Slovenia","Percentage of gross domestic product (GDP)","All providers of health care","Household out-of-pocket payment",":"
"2003","Slovakia","Percentage of gross domestic product (GDP)","All providers of health care","Household out-of-pocket payment",":"
"2004","Slovakia","Percentage of gross domestic product (GDP)","All providers of health care","Household out-of-pocket payment",":"
"2005","Slovakia","Percentage of gross domestic product (GDP)","All providers of health care","Household out-of-pocket payment",":"
"2006","Slovakia","Percentage of gross domestic product (GDP)","All providers of health care","Household out-of-pocket payment",":"
"2007","Slovakia","Percentage of gross domestic product (GDP)","All providers of health care","Household out-of-pocket payment",":"
"2008","Slovakia","Percentage of gross domestic product (GDP)","All providers of health care","Household out-of-pocket payment",":"
"2009","Slovakia","Percentage of gross domestic product (GDP)","All providers of health care","Household out-of-pocket payment",":"
"2010","Slovakia","Percentage of gross domestic product (GDP)","All providers of health care","Household out-of-pocket payment",":"
"2011","Slovakia","Percentage of gross domestic product (GDP)","All providers of health care","Household out-of-pocket payment",":"
"2012","Slovakia","Percentage of gross domestic product (GDP)","All providers of health care","Household out-of-pocket payment","1.77"
"2013","Slovakia","Percentage of gross domestic product (GDP)","All providers of health care","Household out-of-pocket payment","1.76"
"2014","Slovakia","Percentage of gross domestic product (GDP)","All providers of health care","Household out-of-pocket payment","1.24"
"2015","Slovakia","Percentage of gross domestic product (GDP)","All providers of health care","Household out-of-pocket payment","1.26"
"2016","Slovakia","Percentage of gross domestic product (GDP)","All providers of health care","Household out-of-pocket payment","1.27"
"2017","Slovakia","Percentage of gross domestic product (GDP)","All providers of health care","Household out-of-pocket payment","1.26"
"2018","Slovakia","Percentage of gross domestic product (GDP)","All providers of health care","Household out-of-pocket payment",":"
"2003","Finland","Percentage of gross domestic product (GDP)","All providers of health care","Household out-of-pocket payment","1.64"
"2004","Finland","Percentage of gross domestic product (GDP)","All providers of health care","Household out-of-pocket payment","1.64"
"2005","Finland","Percentage of gross domestic product (GDP)","All providers of health care","Household out-of-pocket payment","1.65"
"2006","Finland","Percentage of gross domestic product (GDP)","All providers of health care","Household out-of-pocket payment","1.58"
"2007","Finland","Percentage of gross domestic product (GDP)","All providers of health care","Household out-of-pocket payment","1.55"
"2008","Finland","Percentage of gross domestic product (GDP)","All providers of health care","Household out-of-pocket payment","1.58"
"2009","Finland","Percentage of gross domestic product (GDP)","All providers of health care","Household out-of-pocket payment","1.72"
"2010","Finland","Percentage of gross domestic product (GDP)","All providers of health care","Household out-of-pocket payment","1.77"
"2011","Finland","Percentage of gross domestic product (GDP)","All providers of health care","Household out-of-pocket payment","1.73"
"2012","Finland","Percentage of gross domestic product (GDP)","All providers of health care","Household out-of-pocket payment","1.74"
"2013","Finland","Percentage of gross domestic product (GDP)","All providers of health care","Household out-of-pocket payment","1.80"
"2014","Finland","Percentage of gross domestic product (GDP)","All providers of health care","Household out-of-pocket payment","1.80"
"2015","Finland","Percentage of gross domestic product (GDP)","All providers of health care","Household out-of-pocket payment","1.92"
"2016","Finland","Percentage of gross domestic product (GDP)","All providers of health care","Household out-of-pocket payment","1.93"
"2017","Finland","Percentage of gross domestic product (GDP)","All providers of health care","Household out-of-pocket payment","1.86"
"2018","Finland","Percentage of gross domestic product (GDP)","All providers of health care","Household out-of-pocket payment",":"
"2003","Sweden","Percentage of gross domestic product (GDP)","All providers of health care","Household out-of-pocket payment",":"
"2004","Sweden","Percentage of gross domestic product (GDP)","All providers of health care","Household out-of-pocket payment",":"
"2005","Sweden","Percentage of gross domestic product (GDP)","All providers of health care","Household out-of-pocket payment",":"
"2006","Sweden","Percentage of gross domestic product (GDP)","All providers of health care","Household out-of-pocket payment",":"
"2007","Sweden","Percentage of gross domestic product (GDP)","All providers of health care","Household out-of-pocket payment",":"
"2008","Sweden","Percentage of gross domestic product (GDP)","All providers of health care","Household out-of-pocket payment",":"
"2009","Sweden","Percentage of gross domestic product (GDP)","All providers of health care","Household out-of-pocket payment",":"
"2010","Sweden","Percentage of gross domestic product (GDP)","All providers of health care","Household out-of-pocket payment",":"
"2011","Sweden","Percentage of gross domestic product (GDP)","All providers of health care","Household out-of-pocket payment","1.52"
"2012","Sweden","Percentage of gross domestic product (GDP)","All providers of health care","Household out-of-pocket payment","1.59"
"2013","Sweden","Percentage of gross domestic product (GDP)","All providers of health care","Household out-of-pocket payment","1.63"
"2014","Sweden","Percentage of gross domestic product (GDP)","All providers of health care","Household out-of-pocket payment","1.63"
"2015","Sweden","Percentage of gross domestic product (GDP)","All providers of health care","Household out-of-pocket payment","1.61"
"2016","Sweden","Percentage of gross domestic product (GDP)","All providers of health care","Household out-of-pocket payment","1.57"
"2017","Sweden","Percentage of gross domestic product (GDP)","All providers of health care","Household out-of-pocket payment","1.52"
"2018","Sweden","Percentage of gross domestic product (GDP)","All providers of health care","Household out-of-pocket payment","1.50"
"2003","United Kingdom","Percentage of gross domestic product (GDP)","All providers of health care","Household out-of-pocket payment",":"
"2004","United Kingdom","Percentage of gross domestic product (GDP)","All providers of health care","Household out-of-pocket payment",":"
"2005","United Kingdom","Percentage of gross domestic product (GDP)","All providers of health care","Household out-of-pocket payment",":"
"2006","United Kingdom","Percentage of gross domestic product (GDP)","All providers of health care","Household out-of-pocket payment",":"
"2007","United Kingdom","Percentage of gross domestic product (GDP)","All providers of health care","Household out-of-pocket payment",":"
"2008","United Kingdom","Percentage of gross domestic product (GDP)","All providers of health care","Household out-of-pocket payment",":"
"2009","United Kingdom","Percentage of gross domestic product (GDP)","All providers of health care","Household out-of-pocket payment",":"
"2010","United Kingdom","Percentage of gross domestic product (GDP)","All providers of health care","Household out-of-pocket payment",":"
"2011","United Kingdom","Percentage of gross domestic product (GDP)","All providers of health care","Household out-of-pocket payment",":"
"2012","United Kingdom","Percentage of gross domestic product (GDP)","All providers of health care","Household out-of-pocket payment",":"
"2013","United Kingdom","Percentage of gross domestic product (GDP)","All providers of health care","Household out-of-pocket payment","1.47"
"2014","United Kingdom","Percentage of gross domestic product (GDP)","All providers of health care","Household out-of-pocket payment","1.46"
"2015","United Kingdom","Percentage of gross domestic product (GDP)","All providers of health care","Household out-of-pocket payment","1.46"
"2016","United Kingdom","Percentage of gross domestic product (GDP)","All providers of health care","Household out-of-pocket payment","1.50"
"2017","United Kingdom","Percentage of gross domestic product (GDP)","All providers of health care","Household out-of-pocket payment","1.54"
"2018","United Kingdom","Percentage of gross domestic product (GDP)","All providers of health care","Household out-of-pocket payment",":"
"2003","Iceland","Percentage of gross domestic product (GDP)","All providers of health care","Household out-of-pocket payment",":"
"2004","Iceland","Percentage of gross domestic product (GDP)","All providers of health care","Household out-of-pocket payment",":"
"2005","Iceland","Percentage of gross domestic product (GDP)","All providers of health care","Household out-of-pocket payment",":"
"2006","Iceland","Percentage of gross domestic product (GDP)","All providers of health care","Household out-of-pocket payment",":"
"2007","Iceland","Percentage of gross domestic product (GDP)","All providers of health care","Household out-of-pocket payment",":"
"2008","Iceland","Percentage of gross domestic product (GDP)","All providers of health care","Household out-of-pocket payment",":"
"2009","Iceland","Percentage of gross domestic product (GDP)","All providers of health care","Household out-of-pocket payment",":"
"2010","Iceland","Percentage of gross domestic product (GDP)","All providers of health care","Household out-of-pocket payment",":"
"2011","Iceland","Percentage of gross domestic product (GDP)","All providers of health care","Household out-of-pocket payment","1.52"
"2012","Iceland","Percentage of gross domestic product (GDP)","All providers of health care","Household out-of-pocket payment","1.52"
"2013","Iceland","Percentage of gross domestic product (GDP)","All providers of health care","Household out-of-pocket payment","1.50"
"2014","Iceland","Percentage of gross domestic product (GDP)","All providers of health care","Household out-of-pocket payment","1.49"
"2015","Iceland","Percentage of gross domestic product (GDP)","All providers of health care","Household out-of-pocket payment","1.43"
"2016","Iceland","Percentage of gross domestic product (GDP)","All providers of health care","Household out-of-pocket payment","1.38"
"2017","Iceland","Percentage of gross domestic product (GDP)","All providers of health care","Household out-of-pocket payment","1.37"
"2018","Iceland","Percentage of gross domestic product (GDP)","All providers of health care","Household out-of-pocket payment","1.36"
"2003","Liechtenstein","Percentage of gross domestic product (GDP)","All providers of health care","Household out-of-pocket payment",":"
"2004","Liechtenstein","Percentage of gross domestic product (GDP)","All providers of health care","Household out-of-pocket payment",":"
"2005","Liechtenstein","Percentage of gross domestic product (GDP)","All providers of health care","Household out-of-pocket payment",":"
"2006","Liechtenstein","Percentage of gross domestic product (GDP)","All providers of health care","Household out-of-pocket payment",":"
"2007","Liechtenstein","Percentage of gross domestic product (GDP)","All providers of health care","Household out-of-pocket payment",":"
"2008","Liechtenstein","Percentage of gross domestic product (GDP)","All providers of health care","Household out-of-pocket payment",":"
"2009","Liechtenstein","Percentage of gross domestic product (GDP)","All providers of health care","Household out-of-pocket payment",":"
"2010","Liechtenstein","Percentage of gross domestic product (GDP)","All providers of health care","Household out-of-pocket payment",":"
"2011","Liechtenstein","Percentage of gross domestic product (GDP)","All providers of health care","Household out-of-pocket payment",":"
"2012","Liechtenstein","Percentage of gross domestic product (GDP)","All providers of health care","Household out-of-pocket payment",":"
"2013","Liechtenstein","Percentage of gross domestic product (GDP)","All providers of health care","Household out-of-pocket payment","1.35"
"2014","Liechtenstein","Percentage of gross domestic product (GDP)","All providers of health care","Household out-of-pocket payment","1.40"
"2015","Liechtenstein","Percentage of gross domestic product (GDP)","All providers of health care","Household out-of-pocket payment","1.44"
"2016","Liechtenstein","Percentage of gross domestic product (GDP)","All providers of health care","Household out-of-pocket payment","1.47"
"2017","Liechtenstein","Percentage of gross domestic product (GDP)","All providers of health care","Household out-of-pocket payment","1.53"
"2018","Liechtenstein","Percentage of gross domestic product (GDP)","All providers of health care","Household out-of-pocket payment",":"
"2003","Norway","Percentage of gross domestic product (GDP)","All providers of health care","Household out-of-pocket payment",":"
"2004","Norway","Percentage of gross domestic product (GDP)","All providers of health care","Household out-of-pocket payment",":"
"2005","Norway","Percentage of gross domestic product (GDP)","All providers of health care","Household out-of-pocket payment",":"
"2006","Norway","Percentage of gross domestic product (GDP)","All providers of health care","Household out-of-pocket payment",":"
"2007","Norway","Percentage of gross domestic product (GDP)","All providers of health care","Household out-of-pocket payment",":"
"2008","Norway","Percentage of gross domestic product (GDP)","All providers of health care","Household out-of-pocket payment",":"
"2009","Norway","Percentage of gross domestic product (GDP)","All providers of health care","Household out-of-pocket payment",":"
"2010","Norway","Percentage of gross domestic product (GDP)","All providers of health care","Household out-of-pocket payment",":"
"2011","Norway","Percentage of gross domestic product (GDP)","All providers of health care","Household out-of-pocket payment","1.34"
"2012","Norway","Percentage of gross domestic product (GDP)","All providers of health care","Household out-of-pocket payment","1.30"
"2013","Norway","Percentage of gross domestic product (GDP)","All providers of health care","Household out-of-pocket payment","1.30"
"2014","Norway","Percentage of gross domestic product (GDP)","All providers of health care","Household out-of-pocket payment","1.34"
"2015","Norway","Percentage of gross domestic product (GDP)","All providers of health care","Household out-of-pocket payment","1.43"
"2016","Norway","Percentage of gross domestic product (GDP)","All providers of health care","Household out-of-pocket payment","1.51"
"2017","Norway","Percentage of gross domestic product (GDP)","All providers of health care","Household out-of-pocket payment","1.50"
"2018","Norway","Percentage of gross domestic product (GDP)","All providers of health care","Household out-of-pocket payment","1.44"
"2003","Switzerland","Percentage of gross domestic product (GDP)","All providers of health care","Household out-of-pocket payment",":"
"2004","Switzerland","Percentage of gross domestic product (GDP)","All providers of health care","Household out-of-pocket payment",":"
"2005","Switzerland","Percentage of gross domestic product (GDP)","All providers of health care","Household out-of-pocket payment",":"
"2006","Switzerland","Percentage of gross domestic product (GDP)","All providers of health care","Household out-of-pocket payment",":"
"2007","Switzerland","Percentage of gross domestic product (GDP)","All providers of health care","Household out-of-pocket payment",":"
"2008","Switzerland","Percentage of gross domestic product (GDP)","All providers of health care","Household out-of-pocket payment",":"
"2009","Switzerland","Percentage of gross domestic product (GDP)","All providers of health care","Household out-of-pocket payment",":"
"2010","Switzerland","Percentage of gross domestic product (GDP)","All providers of health care","Household out-of-pocket payment","3.11"
"2011","Switzerland","Percentage of gross domestic product (GDP)","All providers of health care","Household out-of-pocket payment","3.07"
"2012","Switzerland","Percentage of gross domestic product (GDP)","All providers of health care","Household out-of-pocket payment","3.19"
"2013","Switzerland","Percentage of gross domestic product (GDP)","All providers of health care","Household out-of-pocket payment","3.21"
"2014","Switzerland","Percentage of gross domestic product (GDP)","All providers of health care","Household out-of-pocket payment","3.36"
"2015","Switzerland","Percentage of gross domestic product (GDP)","All providers of health care","Household out-of-pocket payment","3.46"
"2016","Switzerland","Percentage of gross domestic product (GDP)","All providers of health care","Household out-of-pocket payment","3.61"
"2017","Switzerland","Percentage of gross domestic product (GDP)","All providers of health care","Household out-of-pocket payment","3.57"
"2018","Switzerland","Percentage of gross domestic product (GDP)","All providers of health care","Household out-of-pocket payment",":"
