"TIME","GEO","UNIT","ICHA11_HP","ICHA11_HF","Value"
"2003","Belgium","Percentage of gross domestic product (GDP)","All providers of health care","All financing schemes","9.11"
"2004","Belgium","Percentage of gross domestic product (GDP)","All providers of health care","All financing schemes","9.13"
"2005","Belgium","Percentage of gross domestic product (GDP)","All providers of health care","All financing schemes","9.01"
"2006","Belgium","Percentage of gross domestic product (GDP)","All providers of health care","All financing schemes","9.16"
"2007","Belgium","Percentage of gross domestic product (GDP)","All providers of health care","All financing schemes","9.17"
"2008","Belgium","Percentage of gross domestic product (GDP)","All providers of health care","All financing schemes","9.63"
"2009","Belgium","Percentage of gross domestic product (GDP)","All providers of health care","All financing schemes","10.36"
"2010","Belgium","Percentage of gross domestic product (GDP)","All providers of health care","All financing schemes","10.23"
"2011","Belgium","Percentage of gross domestic product (GDP)","All providers of health care","All financing schemes","10.39"
"2012","Belgium","Percentage of gross domestic product (GDP)","All providers of health care","All financing schemes","10.51"
"2013","Belgium","Percentage of gross domestic product (GDP)","All providers of health care","All financing schemes","10.56"
"2014","Belgium","Percentage of gross domestic product (GDP)","All providers of health care","All financing schemes","10.44"
"2015","Belgium","Percentage of gross domestic product (GDP)","All providers of health care","All financing schemes","10.43"
"2016","Belgium","Percentage of gross domestic product (GDP)","All providers of health care","All financing schemes","10.28"
"2017","Belgium","Percentage of gross domestic product (GDP)","All providers of health care","All financing schemes","10.41"
"2018","Belgium","Percentage of gross domestic product (GDP)","All providers of health care","All financing schemes","10.32"
"2003","Bulgaria","Percentage of gross domestic product (GDP)","All providers of health care","All financing schemes",":"
"2004","Bulgaria","Percentage of gross domestic product (GDP)","All providers of health care","All financing schemes",":"
"2005","Bulgaria","Percentage of gross domestic product (GDP)","All providers of health care","All financing schemes",":"
"2006","Bulgaria","Percentage of gross domestic product (GDP)","All providers of health care","All financing schemes",":"
"2007","Bulgaria","Percentage of gross domestic product (GDP)","All providers of health care","All financing schemes",":"
"2008","Bulgaria","Percentage of gross domestic product (GDP)","All providers of health care","All financing schemes",":"
"2009","Bulgaria","Percentage of gross domestic product (GDP)","All providers of health care","All financing schemes",":"
"2010","Bulgaria","Percentage of gross domestic product (GDP)","All providers of health care","All financing schemes",":"
"2011","Bulgaria","Percentage of gross domestic product (GDP)","All providers of health care","All financing schemes","7.14"
"2012","Bulgaria","Percentage of gross domestic product (GDP)","All providers of health care","All financing schemes","7.58"
"2013","Bulgaria","Percentage of gross domestic product (GDP)","All providers of health care","All financing schemes","7.17"
"2014","Bulgaria","Percentage of gross domestic product (GDP)","All providers of health care","All financing schemes","7.71"
"2015","Bulgaria","Percentage of gross domestic product (GDP)","All providers of health care","All financing schemes","7.41"
"2016","Bulgaria","Percentage of gross domestic product (GDP)","All providers of health care","All financing schemes","7.48"
"2017","Bulgaria","Percentage of gross domestic product (GDP)","All providers of health care","All financing schemes","7.45"
"2018","Bulgaria","Percentage of gross domestic product (GDP)","All providers of health care","All financing schemes","7.35"
"2003","Czechia","Percentage of gross domestic product (GDP)","All providers of health care","All financing schemes",":"
"2004","Czechia","Percentage of gross domestic product (GDP)","All providers of health care","All financing schemes",":"
"2005","Czechia","Percentage of gross domestic product (GDP)","All providers of health care","All financing schemes",":"
"2006","Czechia","Percentage of gross domestic product (GDP)","All providers of health care","All financing schemes",":"
"2007","Czechia","Percentage of gross domestic product (GDP)","All providers of health care","All financing schemes",":"
"2008","Czechia","Percentage of gross domestic product (GDP)","All providers of health care","All financing schemes",":"
"2009","Czechia","Percentage of gross domestic product (GDP)","All providers of health care","All financing schemes",":"
"2010","Czechia","Percentage of gross domestic product (GDP)","All providers of health care","All financing schemes",":"
"2011","Czechia","Percentage of gross domestic product (GDP)","All providers of health care","All financing schemes",":"
"2012","Czechia","Percentage of gross domestic product (GDP)","All providers of health care","All financing schemes",":"
"2013","Czechia","Percentage of gross domestic product (GDP)","All providers of health care","All financing schemes","7.81"
"2014","Czechia","Percentage of gross domestic product (GDP)","All providers of health care","All financing schemes","7.65"
"2015","Czechia","Percentage of gross domestic product (GDP)","All providers of health care","All financing schemes","7.24"
"2016","Czechia","Percentage of gross domestic product (GDP)","All providers of health care","All financing schemes","7.15"
"2017","Czechia","Percentage of gross domestic product (GDP)","All providers of health care","All financing schemes","7.23"
"2018","Czechia","Percentage of gross domestic product (GDP)","All providers of health care","All financing schemes",":"
"2003","Denmark","Percentage of gross domestic product (GDP)","All providers of health care","All financing schemes",":"
"2004","Denmark","Percentage of gross domestic product (GDP)","All providers of health care","All financing schemes",":"
"2005","Denmark","Percentage of gross domestic product (GDP)","All providers of health care","All financing schemes",":"
"2006","Denmark","Percentage of gross domestic product (GDP)","All providers of health care","All financing schemes",":"
"2007","Denmark","Percentage of gross domestic product (GDP)","All providers of health care","All financing schemes",":"
"2008","Denmark","Percentage of gross domestic product (GDP)","All providers of health care","All financing schemes",":"
"2009","Denmark","Percentage of gross domestic product (GDP)","All providers of health care","All financing schemes",":"
"2010","Denmark","Percentage of gross domestic product (GDP)","All providers of health care","All financing schemes","10.33"
"2011","Denmark","Percentage of gross domestic product (GDP)","All providers of health care","All financing schemes","10.15"
"2012","Denmark","Percentage of gross domestic product (GDP)","All providers of health care","All financing schemes","10.24"
"2013","Denmark","Percentage of gross domestic product (GDP)","All providers of health care","All financing schemes","10.17"
"2014","Denmark","Percentage of gross domestic product (GDP)","All providers of health care","All financing schemes","10.17"
"2015","Denmark","Percentage of gross domestic product (GDP)","All providers of health care","All financing schemes","10.23"
"2016","Denmark","Percentage of gross domestic product (GDP)","All providers of health care","All financing schemes","10.14"
"2017","Denmark","Percentage of gross domestic product (GDP)","All providers of health care","All financing schemes","10.12"
"2018","Denmark","Percentage of gross domestic product (GDP)","All providers of health care","All financing schemes","10.10"
"2003","Germany (until 1990 former territory of the FRG)","Percentage of gross domestic product (GDP)","All providers of health care","All financing schemes","10.34"
"2004","Germany (until 1990 former territory of the FRG)","Percentage of gross domestic product (GDP)","All providers of health care","All financing schemes","10.08"
"2005","Germany (until 1990 former territory of the FRG)","Percentage of gross domestic product (GDP)","All providers of health care","All financing schemes","10.23"
"2006","Germany (until 1990 former territory of the FRG)","Percentage of gross domestic product (GDP)","All providers of health care","All financing schemes","10.12"
"2007","Germany (until 1990 former territory of the FRG)","Percentage of gross domestic product (GDP)","All providers of health care","All financing schemes","9.97"
"2008","Germany (until 1990 former territory of the FRG)","Percentage of gross domestic product (GDP)","All providers of health care","All financing schemes","10.16"
"2009","Germany (until 1990 former territory of the FRG)","Percentage of gross domestic product (GDP)","All providers of health care","All financing schemes","11.14"
"2010","Germany (until 1990 former territory of the FRG)","Percentage of gross domestic product (GDP)","All providers of health care","All financing schemes","11.01"
"2011","Germany (until 1990 former territory of the FRG)","Percentage of gross domestic product (GDP)","All providers of health care","All financing schemes","10.72"
"2012","Germany (until 1990 former territory of the FRG)","Percentage of gross domestic product (GDP)","All providers of health care","All financing schemes","10.78"
"2013","Germany (until 1990 former territory of the FRG)","Percentage of gross domestic product (GDP)","All providers of health care","All financing schemes","10.93"
"2014","Germany (until 1990 former territory of the FRG)","Percentage of gross domestic product (GDP)","All providers of health care","All financing schemes","10.96"
"2015","Germany (until 1990 former territory of the FRG)","Percentage of gross domestic product (GDP)","All providers of health care","All financing schemes","11.09"
"2016","Germany (until 1990 former territory of the FRG)","Percentage of gross domestic product (GDP)","All providers of health care","All financing schemes","11.13"
"2017","Germany (until 1990 former territory of the FRG)","Percentage of gross domestic product (GDP)","All providers of health care","All financing schemes","11.25"
"2018","Germany (until 1990 former territory of the FRG)","Percentage of gross domestic product (GDP)","All providers of health care","All financing schemes",":"
"2003","Estonia","Percentage of gross domestic product (GDP)","All providers of health care","All financing schemes","4.88"
"2004","Estonia","Percentage of gross domestic product (GDP)","All providers of health care","All financing schemes","5.16"
"2005","Estonia","Percentage of gross domestic product (GDP)","All providers of health care","All financing schemes","5.09"
"2006","Estonia","Percentage of gross domestic product (GDP)","All providers of health care","All financing schemes","4.78"
"2007","Estonia","Percentage of gross domestic product (GDP)","All providers of health care","All financing schemes","5.03"
"2008","Estonia","Percentage of gross domestic product (GDP)","All providers of health care","All financing schemes","5.75"
"2009","Estonia","Percentage of gross domestic product (GDP)","All providers of health care","All financing schemes","6.54"
"2010","Estonia","Percentage of gross domestic product (GDP)","All providers of health care","All financing schemes","6.33"
"2011","Estonia","Percentage of gross domestic product (GDP)","All providers of health care","All financing schemes","5.82"
"2012","Estonia","Percentage of gross domestic product (GDP)","All providers of health care","All financing schemes","5.83"
"2013","Estonia","Percentage of gross domestic product (GDP)","All providers of health care","All financing schemes","6.01"
"2014","Estonia","Percentage of gross domestic product (GDP)","All providers of health care","All financing schemes","6.12"
"2015","Estonia","Percentage of gross domestic product (GDP)","All providers of health care","All financing schemes","6.39"
"2016","Estonia","Percentage of gross domestic product (GDP)","All providers of health care","All financing schemes","6.50"
"2017","Estonia","Percentage of gross domestic product (GDP)","All providers of health care","All financing schemes","6.43"
"2018","Estonia","Percentage of gross domestic product (GDP)","All providers of health care","All financing schemes",":"
"2003","Ireland","Percentage of gross domestic product (GDP)","All providers of health care","All financing schemes",":"
"2004","Ireland","Percentage of gross domestic product (GDP)","All providers of health care","All financing schemes",":"
"2005","Ireland","Percentage of gross domestic product (GDP)","All providers of health care","All financing schemes",":"
"2006","Ireland","Percentage of gross domestic product (GDP)","All providers of health care","All financing schemes",":"
"2007","Ireland","Percentage of gross domestic product (GDP)","All providers of health care","All financing schemes",":"
"2008","Ireland","Percentage of gross domestic product (GDP)","All providers of health care","All financing schemes",":"
"2009","Ireland","Percentage of gross domestic product (GDP)","All providers of health care","All financing schemes",":"
"2010","Ireland","Percentage of gross domestic product (GDP)","All providers of health care","All financing schemes",":"
"2011","Ireland","Percentage of gross domestic product (GDP)","All providers of health care","All financing schemes","10.71"
"2012","Ireland","Percentage of gross domestic product (GDP)","All providers of health care","All financing schemes","10.69"
"2013","Ireland","Percentage of gross domestic product (GDP)","All providers of health care","All financing schemes","10.30"
"2014","Ireland","Percentage of gross domestic product (GDP)","All providers of health care","All financing schemes","9.68"
"2015","Ireland","Percentage of gross domestic product (GDP)","All providers of health care","All financing schemes","7.32"
"2016","Ireland","Percentage of gross domestic product (GDP)","All providers of health care","All financing schemes","7.41"
"2017","Ireland","Percentage of gross domestic product (GDP)","All providers of health care","All financing schemes","7.15"
"2018","Ireland","Percentage of gross domestic product (GDP)","All providers of health care","All financing schemes","6.93"
"2003","Greece","Percentage of gross domestic product (GDP)","All providers of health care","All financing schemes",":"
"2004","Greece","Percentage of gross domestic product (GDP)","All providers of health care","All financing schemes",":"
"2005","Greece","Percentage of gross domestic product (GDP)","All providers of health care","All financing schemes",":"
"2006","Greece","Percentage of gross domestic product (GDP)","All providers of health care","All financing schemes",":"
"2007","Greece","Percentage of gross domestic product (GDP)","All providers of health care","All financing schemes",":"
"2008","Greece","Percentage of gross domestic product (GDP)","All providers of health care","All financing schemes",":"
"2009","Greece","Percentage of gross domestic product (GDP)","All providers of health care","All financing schemes","9.41"
"2010","Greece","Percentage of gross domestic product (GDP)","All providers of health care","All financing schemes","9.52"
"2011","Greece","Percentage of gross domestic product (GDP)","All providers of health care","All financing schemes","9.03"
"2012","Greece","Percentage of gross domestic product (GDP)","All providers of health care","All financing schemes","8.79"
"2013","Greece","Percentage of gross domestic product (GDP)","All providers of health care","All financing schemes","8.32"
"2014","Greece","Percentage of gross domestic product (GDP)","All providers of health care","All financing schemes","7.85"
"2015","Greece","Percentage of gross domestic product (GDP)","All providers of health care","All financing schemes","8.02"
"2016","Greece","Percentage of gross domestic product (GDP)","All providers of health care","All financing schemes","8.21"
"2017","Greece","Percentage of gross domestic product (GDP)","All providers of health care","All financing schemes","7.97"
"2018","Greece","Percentage of gross domestic product (GDP)","All providers of health care","All financing schemes","7.72"
"2003","Spain","Percentage of gross domestic product (GDP)","All providers of health care","All financing schemes","7.53"
"2004","Spain","Percentage of gross domestic product (GDP)","All providers of health care","All financing schemes","7.62"
"2005","Spain","Percentage of gross domestic product (GDP)","All providers of health care","All financing schemes","7.67"
"2006","Spain","Percentage of gross domestic product (GDP)","All providers of health care","All financing schemes","7.75"
"2007","Spain","Percentage of gross domestic product (GDP)","All providers of health care","All financing schemes","7.83"
"2008","Spain","Percentage of gross domestic product (GDP)","All providers of health care","All financing schemes","8.29"
"2009","Spain","Percentage of gross domestic product (GDP)","All providers of health care","All financing schemes","8.98"
"2010","Spain","Percentage of gross domestic product (GDP)","All providers of health care","All financing schemes","9.01"
"2011","Spain","Percentage of gross domestic product (GDP)","All providers of health care","All financing schemes","9.08"
"2012","Spain","Percentage of gross domestic product (GDP)","All providers of health care","All financing schemes","9.07"
"2013","Spain","Percentage of gross domestic product (GDP)","All providers of health care","All financing schemes","9.02"
"2014","Spain","Percentage of gross domestic product (GDP)","All providers of health care","All financing schemes","9.02"
"2015","Spain","Percentage of gross domestic product (GDP)","All providers of health care","All financing schemes","9.11"
"2016","Spain","Percentage of gross domestic product (GDP)","All providers of health care","All financing schemes","8.97"
"2017","Spain","Percentage of gross domestic product (GDP)","All providers of health care","All financing schemes","8.87"
"2018","Spain","Percentage of gross domestic product (GDP)","All providers of health care","All financing schemes",":"
"2003","France","Percentage of gross domestic product (GDP)","All providers of health care","All financing schemes",":"
"2004","France","Percentage of gross domestic product (GDP)","All providers of health care","All financing schemes",":"
"2005","France","Percentage of gross domestic product (GDP)","All providers of health care","All financing schemes",":"
"2006","France","Percentage of gross domestic product (GDP)","All providers of health care","All financing schemes","10.39"
"2007","France","Percentage of gross domestic product (GDP)","All providers of health care","All financing schemes","10.33"
"2008","France","Percentage of gross domestic product (GDP)","All providers of health care","All financing schemes","10.51"
"2009","France","Percentage of gross domestic product (GDP)","All providers of health care","All financing schemes","11.30"
"2010","France","Percentage of gross domestic product (GDP)","All providers of health care","All financing schemes","11.24"
"2011","France","Percentage of gross domestic product (GDP)","All providers of health care","All financing schemes","11.20"
"2012","France","Percentage of gross domestic product (GDP)","All providers of health care","All financing schemes","11.31"
"2013","France","Percentage of gross domestic product (GDP)","All providers of health care","All financing schemes","11.44"
"2014","France","Percentage of gross domestic product (GDP)","All providers of health care","All financing schemes","11.58"
"2015","France","Percentage of gross domestic product (GDP)","All providers of health care","All financing schemes","11.47"
"2016","France","Percentage of gross domestic product (GDP)","All providers of health care","All financing schemes","11.50"
"2017","France","Percentage of gross domestic product (GDP)","All providers of health care","All financing schemes","11.39"
"2018","France","Percentage of gross domestic product (GDP)","All providers of health care","All financing schemes","11.26"
"2003","Croatia","Percentage of gross domestic product (GDP)","All providers of health care","All financing schemes",":"
"2004","Croatia","Percentage of gross domestic product (GDP)","All providers of health care","All financing schemes",":"
"2005","Croatia","Percentage of gross domestic product (GDP)","All providers of health care","All financing schemes",":"
"2006","Croatia","Percentage of gross domestic product (GDP)","All providers of health care","All financing schemes",":"
"2007","Croatia","Percentage of gross domestic product (GDP)","All providers of health care","All financing schemes",":"
"2008","Croatia","Percentage of gross domestic product (GDP)","All providers of health care","All financing schemes",":"
"2009","Croatia","Percentage of gross domestic product (GDP)","All providers of health care","All financing schemes",":"
"2010","Croatia","Percentage of gross domestic product (GDP)","All providers of health care","All financing schemes",":"
"2011","Croatia","Percentage of gross domestic product (GDP)","All providers of health care","All financing schemes",":"
"2012","Croatia","Percentage of gross domestic product (GDP)","All providers of health care","All financing schemes",":"
"2013","Croatia","Percentage of gross domestic product (GDP)","All providers of health care","All financing schemes","6.53"
"2014","Croatia","Percentage of gross domestic product (GDP)","All providers of health care","All financing schemes","6.70"
"2015","Croatia","Percentage of gross domestic product (GDP)","All providers of health care","All financing schemes","6.79"
"2016","Croatia","Percentage of gross domestic product (GDP)","All providers of health care","All financing schemes","6.83"
"2017","Croatia","Percentage of gross domestic product (GDP)","All providers of health care","All financing schemes","6.78"
"2018","Croatia","Percentage of gross domestic product (GDP)","All providers of health care","All financing schemes","6.83"
"2003","Italy","Percentage of gross domestic product (GDP)","All providers of health care","All financing schemes",":"
"2004","Italy","Percentage of gross domestic product (GDP)","All providers of health care","All financing schemes",":"
"2005","Italy","Percentage of gross domestic product (GDP)","All providers of health care","All financing schemes",":"
"2006","Italy","Percentage of gross domestic product (GDP)","All providers of health care","All financing schemes",":"
"2007","Italy","Percentage of gross domestic product (GDP)","All providers of health care","All financing schemes",":"
"2008","Italy","Percentage of gross domestic product (GDP)","All providers of health care","All financing schemes",":"
"2009","Italy","Percentage of gross domestic product (GDP)","All providers of health care","All financing schemes",":"
"2010","Italy","Percentage of gross domestic product (GDP)","All providers of health care","All financing schemes",":"
"2011","Italy","Percentage of gross domestic product (GDP)","All providers of health care","All financing schemes",":"
"2012","Italy","Percentage of gross domestic product (GDP)","All providers of health care","All financing schemes","8.78"
"2013","Italy","Percentage of gross domestic product (GDP)","All providers of health care","All financing schemes","8.78"
"2014","Italy","Percentage of gross domestic product (GDP)","All providers of health care","All financing schemes","8.87"
"2015","Italy","Percentage of gross domestic product (GDP)","All providers of health care","All financing schemes","8.86"
"2016","Italy","Percentage of gross domestic product (GDP)","All providers of health care","All financing schemes","8.73"
"2017","Italy","Percentage of gross domestic product (GDP)","All providers of health care","All financing schemes","8.68"
"2018","Italy","Percentage of gross domestic product (GDP)","All providers of health care","All financing schemes","8.67"
"2003","Cyprus","Percentage of gross domestic product (GDP)","All providers of health care","All financing schemes",":"
"2004","Cyprus","Percentage of gross domestic product (GDP)","All providers of health care","All financing schemes",":"
"2005","Cyprus","Percentage of gross domestic product (GDP)","All providers of health care","All financing schemes",":"
"2006","Cyprus","Percentage of gross domestic product (GDP)","All providers of health care","All financing schemes",":"
"2007","Cyprus","Percentage of gross domestic product (GDP)","All providers of health care","All financing schemes",":"
"2008","Cyprus","Percentage of gross domestic product (GDP)","All providers of health care","All financing schemes",":"
"2009","Cyprus","Percentage of gross domestic product (GDP)","All providers of health care","All financing schemes",":"
"2010","Cyprus","Percentage of gross domestic product (GDP)","All providers of health care","All financing schemes","6.52"
"2011","Cyprus","Percentage of gross domestic product (GDP)","All providers of health care","All financing schemes","6.45"
"2012","Cyprus","Percentage of gross domestic product (GDP)","All providers of health care","All financing schemes","6.55"
"2013","Cyprus","Percentage of gross domestic product (GDP)","All providers of health care","All financing schemes","6.95"
"2014","Cyprus","Percentage of gross domestic product (GDP)","All providers of health care","All financing schemes","6.96"
"2015","Cyprus","Percentage of gross domestic product (GDP)","All providers of health care","All financing schemes","6.93"
"2016","Cyprus","Percentage of gross domestic product (GDP)","All providers of health care","All financing schemes","6.83"
"2017","Cyprus","Percentage of gross domestic product (GDP)","All providers of health care","All financing schemes","6.74"
"2018","Cyprus","Percentage of gross domestic product (GDP)","All providers of health care","All financing schemes","6.77"
"2003","Latvia","Percentage of gross domestic product (GDP)","All providers of health care","All financing schemes",":"
"2004","Latvia","Percentage of gross domestic product (GDP)","All providers of health care","All financing schemes",":"
"2005","Latvia","Percentage of gross domestic product (GDP)","All providers of health care","All financing schemes",":"
"2006","Latvia","Percentage of gross domestic product (GDP)","All providers of health care","All financing schemes",":"
"2007","Latvia","Percentage of gross domestic product (GDP)","All providers of health care","All financing schemes",":"
"2008","Latvia","Percentage of gross domestic product (GDP)","All providers of health care","All financing schemes",":"
"2009","Latvia","Percentage of gross domestic product (GDP)","All providers of health care","All financing schemes",":"
"2010","Latvia","Percentage of gross domestic product (GDP)","All providers of health care","All financing schemes",":"
"2011","Latvia","Percentage of gross domestic product (GDP)","All providers of health care","All financing schemes",":"
"2012","Latvia","Percentage of gross domestic product (GDP)","All providers of health care","All financing schemes",":"
"2013","Latvia","Percentage of gross domestic product (GDP)","All providers of health care","All financing schemes","5.40"
"2014","Latvia","Percentage of gross domestic product (GDP)","All providers of health care","All financing schemes","5.47"
"2015","Latvia","Percentage of gross domestic product (GDP)","All providers of health care","All financing schemes","5.71"
"2016","Latvia","Percentage of gross domestic product (GDP)","All providers of health care","All financing schemes","6.21"
"2017","Latvia","Percentage of gross domestic product (GDP)","All providers of health care","All financing schemes","5.95"
"2018","Latvia","Percentage of gross domestic product (GDP)","All providers of health care","All financing schemes",":"
"2003","Lithuania","Percentage of gross domestic product (GDP)","All providers of health care","All financing schemes",":"
"2004","Lithuania","Percentage of gross domestic product (GDP)","All providers of health care","All financing schemes",":"
"2005","Lithuania","Percentage of gross domestic product (GDP)","All providers of health care","All financing schemes",":"
"2006","Lithuania","Percentage of gross domestic product (GDP)","All providers of health care","All financing schemes","5.84"
"2007","Lithuania","Percentage of gross domestic product (GDP)","All providers of health care","All financing schemes","5.76"
"2008","Lithuania","Percentage of gross domestic product (GDP)","All providers of health care","All financing schemes","6.29"
"2009","Lithuania","Percentage of gross domestic product (GDP)","All providers of health care","All financing schemes","7.36"
"2010","Lithuania","Percentage of gross domestic product (GDP)","All providers of health care","All financing schemes","6.83"
"2011","Lithuania","Percentage of gross domestic product (GDP)","All providers of health care","All financing schemes","6.51"
"2012","Lithuania","Percentage of gross domestic product (GDP)","All providers of health care","All financing schemes","6.29"
"2013","Lithuania","Percentage of gross domestic product (GDP)","All providers of health care","All financing schemes","6.14"
"2014","Lithuania","Percentage of gross domestic product (GDP)","All providers of health care","All financing schemes","6.20"
"2015","Lithuania","Percentage of gross domestic product (GDP)","All providers of health care","All financing schemes","6.49"
"2016","Lithuania","Percentage of gross domestic product (GDP)","All providers of health care","All financing schemes","6.64"
"2017","Lithuania","Percentage of gross domestic product (GDP)","All providers of health care","All financing schemes","6.47"
"2018","Lithuania","Percentage of gross domestic product (GDP)","All providers of health care","All financing schemes","6.57"
"2003","Luxembourg","Percentage of gross domestic product (GDP)","All providers of health care","All financing schemes",":"
"2004","Luxembourg","Percentage of gross domestic product (GDP)","All providers of health care","All financing schemes",":"
"2005","Luxembourg","Percentage of gross domestic product (GDP)","All providers of health care","All financing schemes",":"
"2006","Luxembourg","Percentage of gross domestic product (GDP)","All providers of health care","All financing schemes",":"
"2007","Luxembourg","Percentage of gross domestic product (GDP)","All providers of health care","All financing schemes",":"
"2008","Luxembourg","Percentage of gross domestic product (GDP)","All providers of health care","All financing schemes",":"
"2009","Luxembourg","Percentage of gross domestic product (GDP)","All providers of health care","All financing schemes",":"
"2010","Luxembourg","Percentage of gross domestic product (GDP)","All providers of health care","All financing schemes",":"
"2011","Luxembourg","Percentage of gross domestic product (GDP)","All providers of health care","All financing schemes","6.11"
"2012","Luxembourg","Percentage of gross domestic product (GDP)","All providers of health care","All financing schemes","5.58"
"2013","Luxembourg","Percentage of gross domestic product (GDP)","All providers of health care","All financing schemes","5.53"
"2014","Luxembourg","Percentage of gross domestic product (GDP)","All providers of health care","All financing schemes","5.44"
"2015","Luxembourg","Percentage of gross domestic product (GDP)","All providers of health care","All financing schemes","5.28"
"2016","Luxembourg","Percentage of gross domestic product (GDP)","All providers of health care","All financing schemes","5.19"
"2017","Luxembourg","Percentage of gross domestic product (GDP)","All providers of health care","All financing schemes","5.26"
"2018","Luxembourg","Percentage of gross domestic product (GDP)","All providers of health care","All financing schemes","5.29"
"2003","Hungary","Percentage of gross domestic product (GDP)","All providers of health care","All financing schemes",":"
"2004","Hungary","Percentage of gross domestic product (GDP)","All providers of health care","All financing schemes",":"
"2005","Hungary","Percentage of gross domestic product (GDP)","All providers of health care","All financing schemes",":"
"2006","Hungary","Percentage of gross domestic product (GDP)","All providers of health care","All financing schemes","7.81"
"2007","Hungary","Percentage of gross domestic product (GDP)","All providers of health care","All financing schemes","7.22"
"2008","Hungary","Percentage of gross domestic product (GDP)","All providers of health care","All financing schemes","7.10"
"2009","Hungary","Percentage of gross domestic product (GDP)","All providers of health care","All financing schemes","7.25"
"2010","Hungary","Percentage of gross domestic product (GDP)","All providers of health care","All financing schemes","7.52"
"2011","Hungary","Percentage of gross domestic product (GDP)","All providers of health care","All financing schemes","7.54"
"2012","Hungary","Percentage of gross domestic product (GDP)","All providers of health care","All financing schemes","7.47"
"2013","Hungary","Percentage of gross domestic product (GDP)","All providers of health care","All financing schemes","7.26"
"2014","Hungary","Percentage of gross domestic product (GDP)","All providers of health care","All financing schemes","7.09"
"2015","Hungary","Percentage of gross domestic product (GDP)","All providers of health care","All financing schemes","6.97"
"2016","Hungary","Percentage of gross domestic product (GDP)","All providers of health care","All financing schemes","7.05"
"2017","Hungary","Percentage of gross domestic product (GDP)","All providers of health care","All financing schemes","6.79"
"2018","Hungary","Percentage of gross domestic product (GDP)","All providers of health care","All financing schemes","6.70"
"2003","Malta","Percentage of gross domestic product (GDP)","All providers of health care","All financing schemes",":"
"2004","Malta","Percentage of gross domestic product (GDP)","All providers of health care","All financing schemes",":"
"2005","Malta","Percentage of gross domestic product (GDP)","All providers of health care","All financing schemes",":"
"2006","Malta","Percentage of gross domestic product (GDP)","All providers of health care","All financing schemes",":"
"2007","Malta","Percentage of gross domestic product (GDP)","All providers of health care","All financing schemes",":"
"2008","Malta","Percentage of gross domestic product (GDP)","All providers of health care","All financing schemes",":"
"2009","Malta","Percentage of gross domestic product (GDP)","All providers of health care","All financing schemes",":"
"2010","Malta","Percentage of gross domestic product (GDP)","All providers of health care","All financing schemes",":"
"2011","Malta","Percentage of gross domestic product (GDP)","All providers of health care","All financing schemes",":"
"2012","Malta","Percentage of gross domestic product (GDP)","All providers of health care","All financing schemes",":"
"2013","Malta","Percentage of gross domestic product (GDP)","All providers of health care","All financing schemes",":"
"2014","Malta","Percentage of gross domestic product (GDP)","All providers of health care","All financing schemes","9.35"
"2015","Malta","Percentage of gross domestic product (GDP)","All providers of health care","All financing schemes","9.21"
"2016","Malta","Percentage of gross domestic product (GDP)","All providers of health care","All financing schemes","9.14"
"2017","Malta","Percentage of gross domestic product (GDP)","All providers of health care","All financing schemes","9.31"
"2018","Malta","Percentage of gross domestic product (GDP)","All providers of health care","All financing schemes",":"
"2003","Netherlands","Percentage of gross domestic product (GDP)","All providers of health care","All financing schemes","9.06"
"2004","Netherlands","Percentage of gross domestic product (GDP)","All providers of health care","All financing schemes","9.11"
"2005","Netherlands","Percentage of gross domestic product (GDP)","All providers of health care","All financing schemes","9.10"
"2006","Netherlands","Percentage of gross domestic product (GDP)","All providers of health care","All financing schemes","9.08"
"2007","Netherlands","Percentage of gross domestic product (GDP)","All providers of health care","All financing schemes","9.05"
"2008","Netherlands","Percentage of gross domestic product (GDP)","All providers of health care","All financing schemes","9.28"
"2009","Netherlands","Percentage of gross domestic product (GDP)","All providers of health care","All financing schemes","9.99"
"2010","Netherlands","Percentage of gross domestic product (GDP)","All providers of health care","All financing schemes","10.16"
"2011","Netherlands","Percentage of gross domestic product (GDP)","All providers of health care","All financing schemes","10.23"
"2012","Netherlands","Percentage of gross domestic product (GDP)","All providers of health care","All financing schemes","10.54"
"2013","Netherlands","Percentage of gross domestic product (GDP)","All providers of health care","All financing schemes","10.58"
"2014","Netherlands","Percentage of gross domestic product (GDP)","All providers of health care","All financing schemes","10.57"
"2015","Netherlands","Percentage of gross domestic product (GDP)","All providers of health care","All financing schemes","10.32"
"2016","Netherlands","Percentage of gross domestic product (GDP)","All providers of health care","All financing schemes","10.25"
"2017","Netherlands","Percentage of gross domestic product (GDP)","All providers of health care","All financing schemes","10.06"
"2018","Netherlands","Percentage of gross domestic product (GDP)","All providers of health care","All financing schemes","9.97"
"2003","Austria","Percentage of gross domestic product (GDP)","All providers of health care","All financing schemes",":"
"2004","Austria","Percentage of gross domestic product (GDP)","All providers of health care","All financing schemes","9.71"
"2005","Austria","Percentage of gross domestic product (GDP)","All providers of health care","All financing schemes","9.63"
"2006","Austria","Percentage of gross domestic product (GDP)","All providers of health care","All financing schemes","9.53"
"2007","Austria","Percentage of gross domestic product (GDP)","All providers of health care","All financing schemes","9.53"
"2008","Austria","Percentage of gross domestic product (GDP)","All providers of health care","All financing schemes","9.73"
"2009","Austria","Percentage of gross domestic product (GDP)","All providers of health care","All financing schemes","10.23"
"2010","Austria","Percentage of gross domestic product (GDP)","All providers of health care","All financing schemes","10.22"
"2011","Austria","Percentage of gross domestic product (GDP)","All providers of health care","All financing schemes","10.03"
"2012","Austria","Percentage of gross domestic product (GDP)","All providers of health care","All financing schemes","10.20"
"2013","Austria","Percentage of gross domestic product (GDP)","All providers of health care","All financing schemes","10.29"
"2014","Austria","Percentage of gross domestic product (GDP)","All providers of health care","All financing schemes","10.37"
"2015","Austria","Percentage of gross domestic product (GDP)","All providers of health care","All financing schemes","10.37"
"2016","Austria","Percentage of gross domestic product (GDP)","All providers of health care","All financing schemes","10.36"
"2017","Austria","Percentage of gross domestic product (GDP)","All providers of health care","All financing schemes","10.36"
"2018","Austria","Percentage of gross domestic product (GDP)","All providers of health care","All financing schemes","10.32"
"2003","Poland","Percentage of gross domestic product (GDP)","All providers of health care","All financing schemes",":"
"2004","Poland","Percentage of gross domestic product (GDP)","All providers of health care","All financing schemes",":"
"2005","Poland","Percentage of gross domestic product (GDP)","All providers of health care","All financing schemes",":"
"2006","Poland","Percentage of gross domestic product (GDP)","All providers of health care","All financing schemes",":"
"2007","Poland","Percentage of gross domestic product (GDP)","All providers of health care","All financing schemes",":"
"2008","Poland","Percentage of gross domestic product (GDP)","All providers of health care","All financing schemes",":"
"2009","Poland","Percentage of gross domestic product (GDP)","All providers of health care","All financing schemes",":"
"2010","Poland","Percentage of gross domestic product (GDP)","All providers of health care","All financing schemes",":"
"2011","Poland","Percentage of gross domestic product (GDP)","All providers of health care","All financing schemes",":"
"2012","Poland","Percentage of gross domestic product (GDP)","All providers of health care","All financing schemes",":"
"2013","Poland","Percentage of gross domestic product (GDP)","All providers of health care","All financing schemes","6.38"
"2014","Poland","Percentage of gross domestic product (GDP)","All providers of health care","All financing schemes","6.25"
"2015","Poland","Percentage of gross domestic product (GDP)","All providers of health care","All financing schemes","6.34"
"2016","Poland","Percentage of gross domestic product (GDP)","All providers of health care","All financing schemes","6.52"
"2017","Poland","Percentage of gross domestic product (GDP)","All providers of health care","All financing schemes",":"
"2018","Poland","Percentage of gross domestic product (GDP)","All providers of health care","All financing schemes",":"
"2003","Portugal","Percentage of gross domestic product (GDP)","All providers of health care","All financing schemes","8.90"
"2004","Portugal","Percentage of gross domestic product (GDP)","All providers of health care","All financing schemes","9.30"
"2005","Portugal","Percentage of gross domestic product (GDP)","All providers of health care","All financing schemes","9.43"
"2006","Portugal","Percentage of gross domestic product (GDP)","All providers of health care","All financing schemes","9.14"
"2007","Portugal","Percentage of gross domestic product (GDP)","All providers of health care","All financing schemes","9.07"
"2008","Portugal","Percentage of gross domestic product (GDP)","All providers of health care","All financing schemes","9.35"
"2009","Portugal","Percentage of gross domestic product (GDP)","All providers of health care","All financing schemes","9.88"
"2010","Portugal","Percentage of gross domestic product (GDP)","All providers of health care","All financing schemes","9.82"
"2011","Portugal","Percentage of gross domestic product (GDP)","All providers of health care","All financing schemes","9.53"
"2012","Portugal","Percentage of gross domestic product (GDP)","All providers of health care","All financing schemes","9.35"
"2013","Portugal","Percentage of gross domestic product (GDP)","All providers of health care","All financing schemes","9.09"
"2014","Portugal","Percentage of gross domestic product (GDP)","All providers of health care","All financing schemes","9.02"
"2015","Portugal","Percentage of gross domestic product (GDP)","All providers of health care","All financing schemes","8.97"
"2016","Portugal","Percentage of gross domestic product (GDP)","All providers of health care","All financing schemes","9.04"
"2017","Portugal","Percentage of gross domestic product (GDP)","All providers of health care","All financing schemes","8.97"
"2018","Portugal","Percentage of gross domestic product (GDP)","All providers of health care","All financing schemes",":"
"2003","Romania","Percentage of gross domestic product (GDP)","All providers of health care","All financing schemes",":"
"2004","Romania","Percentage of gross domestic product (GDP)","All providers of health care","All financing schemes",":"
"2005","Romania","Percentage of gross domestic product (GDP)","All providers of health care","All financing schemes",":"
"2006","Romania","Percentage of gross domestic product (GDP)","All providers of health care","All financing schemes",":"
"2007","Romania","Percentage of gross domestic product (GDP)","All providers of health care","All financing schemes",":"
"2008","Romania","Percentage of gross domestic product (GDP)","All providers of health care","All financing schemes",":"
"2009","Romania","Percentage of gross domestic product (GDP)","All providers of health care","All financing schemes",":"
"2010","Romania","Percentage of gross domestic product (GDP)","All providers of health care","All financing schemes",":"
"2011","Romania","Percentage of gross domestic product (GDP)","All providers of health care","All financing schemes","4.70"
"2012","Romania","Percentage of gross domestic product (GDP)","All providers of health care","All financing schemes","4.72"
"2013","Romania","Percentage of gross domestic product (GDP)","All providers of health care","All financing schemes","5.19"
"2014","Romania","Percentage of gross domestic product (GDP)","All providers of health care","All financing schemes","5.03"
"2015","Romania","Percentage of gross domestic product (GDP)","All providers of health care","All financing schemes","4.94"
"2016","Romania","Percentage of gross domestic product (GDP)","All providers of health care","All financing schemes","4.99"
"2017","Romania","Percentage of gross domestic product (GDP)","All providers of health care","All financing schemes","5.15"
"2018","Romania","Percentage of gross domestic product (GDP)","All providers of health care","All financing schemes","5.56"
"2003","Slovenia","Percentage of gross domestic product (GDP)","All providers of health care","All financing schemes",":"
"2004","Slovenia","Percentage of gross domestic product (GDP)","All providers of health care","All financing schemes",":"
"2005","Slovenia","Percentage of gross domestic product (GDP)","All providers of health care","All financing schemes",":"
"2006","Slovenia","Percentage of gross domestic product (GDP)","All providers of health care","All financing schemes",":"
"2007","Slovenia","Percentage of gross domestic product (GDP)","All providers of health care","All financing schemes",":"
"2008","Slovenia","Percentage of gross domestic product (GDP)","All providers of health care","All financing schemes",":"
"2009","Slovenia","Percentage of gross domestic product (GDP)","All providers of health care","All financing schemes",":"
"2010","Slovenia","Percentage of gross domestic product (GDP)","All providers of health care","All financing schemes",":"
"2011","Slovenia","Percentage of gross domestic product (GDP)","All providers of health care","All financing schemes",":"
"2012","Slovenia","Percentage of gross domestic product (GDP)","All providers of health care","All financing schemes",":"
"2013","Slovenia","Percentage of gross domestic product (GDP)","All providers of health care","All financing schemes",":"
"2014","Slovenia","Percentage of gross domestic product (GDP)","All providers of health care","All financing schemes","8.51"
"2015","Slovenia","Percentage of gross domestic product (GDP)","All providers of health care","All financing schemes","8.51"
"2016","Slovenia","Percentage of gross domestic product (GDP)","All providers of health care","All financing schemes","8.50"
"2017","Slovenia","Percentage of gross domestic product (GDP)","All providers of health care","All financing schemes","8.19"
"2018","Slovenia","Percentage of gross domestic product (GDP)","All providers of health care","All financing schemes",":"
"2003","Slovakia","Percentage of gross domestic product (GDP)","All providers of health care","All financing schemes",":"
"2004","Slovakia","Percentage of gross domestic product (GDP)","All providers of health care","All financing schemes",":"
"2005","Slovakia","Percentage of gross domestic product (GDP)","All providers of health care","All financing schemes",":"
"2006","Slovakia","Percentage of gross domestic product (GDP)","All providers of health care","All financing schemes",":"
"2007","Slovakia","Percentage of gross domestic product (GDP)","All providers of health care","All financing schemes",":"
"2008","Slovakia","Percentage of gross domestic product (GDP)","All providers of health care","All financing schemes",":"
"2009","Slovakia","Percentage of gross domestic product (GDP)","All providers of health care","All financing schemes",":"
"2010","Slovakia","Percentage of gross domestic product (GDP)","All providers of health care","All financing schemes",":"
"2011","Slovakia","Percentage of gross domestic product (GDP)","All providers of health care","All financing schemes",":"
"2012","Slovakia","Percentage of gross domestic product (GDP)","All providers of health care","All financing schemes","7.63"
"2013","Slovakia","Percentage of gross domestic product (GDP)","All providers of health care","All financing schemes","7.53"
"2014","Slovakia","Percentage of gross domestic product (GDP)","All providers of health care","All financing schemes","6.91"
"2015","Slovakia","Percentage of gross domestic product (GDP)","All providers of health care","All financing schemes","6.85"
"2016","Slovakia","Percentage of gross domestic product (GDP)","All providers of health care","All financing schemes","6.98"
"2017","Slovakia","Percentage of gross domestic product (GDP)","All providers of health care","All financing schemes","6.74"
"2018","Slovakia","Percentage of gross domestic product (GDP)","All providers of health care","All financing schemes",":"
"2003","Finland","Percentage of gross domestic product (GDP)","All providers of health care","All financing schemes","7.67"
"2004","Finland","Percentage of gross domestic product (GDP)","All providers of health care","All financing schemes","7.80"
"2005","Finland","Percentage of gross domestic product (GDP)","All providers of health care","All financing schemes","8.00"
"2006","Finland","Percentage of gross domestic product (GDP)","All providers of health care","All financing schemes","8.01"
"2007","Finland","Percentage of gross domestic product (GDP)","All providers of health care","All financing schemes","7.83"
"2008","Finland","Percentage of gross domestic product (GDP)","All providers of health care","All financing schemes","8.09"
"2009","Finland","Percentage of gross domestic product (GDP)","All providers of health care","All financing schemes","8.88"
"2010","Finland","Percentage of gross domestic product (GDP)","All providers of health care","All financing schemes","8.88"
"2011","Finland","Percentage of gross domestic product (GDP)","All providers of health care","All financing schemes","8.96"
"2012","Finland","Percentage of gross domestic product (GDP)","All providers of health care","All financing schemes","9.30"
"2013","Finland","Percentage of gross domestic product (GDP)","All providers of health care","All financing schemes","9.51"
"2014","Finland","Percentage of gross domestic product (GDP)","All providers of health care","All financing schemes","9.49"
"2015","Finland","Percentage of gross domestic product (GDP)","All providers of health care","All financing schemes","9.70"
"2016","Finland","Percentage of gross domestic product (GDP)","All providers of health care","All financing schemes","9.43"
"2017","Finland","Percentage of gross domestic product (GDP)","All providers of health care","All financing schemes","9.21"
"2018","Finland","Percentage of gross domestic product (GDP)","All providers of health care","All financing schemes",":"
"2003","Sweden","Percentage of gross domestic product (GDP)","All providers of health care","All financing schemes",":"
"2004","Sweden","Percentage of gross domestic product (GDP)","All providers of health care","All financing schemes",":"
"2005","Sweden","Percentage of gross domestic product (GDP)","All providers of health care","All financing schemes",":"
"2006","Sweden","Percentage of gross domestic product (GDP)","All providers of health care","All financing schemes",":"
"2007","Sweden","Percentage of gross domestic product (GDP)","All providers of health care","All financing schemes",":"
"2008","Sweden","Percentage of gross domestic product (GDP)","All providers of health care","All financing schemes",":"
"2009","Sweden","Percentage of gross domestic product (GDP)","All providers of health care","All financing schemes",":"
"2010","Sweden","Percentage of gross domestic product (GDP)","All providers of health care","All financing schemes",":"
"2011","Sweden","Percentage of gross domestic product (GDP)","All providers of health care","All financing schemes","10.42"
"2012","Sweden","Percentage of gross domestic product (GDP)","All providers of health care","All financing schemes","10.74"
"2013","Sweden","Percentage of gross domestic product (GDP)","All providers of health care","All financing schemes","10.90"
"2014","Sweden","Percentage of gross domestic product (GDP)","All providers of health care","All financing schemes","10.95"
"2015","Sweden","Percentage of gross domestic product (GDP)","All providers of health care","All financing schemes","10.80"
"2016","Sweden","Percentage of gross domestic product (GDP)","All providers of health care","All financing schemes","10.84"
"2017","Sweden","Percentage of gross domestic product (GDP)","All providers of health care","All financing schemes","10.79"
"2018","Sweden","Percentage of gross domestic product (GDP)","All providers of health care","All financing schemes","10.90"
"2003","United Kingdom","Percentage of gross domestic product (GDP)","All providers of health care","All financing schemes",":"
"2004","United Kingdom","Percentage of gross domestic product (GDP)","All providers of health care","All financing schemes",":"
"2005","United Kingdom","Percentage of gross domestic product (GDP)","All providers of health care","All financing schemes",":"
"2006","United Kingdom","Percentage of gross domestic product (GDP)","All providers of health care","All financing schemes",":"
"2007","United Kingdom","Percentage of gross domestic product (GDP)","All providers of health care","All financing schemes",":"
"2008","United Kingdom","Percentage of gross domestic product (GDP)","All providers of health care","All financing schemes",":"
"2009","United Kingdom","Percentage of gross domestic product (GDP)","All providers of health care","All financing schemes",":"
"2010","United Kingdom","Percentage of gross domestic product (GDP)","All providers of health care","All financing schemes",":"
"2011","United Kingdom","Percentage of gross domestic product (GDP)","All providers of health care","All financing schemes",":"
"2012","United Kingdom","Percentage of gross domestic product (GDP)","All providers of health care","All financing schemes",":"
"2013","United Kingdom","Percentage of gross domestic product (GDP)","All providers of health care","All financing schemes","9.77"
"2014","United Kingdom","Percentage of gross domestic product (GDP)","All providers of health care","All financing schemes","9.76"
"2015","United Kingdom","Percentage of gross domestic product (GDP)","All providers of health care","All financing schemes","9.69"
"2016","United Kingdom","Percentage of gross domestic product (GDP)","All providers of health care","All financing schemes","9.70"
"2017","United Kingdom","Percentage of gross domestic product (GDP)","All providers of health care","All financing schemes","9.63"
"2018","United Kingdom","Percentage of gross domestic product (GDP)","All providers of health care","All financing schemes",":"
"2003","Iceland","Percentage of gross domestic product (GDP)","All providers of health care","All financing schemes",":"
"2004","Iceland","Percentage of gross domestic product (GDP)","All providers of health care","All financing schemes",":"
"2005","Iceland","Percentage of gross domestic product (GDP)","All providers of health care","All financing schemes",":"
"2006","Iceland","Percentage of gross domestic product (GDP)","All providers of health care","All financing schemes",":"
"2007","Iceland","Percentage of gross domestic product (GDP)","All providers of health care","All financing schemes",":"
"2008","Iceland","Percentage of gross domestic product (GDP)","All providers of health care","All financing schemes",":"
"2009","Iceland","Percentage of gross domestic product (GDP)","All providers of health care","All financing schemes",":"
"2010","Iceland","Percentage of gross domestic product (GDP)","All providers of health care","All financing schemes",":"
"2011","Iceland","Percentage of gross domestic product (GDP)","All providers of health care","All financing schemes","8.25"
"2012","Iceland","Percentage of gross domestic product (GDP)","All providers of health care","All financing schemes","8.20"
"2013","Iceland","Percentage of gross domestic product (GDP)","All providers of health care","All financing schemes","8.22"
"2014","Iceland","Percentage of gross domestic product (GDP)","All providers of health care","All financing schemes","8.28"
"2015","Iceland","Percentage of gross domestic product (GDP)","All providers of health care","All financing schemes","8.13"
"2016","Iceland","Percentage of gross domestic product (GDP)","All providers of health care","All financing schemes","8.17"
"2017","Iceland","Percentage of gross domestic product (GDP)","All providers of health care","All financing schemes","8.34"
"2018","Iceland","Percentage of gross domestic product (GDP)","All providers of health care","All financing schemes","8.54"
"2003","Liechtenstein","Percentage of gross domestic product (GDP)","All providers of health care","All financing schemes",":"
"2004","Liechtenstein","Percentage of gross domestic product (GDP)","All providers of health care","All financing schemes",":"
"2005","Liechtenstein","Percentage of gross domestic product (GDP)","All providers of health care","All financing schemes",":"
"2006","Liechtenstein","Percentage of gross domestic product (GDP)","All providers of health care","All financing schemes",":"
"2007","Liechtenstein","Percentage of gross domestic product (GDP)","All providers of health care","All financing schemes",":"
"2008","Liechtenstein","Percentage of gross domestic product (GDP)","All providers of health care","All financing schemes",":"
"2009","Liechtenstein","Percentage of gross domestic product (GDP)","All providers of health care","All financing schemes",":"
"2010","Liechtenstein","Percentage of gross domestic product (GDP)","All providers of health care","All financing schemes",":"
"2011","Liechtenstein","Percentage of gross domestic product (GDP)","All providers of health care","All financing schemes",":"
"2012","Liechtenstein","Percentage of gross domestic product (GDP)","All providers of health care","All financing schemes",":"
"2013","Liechtenstein","Percentage of gross domestic product (GDP)","All providers of health care","All financing schemes","6.00"
"2014","Liechtenstein","Percentage of gross domestic product (GDP)","All providers of health care","All financing schemes","5.89"
"2015","Liechtenstein","Percentage of gross domestic product (GDP)","All providers of health care","All financing schemes","6.01"
"2016","Liechtenstein","Percentage of gross domestic product (GDP)","All providers of health care","All financing schemes","6.10"
"2017","Liechtenstein","Percentage of gross domestic product (GDP)","All providers of health care","All financing schemes","5.90"
"2018","Liechtenstein","Percentage of gross domestic product (GDP)","All providers of health care","All financing schemes",":"
"2003","Norway","Percentage of gross domestic product (GDP)","All providers of health care","All financing schemes",":"
"2004","Norway","Percentage of gross domestic product (GDP)","All providers of health care","All financing schemes",":"
"2005","Norway","Percentage of gross domestic product (GDP)","All providers of health care","All financing schemes",":"
"2006","Norway","Percentage of gross domestic product (GDP)","All providers of health care","All financing schemes",":"
"2007","Norway","Percentage of gross domestic product (GDP)","All providers of health care","All financing schemes",":"
"2008","Norway","Percentage of gross domestic product (GDP)","All providers of health care","All financing schemes",":"
"2009","Norway","Percentage of gross domestic product (GDP)","All providers of health care","All financing schemes",":"
"2010","Norway","Percentage of gross domestic product (GDP)","All providers of health care","All financing schemes",":"
"2011","Norway","Percentage of gross domestic product (GDP)","All providers of health care","All financing schemes","8.79"
"2012","Norway","Percentage of gross domestic product (GDP)","All providers of health care","All financing schemes","8.78"
"2013","Norway","Percentage of gross domestic product (GDP)","All providers of health care","All financing schemes","8.93"
"2014","Norway","Percentage of gross domestic product (GDP)","All providers of health care","All financing schemes","9.34"
"2015","Norway","Percentage of gross domestic product (GDP)","All providers of health care","All financing schemes","10.13"
"2016","Norway","Percentage of gross domestic product (GDP)","All providers of health care","All financing schemes","10.59"
"2017","Norway","Percentage of gross domestic product (GDP)","All providers of health care","All financing schemes","10.32"
"2018","Norway","Percentage of gross domestic product (GDP)","All providers of health care","All financing schemes","10.05"
"2003","Switzerland","Percentage of gross domestic product (GDP)","All providers of health care","All financing schemes",":"
"2004","Switzerland","Percentage of gross domestic product (GDP)","All providers of health care","All financing schemes",":"
"2005","Switzerland","Percentage of gross domestic product (GDP)","All providers of health care","All financing schemes",":"
"2006","Switzerland","Percentage of gross domestic product (GDP)","All providers of health care","All financing schemes",":"
"2007","Switzerland","Percentage of gross domestic product (GDP)","All providers of health care","All financing schemes",":"
"2008","Switzerland","Percentage of gross domestic product (GDP)","All providers of health care","All financing schemes",":"
"2009","Switzerland","Percentage of gross domestic product (GDP)","All providers of health care","All financing schemes",":"
"2010","Switzerland","Percentage of gross domestic product (GDP)","All providers of health care","All financing schemes","10.70"
"2011","Switzerland","Percentage of gross domestic product (GDP)","All providers of health care","All financing schemes","10.77"
"2012","Switzerland","Percentage of gross domestic product (GDP)","All providers of health care","All financing schemes","11.06"
"2013","Switzerland","Percentage of gross domestic product (GDP)","All providers of health care","All financing schemes","11.31"
"2014","Switzerland","Percentage of gross domestic product (GDP)","All providers of health care","All financing schemes","11.49"
"2015","Switzerland","Percentage of gross domestic product (GDP)","All providers of health care","All financing schemes","11.88"
"2016","Switzerland","Percentage of gross domestic product (GDP)","All providers of health care","All financing schemes","12.22"
"2017","Switzerland","Percentage of gross domestic product (GDP)","All providers of health care","All financing schemes","12.35"
"2018","Switzerland","Percentage of gross domestic product (GDP)","All providers of health care","All financing schemes",":"
