"TIME","GEO","UNIT","ICHA11_HP","ICHA11_HF","Value"
"2003","Belgium","Euro per inhabitant","All providers of health care","Voluntary health insurance schemes","125.63"
"2004","Belgium","Euro per inhabitant","All providers of health care","Voluntary health insurance schemes","132.61"
"2005","Belgium","Euro per inhabitant","All providers of health care","Voluntary health insurance schemes","139.78"
"2006","Belgium","Euro per inhabitant","All providers of health care","Voluntary health insurance schemes","144.78"
"2007","Belgium","Euro per inhabitant","All providers of health care","Voluntary health insurance schemes","153.32"
"2008","Belgium","Euro per inhabitant","All providers of health care","Voluntary health insurance schemes","135.04"
"2009","Belgium","Euro per inhabitant","All providers of health care","Voluntary health insurance schemes","131.61"
"2010","Belgium","Euro per inhabitant","All providers of health care","Voluntary health insurance schemes","135.31"
"2011","Belgium","Euro per inhabitant","All providers of health care","Voluntary health insurance schemes","147.31"
"2012","Belgium","Euro per inhabitant","All providers of health care","Voluntary health insurance schemes","147.35"
"2013","Belgium","Euro per inhabitant","All providers of health care","Voluntary health insurance schemes","157.29"
"2014","Belgium","Euro per inhabitant","All providers of health care","Voluntary health insurance schemes","163.87"
"2015","Belgium","Euro per inhabitant","All providers of health care","Voluntary health insurance schemes","181.50"
"2016","Belgium","Euro per inhabitant","All providers of health care","Voluntary health insurance schemes","192.98"
"2017","Belgium","Euro per inhabitant","All providers of health care","Voluntary health insurance schemes","203.91"
"2018","Belgium","Euro per inhabitant","All providers of health care","Voluntary health insurance schemes","212.39"
"2003","Bulgaria","Euro per inhabitant","All providers of health care","Voluntary health insurance schemes",":"
"2004","Bulgaria","Euro per inhabitant","All providers of health care","Voluntary health insurance schemes",":"
"2005","Bulgaria","Euro per inhabitant","All providers of health care","Voluntary health insurance schemes",":"
"2006","Bulgaria","Euro per inhabitant","All providers of health care","Voluntary health insurance schemes",":"
"2007","Bulgaria","Euro per inhabitant","All providers of health care","Voluntary health insurance schemes",":"
"2008","Bulgaria","Euro per inhabitant","All providers of health care","Voluntary health insurance schemes",":"
"2009","Bulgaria","Euro per inhabitant","All providers of health care","Voluntary health insurance schemes",":"
"2010","Bulgaria","Euro per inhabitant","All providers of health care","Voluntary health insurance schemes",":"
"2011","Bulgaria","Euro per inhabitant","All providers of health care","Voluntary health insurance schemes","1.65"
"2012","Bulgaria","Euro per inhabitant","All providers of health care","Voluntary health insurance schemes","1.88"
"2013","Bulgaria","Euro per inhabitant","All providers of health care","Voluntary health insurance schemes","1.58"
"2014","Bulgaria","Euro per inhabitant","All providers of health care","Voluntary health insurance schemes","1.69"
"2015","Bulgaria","Euro per inhabitant","All providers of health care","Voluntary health insurance schemes","2.06"
"2016","Bulgaria","Euro per inhabitant","All providers of health care","Voluntary health insurance schemes","2.21"
"2017","Bulgaria","Euro per inhabitant","All providers of health care","Voluntary health insurance schemes","3.24"
"2018","Bulgaria","Euro per inhabitant","All providers of health care","Voluntary health insurance schemes","4.05"
"2003","Czechia","Euro per inhabitant","All providers of health care","Voluntary health insurance schemes",":"
"2004","Czechia","Euro per inhabitant","All providers of health care","Voluntary health insurance schemes",":"
"2005","Czechia","Euro per inhabitant","All providers of health care","Voluntary health insurance schemes",":"
"2006","Czechia","Euro per inhabitant","All providers of health care","Voluntary health insurance schemes",":"
"2007","Czechia","Euro per inhabitant","All providers of health care","Voluntary health insurance schemes",":"
"2008","Czechia","Euro per inhabitant","All providers of health care","Voluntary health insurance schemes",":"
"2009","Czechia","Euro per inhabitant","All providers of health care","Voluntary health insurance schemes",":"
"2010","Czechia","Euro per inhabitant","All providers of health care","Voluntary health insurance schemes",":"
"2011","Czechia","Euro per inhabitant","All providers of health care","Voluntary health insurance schemes",":"
"2012","Czechia","Euro per inhabitant","All providers of health care","Voluntary health insurance schemes",":"
"2013","Czechia","Euro per inhabitant","All providers of health care","Voluntary health insurance schemes","1.74"
"2014","Czechia","Euro per inhabitant","All providers of health care","Voluntary health insurance schemes","1.85"
"2015","Czechia","Euro per inhabitant","All providers of health care","Voluntary health insurance schemes","1.66"
"2016","Czechia","Euro per inhabitant","All providers of health care","Voluntary health insurance schemes","1.70"
"2017","Czechia","Euro per inhabitant","All providers of health care","Voluntary health insurance schemes","1.93"
"2018","Czechia","Euro per inhabitant","All providers of health care","Voluntary health insurance schemes",":"
"2003","Denmark","Euro per inhabitant","All providers of health care","Voluntary health insurance schemes",":"
"2004","Denmark","Euro per inhabitant","All providers of health care","Voluntary health insurance schemes",":"
"2005","Denmark","Euro per inhabitant","All providers of health care","Voluntary health insurance schemes",":"
"2006","Denmark","Euro per inhabitant","All providers of health care","Voluntary health insurance schemes",":"
"2007","Denmark","Euro per inhabitant","All providers of health care","Voluntary health insurance schemes",":"
"2008","Denmark","Euro per inhabitant","All providers of health care","Voluntary health insurance schemes",":"
"2009","Denmark","Euro per inhabitant","All providers of health care","Voluntary health insurance schemes",":"
"2010","Denmark","Euro per inhabitant","All providers of health care","Voluntary health insurance schemes","75.24"
"2011","Denmark","Euro per inhabitant","All providers of health care","Voluntary health insurance schemes","79.36"
"2012","Denmark","Euro per inhabitant","All providers of health care","Voluntary health insurance schemes","83.01"
"2013","Denmark","Euro per inhabitant","All providers of health care","Voluntary health insurance schemes","86.96"
"2014","Denmark","Euro per inhabitant","All providers of health care","Voluntary health insurance schemes","94.36"
"2015","Denmark","Euro per inhabitant","All providers of health care","Voluntary health insurance schemes","102.04"
"2016","Denmark","Euro per inhabitant","All providers of health care","Voluntary health insurance schemes","105.12"
"2017","Denmark","Euro per inhabitant","All providers of health care","Voluntary health insurance schemes","111.33"
"2018","Denmark","Euro per inhabitant","All providers of health care","Voluntary health insurance schemes","119.62"
"2003","Germany (until 1990 former territory of the FRG)","Euro per inhabitant","All providers of health care","Voluntary health insurance schemes","245.51"
"2004","Germany (until 1990 former territory of the FRG)","Euro per inhabitant","All providers of health care","Voluntary health insurance schemes","254.22"
"2005","Germany (until 1990 former territory of the FRG)","Euro per inhabitant","All providers of health care","Voluntary health insurance schemes","264.18"
"2006","Germany (until 1990 former territory of the FRG)","Euro per inhabitant","All providers of health care","Voluntary health insurance schemes","271.81"
"2007","Germany (until 1990 former territory of the FRG)","Euro per inhabitant","All providers of health care","Voluntary health insurance schemes","284.41"
"2008","Germany (until 1990 former territory of the FRG)","Euro per inhabitant","All providers of health care","Voluntary health insurance schemes","300.97"
"2009","Germany (until 1990 former territory of the FRG)","Euro per inhabitant","All providers of health care","Voluntary health insurance schemes","46.74"
"2010","Germany (until 1990 former territory of the FRG)","Euro per inhabitant","All providers of health care","Voluntary health insurance schemes","48.09"
"2011","Germany (until 1990 former territory of the FRG)","Euro per inhabitant","All providers of health care","Voluntary health insurance schemes","51.91"
"2012","Germany (until 1990 former territory of the FRG)","Euro per inhabitant","All providers of health care","Voluntary health insurance schemes","54.27"
"2013","Germany (until 1990 former territory of the FRG)","Euro per inhabitant","All providers of health care","Voluntary health insurance schemes","59.76"
"2014","Germany (until 1990 former territory of the FRG)","Euro per inhabitant","All providers of health care","Voluntary health insurance schemes","59.30"
"2015","Germany (until 1990 former territory of the FRG)","Euro per inhabitant","All providers of health care","Voluntary health insurance schemes","61.59"
"2016","Germany (until 1990 former territory of the FRG)","Euro per inhabitant","All providers of health care","Voluntary health insurance schemes","61.68"
"2017","Germany (until 1990 former territory of the FRG)","Euro per inhabitant","All providers of health care","Voluntary health insurance schemes","63.53"
"2018","Germany (until 1990 former territory of the FRG)","Euro per inhabitant","All providers of health care","Voluntary health insurance schemes",":"
"2003","Estonia","Euro per inhabitant","All providers of health care","Voluntary health insurance schemes","0.09"
"2004","Estonia","Euro per inhabitant","All providers of health care","Voluntary health insurance schemes","0.35"
"2005","Estonia","Euro per inhabitant","All providers of health care","Voluntary health insurance schemes","1.23"
"2006","Estonia","Euro per inhabitant","All providers of health care","Voluntary health insurance schemes","1.61"
"2007","Estonia","Euro per inhabitant","All providers of health care","Voluntary health insurance schemes","1.98"
"2008","Estonia","Euro per inhabitant","All providers of health care","Voluntary health insurance schemes","2.10"
"2009","Estonia","Euro per inhabitant","All providers of health care","Voluntary health insurance schemes","1.89"
"2010","Estonia","Euro per inhabitant","All providers of health care","Voluntary health insurance schemes","1.81"
"2011","Estonia","Euro per inhabitant","All providers of health care","Voluntary health insurance schemes","2.09"
"2012","Estonia","Euro per inhabitant","All providers of health care","Voluntary health insurance schemes","2.25"
"2013","Estonia","Euro per inhabitant","All providers of health care","Voluntary health insurance schemes","2.37"
"2014","Estonia","Euro per inhabitant","All providers of health care","Voluntary health insurance schemes","2.19"
"2015","Estonia","Euro per inhabitant","All providers of health care","Voluntary health insurance schemes","2.93"
"2016","Estonia","Euro per inhabitant","All providers of health care","Voluntary health insurance schemes","2.97"
"2017","Estonia","Euro per inhabitant","All providers of health care","Voluntary health insurance schemes","3.09"
"2018","Estonia","Euro per inhabitant","All providers of health care","Voluntary health insurance schemes",":"
"2003","Ireland","Euro per inhabitant","All providers of health care","Voluntary health insurance schemes",":"
"2004","Ireland","Euro per inhabitant","All providers of health care","Voluntary health insurance schemes",":"
"2005","Ireland","Euro per inhabitant","All providers of health care","Voluntary health insurance schemes",":"
"2006","Ireland","Euro per inhabitant","All providers of health care","Voluntary health insurance schemes",":"
"2007","Ireland","Euro per inhabitant","All providers of health care","Voluntary health insurance schemes",":"
"2008","Ireland","Euro per inhabitant","All providers of health care","Voluntary health insurance schemes",":"
"2009","Ireland","Euro per inhabitant","All providers of health care","Voluntary health insurance schemes",":"
"2010","Ireland","Euro per inhabitant","All providers of health care","Voluntary health insurance schemes",":"
"2011","Ireland","Euro per inhabitant","All providers of health care","Voluntary health insurance schemes","459.23"
"2012","Ireland","Euro per inhabitant","All providers of health care","Voluntary health insurance schemes","481.74"
"2013","Ireland","Euro per inhabitant","All providers of health care","Voluntary health insurance schemes","494.14"
"2014","Ireland","Euro per inhabitant","All providers of health care","Voluntary health insurance schemes","516.45"
"2015","Ireland","Euro per inhabitant","All providers of health care","Voluntary health insurance schemes","521.68"
"2016","Ireland","Euro per inhabitant","All providers of health care","Voluntary health insurance schemes","546.83"
"2017","Ireland","Euro per inhabitant","All providers of health care","Voluntary health insurance schemes","558.77"
"2018","Ireland","Euro per inhabitant","All providers of health care","Voluntary health insurance schemes","555.12"
"2003","Greece","Euro per inhabitant","All providers of health care","Voluntary health insurance schemes",":"
"2004","Greece","Euro per inhabitant","All providers of health care","Voluntary health insurance schemes",":"
"2005","Greece","Euro per inhabitant","All providers of health care","Voluntary health insurance schemes",":"
"2006","Greece","Euro per inhabitant","All providers of health care","Voluntary health insurance schemes",":"
"2007","Greece","Euro per inhabitant","All providers of health care","Voluntary health insurance schemes",":"
"2008","Greece","Euro per inhabitant","All providers of health care","Voluntary health insurance schemes",":"
"2009","Greece","Euro per inhabitant","All providers of health care","Voluntary health insurance schemes","39.06"
"2010","Greece","Euro per inhabitant","All providers of health care","Voluntary health insurance schemes","48.25"
"2011","Greece","Euro per inhabitant","All providers of health care","Voluntary health insurance schemes","48.10"
"2012","Greece","Euro per inhabitant","All providers of health care","Voluntary health insurance schemes","47.60"
"2013","Greece","Euro per inhabitant","All providers of health care","Voluntary health insurance schemes","45.15"
"2014","Greece","Euro per inhabitant","All providers of health care","Voluntary health insurance schemes","49.12"
"2015","Greece","Euro per inhabitant","All providers of health care","Voluntary health insurance schemes","50.02"
"2016","Greece","Euro per inhabitant","All providers of health care","Voluntary health insurance schemes","52.67"
"2017","Greece","Euro per inhabitant","All providers of health care","Voluntary health insurance schemes","53.78"
"2018","Greece","Euro per inhabitant","All providers of health care","Voluntary health insurance schemes","58.71"
"2003","Spain","Euro per inhabitant","All providers of health care","Voluntary health insurance schemes","77.47"
"2004","Spain","Euro per inhabitant","All providers of health care","Voluntary health insurance schemes","82.00"
"2005","Spain","Euro per inhabitant","All providers of health care","Voluntary health insurance schemes","88.68"
"2006","Spain","Euro per inhabitant","All providers of health care","Voluntary health insurance schemes","97.91"
"2007","Spain","Euro per inhabitant","All providers of health care","Voluntary health insurance schemes","104.25"
"2008","Spain","Euro per inhabitant","All providers of health care","Voluntary health insurance schemes","100.71"
"2009","Spain","Euro per inhabitant","All providers of health care","Voluntary health insurance schemes","99.91"
"2010","Spain","Euro per inhabitant","All providers of health care","Voluntary health insurance schemes","86.62"
"2011","Spain","Euro per inhabitant","All providers of health care","Voluntary health insurance schemes","99.72"
"2012","Spain","Euro per inhabitant","All providers of health care","Voluntary health insurance schemes","93.25"
"2013","Spain","Euro per inhabitant","All providers of health care","Voluntary health insurance schemes","92.26"
"2014","Spain","Euro per inhabitant","All providers of health care","Voluntary health insurance schemes","98.22"
"2015","Spain","Euro per inhabitant","All providers of health care","Voluntary health insurance schemes","98.45"
"2016","Spain","Euro per inhabitant","All providers of health care","Voluntary health insurance schemes","99.66"
"2017","Spain","Euro per inhabitant","All providers of health care","Voluntary health insurance schemes","120.91"
"2018","Spain","Euro per inhabitant","All providers of health care","Voluntary health insurance schemes",":"
"2003","France","Euro per inhabitant","All providers of health care","Voluntary health insurance schemes",":"
"2004","France","Euro per inhabitant","All providers of health care","Voluntary health insurance schemes",":"
"2005","France","Euro per inhabitant","All providers of health care","Voluntary health insurance schemes",":"
"2006","France","Euro per inhabitant","All providers of health care","Voluntary health insurance schemes","384.99"
"2007","France","Euro per inhabitant","All providers of health care","Voluntary health insurance schemes","400.67"
"2008","France","Euro per inhabitant","All providers of health care","Voluntary health insurance schemes","417.21"
"2009","France","Euro per inhabitant","All providers of health care","Voluntary health insurance schemes","428.57"
"2010","France","Euro per inhabitant","All providers of health care","Voluntary health insurance schemes","443.78"
"2011","France","Euro per inhabitant","All providers of health care","Voluntary health insurance schemes","462.91"
"2012","France","Euro per inhabitant","All providers of health care","Voluntary health insurance schemes","474.23"
"2013","France","Euro per inhabitant","All providers of health care","Voluntary health insurance schemes","483.68"
"2014","France","Euro per inhabitant","All providers of health care","Voluntary health insurance schemes","487.55"
"2015","France","Euro per inhabitant","All providers of health care","Voluntary health insurance schemes","493.69"
"2016","France","Euro per inhabitant","All providers of health care","Voluntary health insurance schemes","260.32"
"2017","France","Euro per inhabitant","All providers of health care","Voluntary health insurance schemes","257.04"
"2018","France","Euro per inhabitant","All providers of health care","Voluntary health insurance schemes","257.98"
"2003","Croatia","Euro per inhabitant","All providers of health care","Voluntary health insurance schemes",":"
"2004","Croatia","Euro per inhabitant","All providers of health care","Voluntary health insurance schemes",":"
"2005","Croatia","Euro per inhabitant","All providers of health care","Voluntary health insurance schemes",":"
"2006","Croatia","Euro per inhabitant","All providers of health care","Voluntary health insurance schemes",":"
"2007","Croatia","Euro per inhabitant","All providers of health care","Voluntary health insurance schemes",":"
"2008","Croatia","Euro per inhabitant","All providers of health care","Voluntary health insurance schemes",":"
"2009","Croatia","Euro per inhabitant","All providers of health care","Voluntary health insurance schemes",":"
"2010","Croatia","Euro per inhabitant","All providers of health care","Voluntary health insurance schemes",":"
"2011","Croatia","Euro per inhabitant","All providers of health care","Voluntary health insurance schemes",":"
"2012","Croatia","Euro per inhabitant","All providers of health care","Voluntary health insurance schemes",":"
"2013","Croatia","Euro per inhabitant","All providers of health care","Voluntary health insurance schemes","42.30"
"2014","Croatia","Euro per inhabitant","All providers of health care","Voluntary health insurance schemes","39.69"
"2015","Croatia","Euro per inhabitant","All providers of health care","Voluntary health insurance schemes","46.02"
"2016","Croatia","Euro per inhabitant","All providers of health care","Voluntary health insurance schemes","49.45"
"2017","Croatia","Euro per inhabitant","All providers of health care","Voluntary health insurance schemes","52.11"
"2018","Croatia","Euro per inhabitant","All providers of health care","Voluntary health insurance schemes","57.31"
"2003","Italy","Euro per inhabitant","All providers of health care","Voluntary health insurance schemes",":"
"2004","Italy","Euro per inhabitant","All providers of health care","Voluntary health insurance schemes",":"
"2005","Italy","Euro per inhabitant","All providers of health care","Voluntary health insurance schemes",":"
"2006","Italy","Euro per inhabitant","All providers of health care","Voluntary health insurance schemes",":"
"2007","Italy","Euro per inhabitant","All providers of health care","Voluntary health insurance schemes",":"
"2008","Italy","Euro per inhabitant","All providers of health care","Voluntary health insurance schemes",":"
"2009","Italy","Euro per inhabitant","All providers of health care","Voluntary health insurance schemes",":"
"2010","Italy","Euro per inhabitant","All providers of health care","Voluntary health insurance schemes",":"
"2011","Italy","Euro per inhabitant","All providers of health care","Voluntary health insurance schemes",":"
"2012","Italy","Euro per inhabitant","All providers of health care","Voluntary health insurance schemes","38.14"
"2013","Italy","Euro per inhabitant","All providers of health care","Voluntary health insurance schemes","36.18"
"2014","Italy","Euro per inhabitant","All providers of health care","Voluntary health insurance schemes","35.48"
"2015","Italy","Euro per inhabitant","All providers of health care","Voluntary health insurance schemes","37.08"
"2016","Italy","Euro per inhabitant","All providers of health care","Voluntary health insurance schemes","41.17"
"2017","Italy","Euro per inhabitant","All providers of health care","Voluntary health insurance schemes","45.29"
"2018","Italy","Euro per inhabitant","All providers of health care","Voluntary health insurance schemes","48.58"
"2003","Cyprus","Euro per inhabitant","All providers of health care","Voluntary health insurance schemes",":"
"2004","Cyprus","Euro per inhabitant","All providers of health care","Voluntary health insurance schemes",":"
"2005","Cyprus","Euro per inhabitant","All providers of health care","Voluntary health insurance schemes",":"
"2006","Cyprus","Euro per inhabitant","All providers of health care","Voluntary health insurance schemes",":"
"2007","Cyprus","Euro per inhabitant","All providers of health care","Voluntary health insurance schemes",":"
"2008","Cyprus","Euro per inhabitant","All providers of health care","Voluntary health insurance schemes",":"
"2009","Cyprus","Euro per inhabitant","All providers of health care","Voluntary health insurance schemes",":"
"2010","Cyprus","Euro per inhabitant","All providers of health care","Voluntary health insurance schemes","139.63"
"2011","Cyprus","Euro per inhabitant","All providers of health care","Voluntary health insurance schemes","142.88"
"2012","Cyprus","Euro per inhabitant","All providers of health care","Voluntary health insurance schemes","145.96"
"2013","Cyprus","Euro per inhabitant","All providers of health care","Voluntary health insurance schemes","144.98"
"2014","Cyprus","Euro per inhabitant","All providers of health care","Voluntary health insurance schemes","152.24"
"2015","Cyprus","Euro per inhabitant","All providers of health care","Voluntary health insurance schemes","173.65"
"2016","Cyprus","Euro per inhabitant","All providers of health care","Voluntary health insurance schemes","178.28"
"2017","Cyprus","Euro per inhabitant","All providers of health care","Voluntary health insurance schemes","189.31"
"2018","Cyprus","Euro per inhabitant","All providers of health care","Voluntary health insurance schemes","185.81"
"2003","Latvia","Euro per inhabitant","All providers of health care","Voluntary health insurance schemes",":"
"2004","Latvia","Euro per inhabitant","All providers of health care","Voluntary health insurance schemes",":"
"2005","Latvia","Euro per inhabitant","All providers of health care","Voluntary health insurance schemes",":"
"2006","Latvia","Euro per inhabitant","All providers of health care","Voluntary health insurance schemes",":"
"2007","Latvia","Euro per inhabitant","All providers of health care","Voluntary health insurance schemes",":"
"2008","Latvia","Euro per inhabitant","All providers of health care","Voluntary health insurance schemes",":"
"2009","Latvia","Euro per inhabitant","All providers of health care","Voluntary health insurance schemes",":"
"2010","Latvia","Euro per inhabitant","All providers of health care","Voluntary health insurance schemes",":"
"2011","Latvia","Euro per inhabitant","All providers of health care","Voluntary health insurance schemes",":"
"2012","Latvia","Euro per inhabitant","All providers of health care","Voluntary health insurance schemes",":"
"2013","Latvia","Euro per inhabitant","All providers of health care","Voluntary health insurance schemes","8.17"
"2014","Latvia","Euro per inhabitant","All providers of health care","Voluntary health insurance schemes","5.71"
"2015","Latvia","Euro per inhabitant","All providers of health care","Voluntary health insurance schemes","5.69"
"2016","Latvia","Euro per inhabitant","All providers of health care","Voluntary health insurance schemes","5.03"
"2017","Latvia","Euro per inhabitant","All providers of health care","Voluntary health insurance schemes","5.04"
"2018","Latvia","Euro per inhabitant","All providers of health care","Voluntary health insurance schemes",":"
"2003","Lithuania","Euro per inhabitant","All providers of health care","Voluntary health insurance schemes",":"
"2004","Lithuania","Euro per inhabitant","All providers of health care","Voluntary health insurance schemes",":"
"2005","Lithuania","Euro per inhabitant","All providers of health care","Voluntary health insurance schemes",":"
"2006","Lithuania","Euro per inhabitant","All providers of health care","Voluntary health insurance schemes","1.83"
"2007","Lithuania","Euro per inhabitant","All providers of health care","Voluntary health insurance schemes","2.18"
"2008","Lithuania","Euro per inhabitant","All providers of health care","Voluntary health insurance schemes","3.36"
"2009","Lithuania","Euro per inhabitant","All providers of health care","Voluntary health insurance schemes","4.11"
"2010","Lithuania","Euro per inhabitant","All providers of health care","Voluntary health insurance schemes","3.53"
"2011","Lithuania","Euro per inhabitant","All providers of health care","Voluntary health insurance schemes","4.26"
"2012","Lithuania","Euro per inhabitant","All providers of health care","Voluntary health insurance schemes","5.34"
"2013","Lithuania","Euro per inhabitant","All providers of health care","Voluntary health insurance schemes","5.95"
"2014","Lithuania","Euro per inhabitant","All providers of health care","Voluntary health insurance schemes","6.41"
"2015","Lithuania","Euro per inhabitant","All providers of health care","Voluntary health insurance schemes","7.45"
"2016","Lithuania","Euro per inhabitant","All providers of health care","Voluntary health insurance schemes","8.90"
"2017","Lithuania","Euro per inhabitant","All providers of health care","Voluntary health insurance schemes","10.77"
"2018","Lithuania","Euro per inhabitant","All providers of health care","Voluntary health insurance schemes","13.00"
"2003","Luxembourg","Euro per inhabitant","All providers of health care","Voluntary health insurance schemes",":"
"2004","Luxembourg","Euro per inhabitant","All providers of health care","Voluntary health insurance schemes",":"
"2005","Luxembourg","Euro per inhabitant","All providers of health care","Voluntary health insurance schemes",":"
"2006","Luxembourg","Euro per inhabitant","All providers of health care","Voluntary health insurance schemes",":"
"2007","Luxembourg","Euro per inhabitant","All providers of health care","Voluntary health insurance schemes",":"
"2008","Luxembourg","Euro per inhabitant","All providers of health care","Voluntary health insurance schemes",":"
"2009","Luxembourg","Euro per inhabitant","All providers of health care","Voluntary health insurance schemes",":"
"2010","Luxembourg","Euro per inhabitant","All providers of health care","Voluntary health insurance schemes",":"
"2011","Luxembourg","Euro per inhabitant","All providers of health care","Voluntary health insurance schemes","237.54"
"2012","Luxembourg","Euro per inhabitant","All providers of health care","Voluntary health insurance schemes","151.71"
"2013","Luxembourg","Euro per inhabitant","All providers of health care","Voluntary health insurance schemes","158.99"
"2014","Luxembourg","Euro per inhabitant","All providers of health care","Voluntary health insurance schemes","152.94"
"2015","Luxembourg","Euro per inhabitant","All providers of health care","Voluntary health insurance schemes","158.20"
"2016","Luxembourg","Euro per inhabitant","All providers of health care","Voluntary health insurance schemes","166.04"
"2017","Luxembourg","Euro per inhabitant","All providers of health care","Voluntary health insurance schemes","153.60"
"2018","Luxembourg","Euro per inhabitant","All providers of health care","Voluntary health insurance schemes","162.56"
"2003","Hungary","Euro per inhabitant","All providers of health care","Voluntary health insurance schemes",":"
"2004","Hungary","Euro per inhabitant","All providers of health care","Voluntary health insurance schemes",":"
"2005","Hungary","Euro per inhabitant","All providers of health care","Voluntary health insurance schemes",":"
"2006","Hungary","Euro per inhabitant","All providers of health care","Voluntary health insurance schemes","11.30"
"2007","Hungary","Euro per inhabitant","All providers of health care","Voluntary health insurance schemes","15.48"
"2008","Hungary","Euro per inhabitant","All providers of health care","Voluntary health insurance schemes","16.70"
"2009","Hungary","Euro per inhabitant","All providers of health care","Voluntary health insurance schemes","18.98"
"2010","Hungary","Euro per inhabitant","All providers of health care","Voluntary health insurance schemes","20.99"
"2011","Hungary","Euro per inhabitant","All providers of health care","Voluntary health insurance schemes","20.49"
"2012","Hungary","Euro per inhabitant","All providers of health care","Voluntary health insurance schemes","20.57"
"2013","Hungary","Euro per inhabitant","All providers of health care","Voluntary health insurance schemes","20.45"
"2014","Hungary","Euro per inhabitant","All providers of health care","Voluntary health insurance schemes","19.42"
"2015","Hungary","Euro per inhabitant","All providers of health care","Voluntary health insurance schemes","18.43"
"2016","Hungary","Euro per inhabitant","All providers of health care","Voluntary health insurance schemes","18.61"
"2017","Hungary","Euro per inhabitant","All providers of health care","Voluntary health insurance schemes","17.58"
"2018","Hungary","Euro per inhabitant","All providers of health care","Voluntary health insurance schemes","17.41"
"2003","Malta","Euro per inhabitant","All providers of health care","Voluntary health insurance schemes",":"
"2004","Malta","Euro per inhabitant","All providers of health care","Voluntary health insurance schemes",":"
"2005","Malta","Euro per inhabitant","All providers of health care","Voluntary health insurance schemes",":"
"2006","Malta","Euro per inhabitant","All providers of health care","Voluntary health insurance schemes",":"
"2007","Malta","Euro per inhabitant","All providers of health care","Voluntary health insurance schemes",":"
"2008","Malta","Euro per inhabitant","All providers of health care","Voluntary health insurance schemes",":"
"2009","Malta","Euro per inhabitant","All providers of health care","Voluntary health insurance schemes",":"
"2010","Malta","Euro per inhabitant","All providers of health care","Voluntary health insurance schemes",":"
"2011","Malta","Euro per inhabitant","All providers of health care","Voluntary health insurance schemes",":"
"2012","Malta","Euro per inhabitant","All providers of health care","Voluntary health insurance schemes",":"
"2013","Malta","Euro per inhabitant","All providers of health care","Voluntary health insurance schemes",":"
"2014","Malta","Euro per inhabitant","All providers of health care","Voluntary health insurance schemes","35.08"
"2015","Malta","Euro per inhabitant","All providers of health care","Voluntary health insurance schemes","39.13"
"2016","Malta","Euro per inhabitant","All providers of health care","Voluntary health insurance schemes","38.07"
"2017","Malta","Euro per inhabitant","All providers of health care","Voluntary health insurance schemes","41.83"
"2018","Malta","Euro per inhabitant","All providers of health care","Voluntary health insurance schemes",":"
"2003","Netherlands","Euro per inhabitant","All providers of health care","Voluntary health insurance schemes","526.39"
"2004","Netherlands","Euro per inhabitant","All providers of health care","Voluntary health insurance schemes","582.83"
"2005","Netherlands","Euro per inhabitant","All providers of health care","Voluntary health insurance schemes","612.11"
"2006","Netherlands","Euro per inhabitant","All providers of health care","Voluntary health insurance schemes","208.43"
"2007","Netherlands","Euro per inhabitant","All providers of health care","Voluntary health insurance schemes","223.16"
"2008","Netherlands","Euro per inhabitant","All providers of health care","Voluntary health insurance schemes","223.06"
"2009","Netherlands","Euro per inhabitant","All providers of health care","Voluntary health insurance schemes","238.54"
"2010","Netherlands","Euro per inhabitant","All providers of health care","Voluntary health insurance schemes","239.90"
"2011","Netherlands","Euro per inhabitant","All providers of health care","Voluntary health insurance schemes","259.83"
"2012","Netherlands","Euro per inhabitant","All providers of health care","Voluntary health insurance schemes","265.71"
"2013","Netherlands","Euro per inhabitant","All providers of health care","Voluntary health insurance schemes","252.94"
"2014","Netherlands","Euro per inhabitant","All providers of health care","Voluntary health insurance schemes","255.14"
"2015","Netherlands","Euro per inhabitant","All providers of health care","Voluntary health insurance schemes","249.40"
"2016","Netherlands","Euro per inhabitant","All providers of health care","Voluntary health insurance schemes","262.12"
"2017","Netherlands","Euro per inhabitant","All providers of health care","Voluntary health insurance schemes","254.27"
"2018","Netherlands","Euro per inhabitant","All providers of health care","Voluntary health insurance schemes","253.02"
"2003","Austria","Euro per inhabitant","All providers of health care","Voluntary health insurance schemes",":"
"2004","Austria","Euro per inhabitant","All providers of health care","Voluntary health insurance schemes","166.18"
"2005","Austria","Euro per inhabitant","All providers of health care","Voluntary health insurance schemes","156.40"
"2006","Austria","Euro per inhabitant","All providers of health care","Voluntary health insurance schemes","158.01"
"2007","Austria","Euro per inhabitant","All providers of health care","Voluntary health insurance schemes","163.08"
"2008","Austria","Euro per inhabitant","All providers of health care","Voluntary health insurance schemes","170.08"
"2009","Austria","Euro per inhabitant","All providers of health care","Voluntary health insurance schemes","174.51"
"2010","Austria","Euro per inhabitant","All providers of health care","Voluntary health insurance schemes","177.15"
"2011","Austria","Euro per inhabitant","All providers of health care","Voluntary health insurance schemes","182.49"
"2012","Austria","Euro per inhabitant","All providers of health care","Voluntary health insurance schemes","190.56"
"2013","Austria","Euro per inhabitant","All providers of health care","Voluntary health insurance schemes","200.33"
"2014","Austria","Euro per inhabitant","All providers of health care","Voluntary health insurance schemes","207.51"
"2015","Austria","Euro per inhabitant","All providers of health care","Voluntary health insurance schemes","209.76"
"2016","Austria","Euro per inhabitant","All providers of health care","Voluntary health insurance schemes","216.41"
"2017","Austria","Euro per inhabitant","All providers of health care","Voluntary health insurance schemes","222.83"
"2018","Austria","Euro per inhabitant","All providers of health care","Voluntary health insurance schemes","230.81"
"2003","Poland","Euro per inhabitant","All providers of health care","Voluntary health insurance schemes",":"
"2004","Poland","Euro per inhabitant","All providers of health care","Voluntary health insurance schemes",":"
"2005","Poland","Euro per inhabitant","All providers of health care","Voluntary health insurance schemes",":"
"2006","Poland","Euro per inhabitant","All providers of health care","Voluntary health insurance schemes",":"
"2007","Poland","Euro per inhabitant","All providers of health care","Voluntary health insurance schemes",":"
"2008","Poland","Euro per inhabitant","All providers of health care","Voluntary health insurance schemes",":"
"2009","Poland","Euro per inhabitant","All providers of health care","Voluntary health insurance schemes",":"
"2010","Poland","Euro per inhabitant","All providers of health care","Voluntary health insurance schemes",":"
"2011","Poland","Euro per inhabitant","All providers of health care","Voluntary health insurance schemes",":"
"2012","Poland","Euro per inhabitant","All providers of health care","Voluntary health insurance schemes",":"
"2013","Poland","Euro per inhabitant","All providers of health care","Voluntary health insurance schemes","26.54"
"2014","Poland","Euro per inhabitant","All providers of health care","Voluntary health insurance schemes","30.61"
"2015","Poland","Euro per inhabitant","All providers of health care","Voluntary health insurance schemes","36.19"
"2016","Poland","Euro per inhabitant","All providers of health care","Voluntary health insurance schemes","39.48"
"2017","Poland","Euro per inhabitant","All providers of health care","Voluntary health insurance schemes",":"
"2018","Poland","Euro per inhabitant","All providers of health care","Voluntary health insurance schemes",":"
"2003","Portugal","Euro per inhabitant","All providers of health care","Voluntary health insurance schemes","60.93"
"2004","Portugal","Euro per inhabitant","All providers of health care","Voluntary health insurance schemes","68.86"
"2005","Portugal","Euro per inhabitant","All providers of health care","Voluntary health insurance schemes","65.43"
"2006","Portugal","Euro per inhabitant","All providers of health care","Voluntary health insurance schemes","70.67"
"2007","Portugal","Euro per inhabitant","All providers of health care","Voluntary health insurance schemes","72.23"
"2008","Portugal","Euro per inhabitant","All providers of health care","Voluntary health insurance schemes","77.43"
"2009","Portugal","Euro per inhabitant","All providers of health care","Voluntary health insurance schemes","75.22"
"2010","Portugal","Euro per inhabitant","All providers of health care","Voluntary health insurance schemes","79.00"
"2011","Portugal","Euro per inhabitant","All providers of health care","Voluntary health insurance schemes","80.01"
"2012","Portugal","Euro per inhabitant","All providers of health care","Voluntary health insurance schemes","79.10"
"2013","Portugal","Euro per inhabitant","All providers of health care","Voluntary health insurance schemes","77.40"
"2014","Portugal","Euro per inhabitant","All providers of health care","Voluntary health insurance schemes","80.29"
"2015","Portugal","Euro per inhabitant","All providers of health care","Voluntary health insurance schemes","80.95"
"2016","Portugal","Euro per inhabitant","All providers of health care","Voluntary health insurance schemes","81.57"
"2017","Portugal","Euro per inhabitant","All providers of health care","Voluntary health insurance schemes","88.65"
"2018","Portugal","Euro per inhabitant","All providers of health care","Voluntary health insurance schemes",":"
"2003","Romania","Euro per inhabitant","All providers of health care","Voluntary health insurance schemes",":"
"2004","Romania","Euro per inhabitant","All providers of health care","Voluntary health insurance schemes",":"
"2005","Romania","Euro per inhabitant","All providers of health care","Voluntary health insurance schemes",":"
"2006","Romania","Euro per inhabitant","All providers of health care","Voluntary health insurance schemes",":"
"2007","Romania","Euro per inhabitant","All providers of health care","Voluntary health insurance schemes",":"
"2008","Romania","Euro per inhabitant","All providers of health care","Voluntary health insurance schemes",":"
"2009","Romania","Euro per inhabitant","All providers of health care","Voluntary health insurance schemes",":"
"2010","Romania","Euro per inhabitant","All providers of health care","Voluntary health insurance schemes",":"
"2011","Romania","Euro per inhabitant","All providers of health care","Voluntary health insurance schemes","0.47"
"2012","Romania","Euro per inhabitant","All providers of health care","Voluntary health insurance schemes","0.68"
"2013","Romania","Euro per inhabitant","All providers of health care","Voluntary health insurance schemes","0.69"
"2014","Romania","Euro per inhabitant","All providers of health care","Voluntary health insurance schemes","0.89"
"2015","Romania","Euro per inhabitant","All providers of health care","Voluntary health insurance schemes","1.12"
"2016","Romania","Euro per inhabitant","All providers of health care","Voluntary health insurance schemes","2.05"
"2017","Romania","Euro per inhabitant","All providers of health care","Voluntary health insurance schemes","2.69"
"2018","Romania","Euro per inhabitant","All providers of health care","Voluntary health insurance schemes","3.18"
"2003","Slovenia","Euro per inhabitant","All providers of health care","Voluntary health insurance schemes",":"
"2004","Slovenia","Euro per inhabitant","All providers of health care","Voluntary health insurance schemes",":"
"2005","Slovenia","Euro per inhabitant","All providers of health care","Voluntary health insurance schemes",":"
"2006","Slovenia","Euro per inhabitant","All providers of health care","Voluntary health insurance schemes",":"
"2007","Slovenia","Euro per inhabitant","All providers of health care","Voluntary health insurance schemes",":"
"2008","Slovenia","Euro per inhabitant","All providers of health care","Voluntary health insurance schemes",":"
"2009","Slovenia","Euro per inhabitant","All providers of health care","Voluntary health insurance schemes",":"
"2010","Slovenia","Euro per inhabitant","All providers of health care","Voluntary health insurance schemes",":"
"2011","Slovenia","Euro per inhabitant","All providers of health care","Voluntary health insurance schemes",":"
"2012","Slovenia","Euro per inhabitant","All providers of health care","Voluntary health insurance schemes",":"
"2013","Slovenia","Euro per inhabitant","All providers of health care","Voluntary health insurance schemes",":"
"2014","Slovenia","Euro per inhabitant","All providers of health care","Voluntary health insurance schemes","228.69"
"2015","Slovenia","Euro per inhabitant","All providers of health care","Voluntary health insurance schemes","231.59"
"2016","Slovenia","Euro per inhabitant","All providers of health care","Voluntary health insurance schemes","232.66"
"2017","Slovenia","Euro per inhabitant","All providers of health care","Voluntary health insurance schemes","242.78"
"2018","Slovenia","Euro per inhabitant","All providers of health care","Voluntary health insurance schemes",":"
"2003","Slovakia","Euro per inhabitant","All providers of health care","Voluntary health insurance schemes",":"
"2004","Slovakia","Euro per inhabitant","All providers of health care","Voluntary health insurance schemes",":"
"2005","Slovakia","Euro per inhabitant","All providers of health care","Voluntary health insurance schemes",":"
"2006","Slovakia","Euro per inhabitant","All providers of health care","Voluntary health insurance schemes",":"
"2007","Slovakia","Euro per inhabitant","All providers of health care","Voluntary health insurance schemes",":"
"2008","Slovakia","Euro per inhabitant","All providers of health care","Voluntary health insurance schemes",":"
"2009","Slovakia","Euro per inhabitant","All providers of health care","Voluntary health insurance schemes",":"
"2010","Slovakia","Euro per inhabitant","All providers of health care","Voluntary health insurance schemes",":"
"2011","Slovakia","Euro per inhabitant","All providers of health care","Voluntary health insurance schemes",":"
"2012","Slovakia","Euro per inhabitant","All providers of health care","Voluntary health insurance schemes",":"
"2013","Slovakia","Euro per inhabitant","All providers of health care","Voluntary health insurance schemes",":"
"2014","Slovakia","Euro per inhabitant","All providers of health care","Voluntary health insurance schemes",":"
"2015","Slovakia","Euro per inhabitant","All providers of health care","Voluntary health insurance schemes",":"
"2016","Slovakia","Euro per inhabitant","All providers of health care","Voluntary health insurance schemes",":"
"2017","Slovakia","Euro per inhabitant","All providers of health care","Voluntary health insurance schemes",":"
"2018","Slovakia","Euro per inhabitant","All providers of health care","Voluntary health insurance schemes",":"
"2003","Finland","Euro per inhabitant","All providers of health care","Voluntary health insurance schemes","36.48"
"2004","Finland","Euro per inhabitant","All providers of health care","Voluntary health insurance schemes","37.24"
"2005","Finland","Euro per inhabitant","All providers of health care","Voluntary health insurance schemes","37.81"
"2006","Finland","Euro per inhabitant","All providers of health care","Voluntary health insurance schemes","38.26"
"2007","Finland","Euro per inhabitant","All providers of health care","Voluntary health insurance schemes","35.89"
"2008","Finland","Euro per inhabitant","All providers of health care","Voluntary health insurance schemes","42.91"
"2009","Finland","Euro per inhabitant","All providers of health care","Voluntary health insurance schemes","46.22"
"2010","Finland","Euro per inhabitant","All providers of health care","Voluntary health insurance schemes","47.53"
"2011","Finland","Euro per inhabitant","All providers of health care","Voluntary health insurance schemes","52.35"
"2012","Finland","Euro per inhabitant","All providers of health care","Voluntary health insurance schemes","57.59"
"2013","Finland","Euro per inhabitant","All providers of health care","Voluntary health insurance schemes","58.69"
"2014","Finland","Euro per inhabitant","All providers of health care","Voluntary health insurance schemes","62.56"
"2015","Finland","Euro per inhabitant","All providers of health care","Voluntary health insurance schemes","54.38"
"2016","Finland","Euro per inhabitant","All providers of health care","Voluntary health insurance schemes","66.04"
"2017","Finland","Euro per inhabitant","All providers of health care","Voluntary health insurance schemes","69.30"
"2018","Finland","Euro per inhabitant","All providers of health care","Voluntary health insurance schemes",":"
"2003","Sweden","Euro per inhabitant","All providers of health care","Voluntary health insurance schemes",":"
"2004","Sweden","Euro per inhabitant","All providers of health care","Voluntary health insurance schemes",":"
"2005","Sweden","Euro per inhabitant","All providers of health care","Voluntary health insurance schemes",":"
"2006","Sweden","Euro per inhabitant","All providers of health care","Voluntary health insurance schemes",":"
"2007","Sweden","Euro per inhabitant","All providers of health care","Voluntary health insurance schemes",":"
"2008","Sweden","Euro per inhabitant","All providers of health care","Voluntary health insurance schemes",":"
"2009","Sweden","Euro per inhabitant","All providers of health care","Voluntary health insurance schemes",":"
"2010","Sweden","Euro per inhabitant","All providers of health care","Voluntary health insurance schemes",":"
"2011","Sweden","Euro per inhabitant","All providers of health care","Voluntary health insurance schemes","22.01"
"2012","Sweden","Euro per inhabitant","All providers of health care","Voluntary health insurance schemes","24.07"
"2013","Sweden","Euro per inhabitant","All providers of health care","Voluntary health insurance schemes","28.09"
"2014","Sweden","Euro per inhabitant","All providers of health care","Voluntary health insurance schemes","27.59"
"2015","Sweden","Euro per inhabitant","All providers of health care","Voluntary health insurance schemes","29.27"
"2016","Sweden","Euro per inhabitant","All providers of health care","Voluntary health insurance schemes","31.88"
"2017","Sweden","Euro per inhabitant","All providers of health care","Voluntary health insurance schemes","33.51"
"2018","Sweden","Euro per inhabitant","All providers of health care","Voluntary health insurance schemes","32.61"
"2003","United Kingdom","Euro per inhabitant","All providers of health care","Voluntary health insurance schemes",":"
"2004","United Kingdom","Euro per inhabitant","All providers of health care","Voluntary health insurance schemes",":"
"2005","United Kingdom","Euro per inhabitant","All providers of health care","Voluntary health insurance schemes",":"
"2006","United Kingdom","Euro per inhabitant","All providers of health care","Voluntary health insurance schemes",":"
"2007","United Kingdom","Euro per inhabitant","All providers of health care","Voluntary health insurance schemes",":"
"2008","United Kingdom","Euro per inhabitant","All providers of health care","Voluntary health insurance schemes",":"
"2009","United Kingdom","Euro per inhabitant","All providers of health care","Voluntary health insurance schemes",":"
"2010","United Kingdom","Euro per inhabitant","All providers of health care","Voluntary health insurance schemes",":"
"2011","United Kingdom","Euro per inhabitant","All providers of health care","Voluntary health insurance schemes",":"
"2012","United Kingdom","Euro per inhabitant","All providers of health care","Voluntary health insurance schemes",":"
"2013","United Kingdom","Euro per inhabitant","All providers of health care","Voluntary health insurance schemes","112.59"
"2014","United Kingdom","Euro per inhabitant","All providers of health care","Voluntary health insurance schemes","121.67"
"2015","United Kingdom","Euro per inhabitant","All providers of health care","Voluntary health insurance schemes","131.94"
"2016","United Kingdom","Euro per inhabitant","All providers of health care","Voluntary health insurance schemes","102.79"
"2017","United Kingdom","Euro per inhabitant","All providers of health care","Voluntary health insurance schemes","105.12"
"2018","United Kingdom","Euro per inhabitant","All providers of health care","Voluntary health insurance schemes",":"
"2003","Iceland","Euro per inhabitant","All providers of health care","Voluntary health insurance schemes",":"
"2004","Iceland","Euro per inhabitant","All providers of health care","Voluntary health insurance schemes",":"
"2005","Iceland","Euro per inhabitant","All providers of health care","Voluntary health insurance schemes",":"
"2006","Iceland","Euro per inhabitant","All providers of health care","Voluntary health insurance schemes",":"
"2007","Iceland","Euro per inhabitant","All providers of health care","Voluntary health insurance schemes",":"
"2008","Iceland","Euro per inhabitant","All providers of health care","Voluntary health insurance schemes",":"
"2009","Iceland","Euro per inhabitant","All providers of health care","Voluntary health insurance schemes",":"
"2010","Iceland","Euro per inhabitant","All providers of health care","Voluntary health insurance schemes",":"
"2011","Iceland","Euro per inhabitant","All providers of health care","Voluntary health insurance schemes","0.00"
"2012","Iceland","Euro per inhabitant","All providers of health care","Voluntary health insurance schemes","0.00"
"2013","Iceland","Euro per inhabitant","All providers of health care","Voluntary health insurance schemes","0.00"
"2014","Iceland","Euro per inhabitant","All providers of health care","Voluntary health insurance schemes","0.00"
"2015","Iceland","Euro per inhabitant","All providers of health care","Voluntary health insurance schemes","0.00"
"2016","Iceland","Euro per inhabitant","All providers of health care","Voluntary health insurance schemes","0.00"
"2017","Iceland","Euro per inhabitant","All providers of health care","Voluntary health insurance schemes","0.00"
"2018","Iceland","Euro per inhabitant","All providers of health care","Voluntary health insurance schemes","0.00"
"2003","Liechtenstein","Euro per inhabitant","All providers of health care","Voluntary health insurance schemes",":"
"2004","Liechtenstein","Euro per inhabitant","All providers of health care","Voluntary health insurance schemes",":"
"2005","Liechtenstein","Euro per inhabitant","All providers of health care","Voluntary health insurance schemes",":"
"2006","Liechtenstein","Euro per inhabitant","All providers of health care","Voluntary health insurance schemes",":"
"2007","Liechtenstein","Euro per inhabitant","All providers of health care","Voluntary health insurance schemes",":"
"2008","Liechtenstein","Euro per inhabitant","All providers of health care","Voluntary health insurance schemes",":"
"2009","Liechtenstein","Euro per inhabitant","All providers of health care","Voluntary health insurance schemes",":"
"2010","Liechtenstein","Euro per inhabitant","All providers of health care","Voluntary health insurance schemes",":"
"2011","Liechtenstein","Euro per inhabitant","All providers of health care","Voluntary health insurance schemes",":"
"2012","Liechtenstein","Euro per inhabitant","All providers of health care","Voluntary health insurance schemes",":"
"2013","Liechtenstein","Euro per inhabitant","All providers of health care","Voluntary health insurance schemes","994.99"
"2014","Liechtenstein","Euro per inhabitant","All providers of health care","Voluntary health insurance schemes","990.25"
"2015","Liechtenstein","Euro per inhabitant","All providers of health care","Voluntary health insurance schemes","1,113.39"
"2016","Liechtenstein","Euro per inhabitant","All providers of health care","Voluntary health insurance schemes","1,142.99"
"2017","Liechtenstein","Euro per inhabitant","All providers of health care","Voluntary health insurance schemes","1,091.93"
"2018","Liechtenstein","Euro per inhabitant","All providers of health care","Voluntary health insurance schemes",":"
"2003","Norway","Euro per inhabitant","All providers of health care","Voluntary health insurance schemes",":"
"2004","Norway","Euro per inhabitant","All providers of health care","Voluntary health insurance schemes",":"
"2005","Norway","Euro per inhabitant","All providers of health care","Voluntary health insurance schemes",":"
"2006","Norway","Euro per inhabitant","All providers of health care","Voluntary health insurance schemes",":"
"2007","Norway","Euro per inhabitant","All providers of health care","Voluntary health insurance schemes",":"
"2008","Norway","Euro per inhabitant","All providers of health care","Voluntary health insurance schemes",":"
"2009","Norway","Euro per inhabitant","All providers of health care","Voluntary health insurance schemes",":"
"2010","Norway","Euro per inhabitant","All providers of health care","Voluntary health insurance schemes",":"
"2011","Norway","Euro per inhabitant","All providers of health care","Voluntary health insurance schemes",":"
"2012","Norway","Euro per inhabitant","All providers of health care","Voluntary health insurance schemes",":"
"2013","Norway","Euro per inhabitant","All providers of health care","Voluntary health insurance schemes",":"
"2014","Norway","Euro per inhabitant","All providers of health care","Voluntary health insurance schemes",":"
"2015","Norway","Euro per inhabitant","All providers of health care","Voluntary health insurance schemes",":"
"2016","Norway","Euro per inhabitant","All providers of health care","Voluntary health insurance schemes","0.00"
"2017","Norway","Euro per inhabitant","All providers of health care","Voluntary health insurance schemes","0.00"
"2018","Norway","Euro per inhabitant","All providers of health care","Voluntary health insurance schemes","0.00"
"2003","Switzerland","Euro per inhabitant","All providers of health care","Voluntary health insurance schemes",":"
"2004","Switzerland","Euro per inhabitant","All providers of health care","Voluntary health insurance schemes",":"
"2005","Switzerland","Euro per inhabitant","All providers of health care","Voluntary health insurance schemes",":"
"2006","Switzerland","Euro per inhabitant","All providers of health care","Voluntary health insurance schemes",":"
"2007","Switzerland","Euro per inhabitant","All providers of health care","Voluntary health insurance schemes",":"
"2008","Switzerland","Euro per inhabitant","All providers of health care","Voluntary health insurance schemes",":"
"2009","Switzerland","Euro per inhabitant","All providers of health care","Voluntary health insurance schemes",":"
"2010","Switzerland","Euro per inhabitant","All providers of health care","Voluntary health insurance schemes","492.56"
"2011","Switzerland","Euro per inhabitant","All providers of health care","Voluntary health insurance schemes","560.51"
"2012","Switzerland","Euro per inhabitant","All providers of health care","Voluntary health insurance schemes","486.30"
"2013","Switzerland","Euro per inhabitant","All providers of health care","Voluntary health insurance schemes","481.37"
"2014","Switzerland","Euro per inhabitant","All providers of health care","Voluntary health insurance schemes","494.16"
"2015","Switzerland","Euro per inhabitant","All providers of health care","Voluntary health insurance schemes","576.44"
"2016","Switzerland","Euro per inhabitant","All providers of health care","Voluntary health insurance schemes","588.72"
"2017","Switzerland","Euro per inhabitant","All providers of health care","Voluntary health insurance schemes","573.25"
"2018","Switzerland","Euro per inhabitant","All providers of health care","Voluntary health insurance schemes",":"
