"TIME","GEO","UNIT","ICHA11_HP","ICHA11_HF","Value"
"2003","Belgium","Purchasing power standard (PPS) per inhabitant","All providers of health care","Government schemes","253.43"
"2004","Belgium","Purchasing power standard (PPS) per inhabitant","All providers of health care","Government schemes","269.06"
"2005","Belgium","Purchasing power standard (PPS) per inhabitant","All providers of health care","Government schemes","298.91"
"2006","Belgium","Purchasing power standard (PPS) per inhabitant","All providers of health care","Government schemes","302.10"
"2007","Belgium","Purchasing power standard (PPS) per inhabitant","All providers of health care","Government schemes","292.56"
"2008","Belgium","Purchasing power standard (PPS) per inhabitant","All providers of health care","Government schemes","294.83"
"2009","Belgium","Purchasing power standard (PPS) per inhabitant","All providers of health care","Government schemes","310.52"
"2010","Belgium","Purchasing power standard (PPS) per inhabitant","All providers of health care","Government schemes","321.36"
"2011","Belgium","Purchasing power standard (PPS) per inhabitant","All providers of health care","Government schemes","326.83"
"2012","Belgium","Purchasing power standard (PPS) per inhabitant","All providers of health care","Government schemes","352.48"
"2013","Belgium","Purchasing power standard (PPS) per inhabitant","All providers of health care","Government schemes","358.47"
"2014","Belgium","Purchasing power standard (PPS) per inhabitant","All providers of health care","Government schemes","325.60"
"2015","Belgium","Purchasing power standard (PPS) per inhabitant","All providers of health care","Government schemes","647.99"
"2016","Belgium","Purchasing power standard (PPS) per inhabitant","All providers of health care","Government schemes","707.67"
"2017","Belgium","Purchasing power standard (PPS) per inhabitant","All providers of health care","Government schemes","744.68"
"2018","Belgium","Purchasing power standard (PPS) per inhabitant","All providers of health care","Government schemes","747.66"
"2003","Bulgaria","Purchasing power standard (PPS) per inhabitant","All providers of health care","Government schemes",":"
"2004","Bulgaria","Purchasing power standard (PPS) per inhabitant","All providers of health care","Government schemes",":"
"2005","Bulgaria","Purchasing power standard (PPS) per inhabitant","All providers of health care","Government schemes",":"
"2006","Bulgaria","Purchasing power standard (PPS) per inhabitant","All providers of health care","Government schemes",":"
"2007","Bulgaria","Purchasing power standard (PPS) per inhabitant","All providers of health care","Government schemes",":"
"2008","Bulgaria","Purchasing power standard (PPS) per inhabitant","All providers of health care","Government schemes",":"
"2009","Bulgaria","Purchasing power standard (PPS) per inhabitant","All providers of health care","Government schemes",":"
"2010","Bulgaria","Purchasing power standard (PPS) per inhabitant","All providers of health care","Government schemes",":"
"2011","Bulgaria","Purchasing power standard (PPS) per inhabitant","All providers of health care","Government schemes","136.58"
"2012","Bulgaria","Purchasing power standard (PPS) per inhabitant","All providers of health care","Government schemes","106.58"
"2013","Bulgaria","Purchasing power standard (PPS) per inhabitant","All providers of health care","Government schemes","96.62"
"2014","Bulgaria","Purchasing power standard (PPS) per inhabitant","All providers of health care","Government schemes","104.89"
"2015","Bulgaria","Purchasing power standard (PPS) per inhabitant","All providers of health care","Government schemes","113.84"
"2016","Bulgaria","Purchasing power standard (PPS) per inhabitant","All providers of health care","Government schemes","120.95"
"2017","Bulgaria","Purchasing power standard (PPS) per inhabitant","All providers of health care","Government schemes","121.61"
"2018","Bulgaria","Purchasing power standard (PPS) per inhabitant","All providers of health care","Government schemes","131.96"
"2003","Czechia","Purchasing power standard (PPS) per inhabitant","All providers of health care","Government schemes",":"
"2004","Czechia","Purchasing power standard (PPS) per inhabitant","All providers of health care","Government schemes",":"
"2005","Czechia","Purchasing power standard (PPS) per inhabitant","All providers of health care","Government schemes",":"
"2006","Czechia","Purchasing power standard (PPS) per inhabitant","All providers of health care","Government schemes",":"
"2007","Czechia","Purchasing power standard (PPS) per inhabitant","All providers of health care","Government schemes",":"
"2008","Czechia","Purchasing power standard (PPS) per inhabitant","All providers of health care","Government schemes",":"
"2009","Czechia","Purchasing power standard (PPS) per inhabitant","All providers of health care","Government schemes",":"
"2010","Czechia","Purchasing power standard (PPS) per inhabitant","All providers of health care","Government schemes",":"
"2011","Czechia","Purchasing power standard (PPS) per inhabitant","All providers of health care","Government schemes",":"
"2012","Czechia","Purchasing power standard (PPS) per inhabitant","All providers of health care","Government schemes",":"
"2013","Czechia","Purchasing power standard (PPS) per inhabitant","All providers of health care","Government schemes","236.86"
"2014","Czechia","Purchasing power standard (PPS) per inhabitant","All providers of health care","Government schemes","228.60"
"2015","Czechia","Purchasing power standard (PPS) per inhabitant","All providers of health care","Government schemes","238.18"
"2016","Czechia","Purchasing power standard (PPS) per inhabitant","All providers of health care","Government schemes","242.93"
"2017","Czechia","Purchasing power standard (PPS) per inhabitant","All providers of health care","Government schemes","274.00"
"2018","Czechia","Purchasing power standard (PPS) per inhabitant","All providers of health care","Government schemes",":"
"2003","Denmark","Purchasing power standard (PPS) per inhabitant","All providers of health care","Government schemes",":"
"2004","Denmark","Purchasing power standard (PPS) per inhabitant","All providers of health care","Government schemes",":"
"2005","Denmark","Purchasing power standard (PPS) per inhabitant","All providers of health care","Government schemes",":"
"2006","Denmark","Purchasing power standard (PPS) per inhabitant","All providers of health care","Government schemes",":"
"2007","Denmark","Purchasing power standard (PPS) per inhabitant","All providers of health care","Government schemes",":"
"2008","Denmark","Purchasing power standard (PPS) per inhabitant","All providers of health care","Government schemes",":"
"2009","Denmark","Purchasing power standard (PPS) per inhabitant","All providers of health care","Government schemes",":"
"2010","Denmark","Purchasing power standard (PPS) per inhabitant","All providers of health care","Government schemes","2,713.93"
"2011","Denmark","Purchasing power standard (PPS) per inhabitant","All providers of health care","Government schemes","2,701.23"
"2012","Denmark","Purchasing power standard (PPS) per inhabitant","All providers of health care","Government schemes","2,797.52"
"2013","Denmark","Purchasing power standard (PPS) per inhabitant","All providers of health care","Government schemes","2,835.73"
"2014","Denmark","Purchasing power standard (PPS) per inhabitant","All providers of health care","Government schemes","2,911.71"
"2015","Denmark","Purchasing power standard (PPS) per inhabitant","All providers of health care","Government schemes","3,065.80"
"2016","Denmark","Purchasing power standard (PPS) per inhabitant","All providers of health care","Government schemes","3,013.36"
"2017","Denmark","Purchasing power standard (PPS) per inhabitant","All providers of health care","Government schemes","3,096.12"
"2018","Denmark","Purchasing power standard (PPS) per inhabitant","All providers of health care","Government schemes","3,191.51"
"2003","Germany (until 1990 former territory of the FRG)","Purchasing power standard (PPS) per inhabitant","All providers of health care","Government schemes","206.20"
"2004","Germany (until 1990 former territory of the FRG)","Purchasing power standard (PPS) per inhabitant","All providers of health care","Government schemes","208.90"
"2005","Germany (until 1990 former territory of the FRG)","Purchasing power standard (PPS) per inhabitant","All providers of health care","Government schemes","208.79"
"2006","Germany (until 1990 former territory of the FRG)","Purchasing power standard (PPS) per inhabitant","All providers of health care","Government schemes","209.74"
"2007","Germany (until 1990 former territory of the FRG)","Purchasing power standard (PPS) per inhabitant","All providers of health care","Government schemes","216.57"
"2008","Germany (until 1990 former territory of the FRG)","Purchasing power standard (PPS) per inhabitant","All providers of health care","Government schemes","216.98"
"2009","Germany (until 1990 former territory of the FRG)","Purchasing power standard (PPS) per inhabitant","All providers of health care","Government schemes","218.83"
"2010","Germany (until 1990 former territory of the FRG)","Purchasing power standard (PPS) per inhabitant","All providers of health care","Government schemes","228.34"
"2011","Germany (until 1990 former territory of the FRG)","Purchasing power standard (PPS) per inhabitant","All providers of health care","Government schemes","238.45"
"2012","Germany (until 1990 former territory of the FRG)","Purchasing power standard (PPS) per inhabitant","All providers of health care","Government schemes","245.93"
"2013","Germany (until 1990 former territory of the FRG)","Purchasing power standard (PPS) per inhabitant","All providers of health care","Government schemes","250.55"
"2014","Germany (until 1990 former territory of the FRG)","Purchasing power standard (PPS) per inhabitant","All providers of health care","Government schemes","262.44"
"2015","Germany (until 1990 former territory of the FRG)","Purchasing power standard (PPS) per inhabitant","All providers of health care","Government schemes","275.17"
"2016","Germany (until 1990 former territory of the FRG)","Purchasing power standard (PPS) per inhabitant","All providers of health care","Government schemes","283.84"
"2017","Germany (until 1990 former territory of the FRG)","Purchasing power standard (PPS) per inhabitant","All providers of health care","Government schemes","271.23"
"2018","Germany (until 1990 former territory of the FRG)","Purchasing power standard (PPS) per inhabitant","All providers of health care","Government schemes",":"
"2003","Estonia","Purchasing power standard (PPS) per inhabitant","All providers of health care","Government schemes","55.14"
"2004","Estonia","Purchasing power standard (PPS) per inhabitant","All providers of health care","Government schemes","63.38"
"2005","Estonia","Purchasing power standard (PPS) per inhabitant","All providers of health care","Government schemes","73.66"
"2006","Estonia","Purchasing power standard (PPS) per inhabitant","All providers of health care","Government schemes","87.70"
"2007","Estonia","Purchasing power standard (PPS) per inhabitant","All providers of health care","Government schemes","102.00"
"2008","Estonia","Purchasing power standard (PPS) per inhabitant","All providers of health care","Government schemes","112.63"
"2009","Estonia","Purchasing power standard (PPS) per inhabitant","All providers of health care","Government schemes","109.35"
"2010","Estonia","Purchasing power standard (PPS) per inhabitant","All providers of health care","Government schemes","115.73"
"2011","Estonia","Purchasing power standard (PPS) per inhabitant","All providers of health care","Government schemes","119.64"
"2012","Estonia","Purchasing power standard (PPS) per inhabitant","All providers of health care","Government schemes","126.68"
"2013","Estonia","Purchasing power standard (PPS) per inhabitant","All providers of health care","Government schemes","135.00"
"2014","Estonia","Purchasing power standard (PPS) per inhabitant","All providers of health care","Government schemes","137.18"
"2015","Estonia","Purchasing power standard (PPS) per inhabitant","All providers of health care","Government schemes","157.07"
"2016","Estonia","Purchasing power standard (PPS) per inhabitant","All providers of health care","Government schemes","161.10"
"2017","Estonia","Purchasing power standard (PPS) per inhabitant","All providers of health care","Government schemes","161.71"
"2018","Estonia","Purchasing power standard (PPS) per inhabitant","All providers of health care","Government schemes",":"
"2003","Ireland","Purchasing power standard (PPS) per inhabitant","All providers of health care","Government schemes",":"
"2004","Ireland","Purchasing power standard (PPS) per inhabitant","All providers of health care","Government schemes",":"
"2005","Ireland","Purchasing power standard (PPS) per inhabitant","All providers of health care","Government schemes",":"
"2006","Ireland","Purchasing power standard (PPS) per inhabitant","All providers of health care","Government schemes",":"
"2007","Ireland","Purchasing power standard (PPS) per inhabitant","All providers of health care","Government schemes",":"
"2008","Ireland","Purchasing power standard (PPS) per inhabitant","All providers of health care","Government schemes",":"
"2009","Ireland","Purchasing power standard (PPS) per inhabitant","All providers of health care","Government schemes",":"
"2010","Ireland","Purchasing power standard (PPS) per inhabitant","All providers of health care","Government schemes",":"
"2011","Ireland","Purchasing power standard (PPS) per inhabitant","All providers of health care","Government schemes","2,347.85"
"2012","Ireland","Purchasing power standard (PPS) per inhabitant","All providers of health care","Government schemes","2,423.77"
"2013","Ireland","Purchasing power standard (PPS) per inhabitant","All providers of health care","Government schemes","2,302.64"
"2014","Ireland","Purchasing power standard (PPS) per inhabitant","All providers of health care","Government schemes","2,290.94"
"2015","Ireland","Purchasing power standard (PPS) per inhabitant","All providers of health care","Government schemes","2,401.15"
"2016","Ireland","Purchasing power standard (PPS) per inhabitant","All providers of health care","Government schemes","2,421.17"
"2017","Ireland","Purchasing power standard (PPS) per inhabitant","All providers of health care","Government schemes","2,478.29"
"2018","Ireland","Purchasing power standard (PPS) per inhabitant","All providers of health care","Government schemes","2,586.77"
"2003","Greece","Purchasing power standard (PPS) per inhabitant","All providers of health care","Government schemes",":"
"2004","Greece","Purchasing power standard (PPS) per inhabitant","All providers of health care","Government schemes",":"
"2005","Greece","Purchasing power standard (PPS) per inhabitant","All providers of health care","Government schemes",":"
"2006","Greece","Purchasing power standard (PPS) per inhabitant","All providers of health care","Government schemes",":"
"2007","Greece","Purchasing power standard (PPS) per inhabitant","All providers of health care","Government schemes",":"
"2008","Greece","Purchasing power standard (PPS) per inhabitant","All providers of health care","Government schemes",":"
"2009","Greece","Purchasing power standard (PPS) per inhabitant","All providers of health care","Government schemes","587.85"
"2010","Greece","Purchasing power standard (PPS) per inhabitant","All providers of health care","Government schemes","610.10"
"2011","Greece","Purchasing power standard (PPS) per inhabitant","All providers of health care","Government schemes","398.83"
"2012","Greece","Purchasing power standard (PPS) per inhabitant","All providers of health care","Government schemes","500.70"
"2013","Greece","Purchasing power standard (PPS) per inhabitant","All providers of health care","Government schemes","481.92"
"2014","Greece","Purchasing power standard (PPS) per inhabitant","All providers of health care","Government schemes","461.59"
"2015","Greece","Purchasing power standard (PPS) per inhabitant","All providers of health care","Government schemes","466.45"
"2016","Greece","Purchasing power standard (PPS) per inhabitant","All providers of health care","Government schemes","511.28"
"2017","Greece","Purchasing power standard (PPS) per inhabitant","All providers of health care","Government schemes","448.37"
"2018","Greece","Purchasing power standard (PPS) per inhabitant","All providers of health care","Government schemes","447.44"
"2003","Spain","Purchasing power standard (PPS) per inhabitant","All providers of health care","Government schemes","1,086.13"
"2004","Spain","Purchasing power standard (PPS) per inhabitant","All providers of health care","Government schemes","1,142.96"
"2005","Spain","Purchasing power standard (PPS) per inhabitant","All providers of health care","Government schemes","1,228.83"
"2006","Spain","Purchasing power standard (PPS) per inhabitant","All providers of health care","Government schemes","1,335.06"
"2007","Spain","Purchasing power standard (PPS) per inhabitant","All providers of health care","Government schemes","1,391.71"
"2008","Spain","Purchasing power standard (PPS) per inhabitant","All providers of health care","Government schemes","1,471.76"
"2009","Spain","Purchasing power standard (PPS) per inhabitant","All providers of health care","Government schemes","1,528.47"
"2010","Spain","Purchasing power standard (PPS) per inhabitant","All providers of health care","Government schemes","1,495.85"
"2011","Spain","Purchasing power standard (PPS) per inhabitant","All providers of health care","Government schemes","1,469.01"
"2012","Spain","Purchasing power standard (PPS) per inhabitant","All providers of health care","Government schemes","1,429.57"
"2013","Spain","Purchasing power standard (PPS) per inhabitant","All providers of health care","Government schemes","1,390.63"
"2014","Spain","Purchasing power standard (PPS) per inhabitant","All providers of health care","Government schemes","1,435.04"
"2015","Spain","Purchasing power standard (PPS) per inhabitant","All providers of health care","Government schemes","1,576.64"
"2016","Spain","Purchasing power standard (PPS) per inhabitant","All providers of health care","Government schemes","1,556.67"
"2017","Spain","Purchasing power standard (PPS) per inhabitant","All providers of health care","Government schemes","1,576.27"
"2018","Spain","Purchasing power standard (PPS) per inhabitant","All providers of health care","Government schemes",":"
"2003","France","Purchasing power standard (PPS) per inhabitant","All providers of health care","Government schemes",":"
"2004","France","Purchasing power standard (PPS) per inhabitant","All providers of health care","Government schemes",":"
"2005","France","Purchasing power standard (PPS) per inhabitant","All providers of health care","Government schemes",":"
"2006","France","Purchasing power standard (PPS) per inhabitant","All providers of health care","Government schemes","119.46"
"2007","France","Purchasing power standard (PPS) per inhabitant","All providers of health care","Government schemes","129.15"
"2008","France","Purchasing power standard (PPS) per inhabitant","All providers of health care","Government schemes","136.03"
"2009","France","Purchasing power standard (PPS) per inhabitant","All providers of health care","Government schemes","150.94"
"2010","France","Purchasing power standard (PPS) per inhabitant","All providers of health care","Government schemes","154.81"
"2011","France","Purchasing power standard (PPS) per inhabitant","All providers of health care","Government schemes","157.46"
"2012","France","Purchasing power standard (PPS) per inhabitant","All providers of health care","Government schemes","165.80"
"2013","France","Purchasing power standard (PPS) per inhabitant","All providers of health care","Government schemes","174.26"
"2014","France","Purchasing power standard (PPS) per inhabitant","All providers of health care","Government schemes","181.24"
"2015","France","Purchasing power standard (PPS) per inhabitant","All providers of health care","Government schemes","186.36"
"2016","France","Purchasing power standard (PPS) per inhabitant","All providers of health care","Government schemes","187.28"
"2017","France","Purchasing power standard (PPS) per inhabitant","All providers of health care","Government schemes","193.01"
"2018","France","Purchasing power standard (PPS) per inhabitant","All providers of health care","Government schemes","199.84"
"2003","Croatia","Purchasing power standard (PPS) per inhabitant","All providers of health care","Government schemes",":"
"2004","Croatia","Purchasing power standard (PPS) per inhabitant","All providers of health care","Government schemes",":"
"2005","Croatia","Purchasing power standard (PPS) per inhabitant","All providers of health care","Government schemes",":"
"2006","Croatia","Purchasing power standard (PPS) per inhabitant","All providers of health care","Government schemes",":"
"2007","Croatia","Purchasing power standard (PPS) per inhabitant","All providers of health care","Government schemes",":"
"2008","Croatia","Purchasing power standard (PPS) per inhabitant","All providers of health care","Government schemes",":"
"2009","Croatia","Purchasing power standard (PPS) per inhabitant","All providers of health care","Government schemes",":"
"2010","Croatia","Purchasing power standard (PPS) per inhabitant","All providers of health care","Government schemes",":"
"2011","Croatia","Purchasing power standard (PPS) per inhabitant","All providers of health care","Government schemes",":"
"2012","Croatia","Purchasing power standard (PPS) per inhabitant","All providers of health care","Government schemes",":"
"2013","Croatia","Purchasing power standard (PPS) per inhabitant","All providers of health care","Government schemes","28.19"
"2014","Croatia","Purchasing power standard (PPS) per inhabitant","All providers of health care","Government schemes","32.53"
"2015","Croatia","Purchasing power standard (PPS) per inhabitant","All providers of health care","Government schemes","34.08"
"2016","Croatia","Purchasing power standard (PPS) per inhabitant","All providers of health care","Government schemes","29.89"
"2017","Croatia","Purchasing power standard (PPS) per inhabitant","All providers of health care","Government schemes","84.75"
"2018","Croatia","Purchasing power standard (PPS) per inhabitant","All providers of health care","Government schemes","55.82"
"2003","Italy","Purchasing power standard (PPS) per inhabitant","All providers of health care","Government schemes",":"
"2004","Italy","Purchasing power standard (PPS) per inhabitant","All providers of health care","Government schemes",":"
"2005","Italy","Purchasing power standard (PPS) per inhabitant","All providers of health care","Government schemes",":"
"2006","Italy","Purchasing power standard (PPS) per inhabitant","All providers of health care","Government schemes",":"
"2007","Italy","Purchasing power standard (PPS) per inhabitant","All providers of health care","Government schemes",":"
"2008","Italy","Purchasing power standard (PPS) per inhabitant","All providers of health care","Government schemes",":"
"2009","Italy","Purchasing power standard (PPS) per inhabitant","All providers of health care","Government schemes",":"
"2010","Italy","Purchasing power standard (PPS) per inhabitant","All providers of health care","Government schemes",":"
"2011","Italy","Purchasing power standard (PPS) per inhabitant","All providers of health care","Government schemes",":"
"2012","Italy","Purchasing power standard (PPS) per inhabitant","All providers of health care","Government schemes","1,793.78"
"2013","Italy","Purchasing power standard (PPS) per inhabitant","All providers of health care","Government schemes","1,735.63"
"2014","Italy","Purchasing power standard (PPS) per inhabitant","All providers of health care","Government schemes","1,740.73"
"2015","Italy","Purchasing power standard (PPS) per inhabitant","All providers of health care","Government schemes","1,786.12"
"2016","Italy","Purchasing power standard (PPS) per inhabitant","All providers of health care","Government schemes","1,794.84"
"2017","Italy","Purchasing power standard (PPS) per inhabitant","All providers of health care","Government schemes","1,804.14"
"2018","Italy","Purchasing power standard (PPS) per inhabitant","All providers of health care","Government schemes","1,846.75"
"2003","Cyprus","Purchasing power standard (PPS) per inhabitant","All providers of health care","Government schemes",":"
"2004","Cyprus","Purchasing power standard (PPS) per inhabitant","All providers of health care","Government schemes",":"
"2005","Cyprus","Purchasing power standard (PPS) per inhabitant","All providers of health care","Government schemes",":"
"2006","Cyprus","Purchasing power standard (PPS) per inhabitant","All providers of health care","Government schemes",":"
"2007","Cyprus","Purchasing power standard (PPS) per inhabitant","All providers of health care","Government schemes",":"
"2008","Cyprus","Purchasing power standard (PPS) per inhabitant","All providers of health care","Government schemes",":"
"2009","Cyprus","Purchasing power standard (PPS) per inhabitant","All providers of health care","Government schemes",":"
"2010","Cyprus","Purchasing power standard (PPS) per inhabitant","All providers of health care","Government schemes","733.18"
"2011","Cyprus","Purchasing power standard (PPS) per inhabitant","All providers of health care","Government schemes","738.42"
"2012","Cyprus","Purchasing power standard (PPS) per inhabitant","All providers of health care","Government schemes","701.17"
"2013","Cyprus","Purchasing power standard (PPS) per inhabitant","All providers of health care","Government schemes","692.20"
"2014","Cyprus","Purchasing power standard (PPS) per inhabitant","All providers of health care","Government schemes","655.89"
"2015","Cyprus","Purchasing power standard (PPS) per inhabitant","All providers of health care","Government schemes","679.36"
"2016","Cyprus","Purchasing power standard (PPS) per inhabitant","All providers of health care","Government schemes","702.30"
"2017","Cyprus","Purchasing power standard (PPS) per inhabitant","All providers of health care","Government schemes","719.75"
"2018","Cyprus","Purchasing power standard (PPS) per inhabitant","All providers of health care","Government schemes","788.43"
"2003","Latvia","Purchasing power standard (PPS) per inhabitant","All providers of health care","Government schemes",":"
"2004","Latvia","Purchasing power standard (PPS) per inhabitant","All providers of health care","Government schemes",":"
"2005","Latvia","Purchasing power standard (PPS) per inhabitant","All providers of health care","Government schemes",":"
"2006","Latvia","Purchasing power standard (PPS) per inhabitant","All providers of health care","Government schemes",":"
"2007","Latvia","Purchasing power standard (PPS) per inhabitant","All providers of health care","Government schemes",":"
"2008","Latvia","Purchasing power standard (PPS) per inhabitant","All providers of health care","Government schemes",":"
"2009","Latvia","Purchasing power standard (PPS) per inhabitant","All providers of health care","Government schemes",":"
"2010","Latvia","Purchasing power standard (PPS) per inhabitant","All providers of health care","Government schemes",":"
"2011","Latvia","Purchasing power standard (PPS) per inhabitant","All providers of health care","Government schemes",":"
"2012","Latvia","Purchasing power standard (PPS) per inhabitant","All providers of health care","Government schemes",":"
"2013","Latvia","Purchasing power standard (PPS) per inhabitant","All providers of health care","Government schemes","557.29"
"2014","Latvia","Purchasing power standard (PPS) per inhabitant","All providers of health care","Government schemes","585.11"
"2015","Latvia","Purchasing power standard (PPS) per inhabitant","All providers of health care","Government schemes","641.77"
"2016","Latvia","Purchasing power standard (PPS) per inhabitant","All providers of health care","Government schemes","663.44"
"2017","Latvia","Purchasing power standard (PPS) per inhabitant","All providers of health care","Government schemes","695.25"
"2018","Latvia","Purchasing power standard (PPS) per inhabitant","All providers of health care","Government schemes",":"
"2003","Lithuania","Purchasing power standard (PPS) per inhabitant","All providers of health care","Government schemes",":"
"2004","Lithuania","Purchasing power standard (PPS) per inhabitant","All providers of health care","Government schemes",":"
"2005","Lithuania","Purchasing power standard (PPS) per inhabitant","All providers of health care","Government schemes",":"
"2006","Lithuania","Purchasing power standard (PPS) per inhabitant","All providers of health care","Government schemes","50.57"
"2007","Lithuania","Purchasing power standard (PPS) per inhabitant","All providers of health care","Government schemes","82.92"
"2008","Lithuania","Purchasing power standard (PPS) per inhabitant","All providers of health care","Government schemes","111.79"
"2009","Lithuania","Purchasing power standard (PPS) per inhabitant","All providers of health care","Government schemes","111.94"
"2010","Lithuania","Purchasing power standard (PPS) per inhabitant","All providers of health care","Government schemes","110.39"
"2011","Lithuania","Purchasing power standard (PPS) per inhabitant","All providers of health care","Government schemes","111.35"
"2012","Lithuania","Purchasing power standard (PPS) per inhabitant","All providers of health care","Government schemes","111.24"
"2013","Lithuania","Purchasing power standard (PPS) per inhabitant","All providers of health care","Government schemes","110.56"
"2014","Lithuania","Purchasing power standard (PPS) per inhabitant","All providers of health care","Government schemes","137.18"
"2015","Lithuania","Purchasing power standard (PPS) per inhabitant","All providers of health care","Government schemes","148.89"
"2016","Lithuania","Purchasing power standard (PPS) per inhabitant","All providers of health care","Government schemes","147.21"
"2017","Lithuania","Purchasing power standard (PPS) per inhabitant","All providers of health care","Government schemes","144.81"
"2018","Lithuania","Purchasing power standard (PPS) per inhabitant","All providers of health care","Government schemes","144.93"
"2003","Luxembourg","Purchasing power standard (PPS) per inhabitant","All providers of health care","Government schemes",":"
"2004","Luxembourg","Purchasing power standard (PPS) per inhabitant","All providers of health care","Government schemes",":"
"2005","Luxembourg","Purchasing power standard (PPS) per inhabitant","All providers of health care","Government schemes",":"
"2006","Luxembourg","Purchasing power standard (PPS) per inhabitant","All providers of health care","Government schemes",":"
"2007","Luxembourg","Purchasing power standard (PPS) per inhabitant","All providers of health care","Government schemes",":"
"2008","Luxembourg","Purchasing power standard (PPS) per inhabitant","All providers of health care","Government schemes",":"
"2009","Luxembourg","Purchasing power standard (PPS) per inhabitant","All providers of health care","Government schemes",":"
"2010","Luxembourg","Purchasing power standard (PPS) per inhabitant","All providers of health care","Government schemes",":"
"2011","Luxembourg","Purchasing power standard (PPS) per inhabitant","All providers of health care","Government schemes","251.55"
"2012","Luxembourg","Purchasing power standard (PPS) per inhabitant","All providers of health care","Government schemes","130.58"
"2013","Luxembourg","Purchasing power standard (PPS) per inhabitant","All providers of health care","Government schemes","134.17"
"2014","Luxembourg","Purchasing power standard (PPS) per inhabitant","All providers of health care","Government schemes","158.51"
"2015","Luxembourg","Purchasing power standard (PPS) per inhabitant","All providers of health care","Government schemes","165.95"
"2016","Luxembourg","Purchasing power standard (PPS) per inhabitant","All providers of health care","Government schemes","169.97"
"2017","Luxembourg","Purchasing power standard (PPS) per inhabitant","All providers of health care","Government schemes","171.58"
"2018","Luxembourg","Purchasing power standard (PPS) per inhabitant","All providers of health care","Government schemes","163.38"
"2003","Hungary","Purchasing power standard (PPS) per inhabitant","All providers of health care","Government schemes",":"
"2004","Hungary","Purchasing power standard (PPS) per inhabitant","All providers of health care","Government schemes",":"
"2005","Hungary","Purchasing power standard (PPS) per inhabitant","All providers of health care","Government schemes",":"
"2006","Hungary","Purchasing power standard (PPS) per inhabitant","All providers of health care","Government schemes","103.85"
"2007","Hungary","Purchasing power standard (PPS) per inhabitant","All providers of health care","Government schemes","116.06"
"2008","Hungary","Purchasing power standard (PPS) per inhabitant","All providers of health care","Government schemes","115.65"
"2009","Hungary","Purchasing power standard (PPS) per inhabitant","All providers of health care","Government schemes","111.19"
"2010","Hungary","Purchasing power standard (PPS) per inhabitant","All providers of health care","Government schemes","105.78"
"2011","Hungary","Purchasing power standard (PPS) per inhabitant","All providers of health care","Government schemes","109.40"
"2012","Hungary","Purchasing power standard (PPS) per inhabitant","All providers of health care","Government schemes","117.84"
"2013","Hungary","Purchasing power standard (PPS) per inhabitant","All providers of health care","Government schemes","121.89"
"2014","Hungary","Purchasing power standard (PPS) per inhabitant","All providers of health care","Government schemes","137.19"
"2015","Hungary","Purchasing power standard (PPS) per inhabitant","All providers of health care","Government schemes","168.44"
"2016","Hungary","Purchasing power standard (PPS) per inhabitant","All providers of health care","Government schemes","125.54"
"2017","Hungary","Purchasing power standard (PPS) per inhabitant","All providers of health care","Government schemes","120.18"
"2018","Hungary","Purchasing power standard (PPS) per inhabitant","All providers of health care","Government schemes","132.27"
"2003","Malta","Purchasing power standard (PPS) per inhabitant","All providers of health care","Government schemes",":"
"2004","Malta","Purchasing power standard (PPS) per inhabitant","All providers of health care","Government schemes",":"
"2005","Malta","Purchasing power standard (PPS) per inhabitant","All providers of health care","Government schemes",":"
"2006","Malta","Purchasing power standard (PPS) per inhabitant","All providers of health care","Government schemes",":"
"2007","Malta","Purchasing power standard (PPS) per inhabitant","All providers of health care","Government schemes",":"
"2008","Malta","Purchasing power standard (PPS) per inhabitant","All providers of health care","Government schemes",":"
"2009","Malta","Purchasing power standard (PPS) per inhabitant","All providers of health care","Government schemes",":"
"2010","Malta","Purchasing power standard (PPS) per inhabitant","All providers of health care","Government schemes",":"
"2011","Malta","Purchasing power standard (PPS) per inhabitant","All providers of health care","Government schemes",":"
"2012","Malta","Purchasing power standard (PPS) per inhabitant","All providers of health care","Government schemes",":"
"2013","Malta","Purchasing power standard (PPS) per inhabitant","All providers of health care","Government schemes",":"
"2014","Malta","Purchasing power standard (PPS) per inhabitant","All providers of health care","Government schemes","1,392.99"
"2015","Malta","Purchasing power standard (PPS) per inhabitant","All providers of health care","Government schemes","1,517.13"
"2016","Malta","Purchasing power standard (PPS) per inhabitant","All providers of health care","Government schemes","1,607.11"
"2017","Malta","Purchasing power standard (PPS) per inhabitant","All providers of health care","Government schemes","1,737.70"
"2018","Malta","Purchasing power standard (PPS) per inhabitant","All providers of health care","Government schemes",":"
"2003","Netherlands","Purchasing power standard (PPS) per inhabitant","All providers of health care","Government schemes","128.36"
"2004","Netherlands","Purchasing power standard (PPS) per inhabitant","All providers of health care","Government schemes","129.84"
"2005","Netherlands","Purchasing power standard (PPS) per inhabitant","All providers of health care","Government schemes","149.24"
"2006","Netherlands","Purchasing power standard (PPS) per inhabitant","All providers of health care","Government schemes","164.25"
"2007","Netherlands","Purchasing power standard (PPS) per inhabitant","All providers of health care","Government schemes","183.79"
"2008","Netherlands","Purchasing power standard (PPS) per inhabitant","All providers of health care","Government schemes","184.92"
"2009","Netherlands","Purchasing power standard (PPS) per inhabitant","All providers of health care","Government schemes","186.58"
"2010","Netherlands","Purchasing power standard (PPS) per inhabitant","All providers of health care","Government schemes","178.83"
"2011","Netherlands","Purchasing power standard (PPS) per inhabitant","All providers of health care","Government schemes","179.56"
"2012","Netherlands","Purchasing power standard (PPS) per inhabitant","All providers of health care","Government schemes","186.81"
"2013","Netherlands","Purchasing power standard (PPS) per inhabitant","All providers of health care","Government schemes","185.12"
"2014","Netherlands","Purchasing power standard (PPS) per inhabitant","All providers of health care","Government schemes","188.98"
"2015","Netherlands","Purchasing power standard (PPS) per inhabitant","All providers of health care","Government schemes","239.18"
"2016","Netherlands","Purchasing power standard (PPS) per inhabitant","All providers of health care","Government schemes","237.39"
"2017","Netherlands","Purchasing power standard (PPS) per inhabitant","All providers of health care","Government schemes","235.37"
"2018","Netherlands","Purchasing power standard (PPS) per inhabitant","All providers of health care","Government schemes","250.59"
"2003","Austria","Purchasing power standard (PPS) per inhabitant","All providers of health care","Government schemes",":"
"2004","Austria","Purchasing power standard (PPS) per inhabitant","All providers of health care","Government schemes","779.95"
"2005","Austria","Purchasing power standard (PPS) per inhabitant","All providers of health care","Government schemes","830.23"
"2006","Austria","Purchasing power standard (PPS) per inhabitant","All providers of health care","Government schemes","883.16"
"2007","Austria","Purchasing power standard (PPS) per inhabitant","All providers of health care","Government schemes","912.56"
"2008","Austria","Purchasing power standard (PPS) per inhabitant","All providers of health care","Government schemes","963.81"
"2009","Austria","Purchasing power standard (PPS) per inhabitant","All providers of health care","Government schemes","985.41"
"2010","Austria","Purchasing power standard (PPS) per inhabitant","All providers of health care","Government schemes","1,027.33"
"2011","Austria","Purchasing power standard (PPS) per inhabitant","All providers of health care","Government schemes","1,039.48"
"2012","Austria","Purchasing power standard (PPS) per inhabitant","All providers of health care","Government schemes","1,102.76"
"2013","Austria","Purchasing power standard (PPS) per inhabitant","All providers of health care","Government schemes","1,096.27"
"2014","Austria","Purchasing power standard (PPS) per inhabitant","All providers of health care","Government schemes","1,118.85"
"2015","Austria","Purchasing power standard (PPS) per inhabitant","All providers of health care","Government schemes","1,156.21"
"2016","Austria","Purchasing power standard (PPS) per inhabitant","All providers of health care","Government schemes","1,147.98"
"2017","Austria","Purchasing power standard (PPS) per inhabitant","All providers of health care","Government schemes","1,150.89"
"2018","Austria","Purchasing power standard (PPS) per inhabitant","All providers of health care","Government schemes","1,203.48"
"2003","Poland","Purchasing power standard (PPS) per inhabitant","All providers of health care","Government schemes",":"
"2004","Poland","Purchasing power standard (PPS) per inhabitant","All providers of health care","Government schemes",":"
"2005","Poland","Purchasing power standard (PPS) per inhabitant","All providers of health care","Government schemes",":"
"2006","Poland","Purchasing power standard (PPS) per inhabitant","All providers of health care","Government schemes",":"
"2007","Poland","Purchasing power standard (PPS) per inhabitant","All providers of health care","Government schemes",":"
"2008","Poland","Purchasing power standard (PPS) per inhabitant","All providers of health care","Government schemes",":"
"2009","Poland","Purchasing power standard (PPS) per inhabitant","All providers of health care","Government schemes",":"
"2010","Poland","Purchasing power standard (PPS) per inhabitant","All providers of health care","Government schemes",":"
"2011","Poland","Purchasing power standard (PPS) per inhabitant","All providers of health care","Government schemes",":"
"2012","Poland","Purchasing power standard (PPS) per inhabitant","All providers of health care","Government schemes",":"
"2013","Poland","Purchasing power standard (PPS) per inhabitant","All providers of health care","Government schemes","125.80"
"2014","Poland","Purchasing power standard (PPS) per inhabitant","All providers of health care","Government schemes","119.84"
"2015","Poland","Purchasing power standard (PPS) per inhabitant","All providers of health care","Government schemes","129.58"
"2016","Poland","Purchasing power standard (PPS) per inhabitant","All providers of health care","Government schemes","144.37"
"2017","Poland","Purchasing power standard (PPS) per inhabitant","All providers of health care","Government schemes",":"
"2018","Poland","Purchasing power standard (PPS) per inhabitant","All providers of health care","Government schemes",":"
"2003","Portugal","Purchasing power standard (PPS) per inhabitant","All providers of health care","Government schemes","1,071.42"
"2004","Portugal","Purchasing power standard (PPS) per inhabitant","All providers of health care","Government schemes","1,157.70"
"2005","Portugal","Purchasing power standard (PPS) per inhabitant","All providers of health care","Government schemes","1,253.68"
"2006","Portugal","Purchasing power standard (PPS) per inhabitant","All providers of health care","Government schemes","1,238.74"
"2007","Portugal","Purchasing power standard (PPS) per inhabitant","All providers of health care","Government schemes","1,265.09"
"2008","Portugal","Purchasing power standard (PPS) per inhabitant","All providers of health care","Government schemes","1,287.52"
"2009","Portugal","Purchasing power standard (PPS) per inhabitant","All providers of health care","Government schemes","1,326.04"
"2010","Portugal","Purchasing power standard (PPS) per inhabitant","All providers of health care","Government schemes","1,352.82"
"2011","Portugal","Purchasing power standard (PPS) per inhabitant","All providers of health care","Government schemes","1,242.91"
"2012","Portugal","Purchasing power standard (PPS) per inhabitant","All providers of health care","Government schemes","1,166.16"
"2013","Portugal","Purchasing power standard (PPS) per inhabitant","All providers of health care","Government schemes","1,200.06"
"2014","Portugal","Purchasing power standard (PPS) per inhabitant","All providers of health care","Government schemes","1,210.64"
"2015","Portugal","Purchasing power standard (PPS) per inhabitant","All providers of health care","Government schemes","1,284.41"
"2016","Portugal","Purchasing power standard (PPS) per inhabitant","All providers of health care","Government schemes","1,301.66"
"2017","Portugal","Purchasing power standard (PPS) per inhabitant","All providers of health care","Government schemes","1,318.22"
"2018","Portugal","Purchasing power standard (PPS) per inhabitant","All providers of health care","Government schemes",":"
"2003","Romania","Purchasing power standard (PPS) per inhabitant","All providers of health care","Government schemes",":"
"2004","Romania","Purchasing power standard (PPS) per inhabitant","All providers of health care","Government schemes",":"
"2005","Romania","Purchasing power standard (PPS) per inhabitant","All providers of health care","Government schemes",":"
"2006","Romania","Purchasing power standard (PPS) per inhabitant","All providers of health care","Government schemes",":"
"2007","Romania","Purchasing power standard (PPS) per inhabitant","All providers of health care","Government schemes",":"
"2008","Romania","Purchasing power standard (PPS) per inhabitant","All providers of health care","Government schemes",":"
"2009","Romania","Purchasing power standard (PPS) per inhabitant","All providers of health care","Government schemes",":"
"2010","Romania","Purchasing power standard (PPS) per inhabitant","All providers of health care","Government schemes",":"
"2011","Romania","Purchasing power standard (PPS) per inhabitant","All providers of health care","Government schemes","63.36"
"2012","Romania","Purchasing power standard (PPS) per inhabitant","All providers of health care","Government schemes","68.52"
"2013","Romania","Purchasing power standard (PPS) per inhabitant","All providers of health care","Government schemes","101.03"
"2014","Romania","Purchasing power standard (PPS) per inhabitant","All providers of health care","Government schemes","105.54"
"2015","Romania","Purchasing power standard (PPS) per inhabitant","All providers of health care","Government schemes","114.41"
"2016","Romania","Purchasing power standard (PPS) per inhabitant","All providers of health care","Government schemes","120.99"
"2017","Romania","Purchasing power standard (PPS) per inhabitant","All providers of health care","Government schemes","160.47"
"2018","Romania","Purchasing power standard (PPS) per inhabitant","All providers of health care","Government schemes","194.29"
"2003","Slovenia","Purchasing power standard (PPS) per inhabitant","All providers of health care","Government schemes",":"
"2004","Slovenia","Purchasing power standard (PPS) per inhabitant","All providers of health care","Government schemes",":"
"2005","Slovenia","Purchasing power standard (PPS) per inhabitant","All providers of health care","Government schemes",":"
"2006","Slovenia","Purchasing power standard (PPS) per inhabitant","All providers of health care","Government schemes",":"
"2007","Slovenia","Purchasing power standard (PPS) per inhabitant","All providers of health care","Government schemes",":"
"2008","Slovenia","Purchasing power standard (PPS) per inhabitant","All providers of health care","Government schemes",":"
"2009","Slovenia","Purchasing power standard (PPS) per inhabitant","All providers of health care","Government schemes",":"
"2010","Slovenia","Purchasing power standard (PPS) per inhabitant","All providers of health care","Government schemes",":"
"2011","Slovenia","Purchasing power standard (PPS) per inhabitant","All providers of health care","Government schemes",":"
"2012","Slovenia","Purchasing power standard (PPS) per inhabitant","All providers of health care","Government schemes",":"
"2013","Slovenia","Purchasing power standard (PPS) per inhabitant","All providers of health care","Government schemes",":"
"2014","Slovenia","Purchasing power standard (PPS) per inhabitant","All providers of health care","Government schemes","70.83"
"2015","Slovenia","Purchasing power standard (PPS) per inhabitant","All providers of health care","Government schemes","68.04"
"2016","Slovenia","Purchasing power standard (PPS) per inhabitant","All providers of health care","Government schemes","80.15"
"2017","Slovenia","Purchasing power standard (PPS) per inhabitant","All providers of health care","Government schemes","69.57"
"2018","Slovenia","Purchasing power standard (PPS) per inhabitant","All providers of health care","Government schemes",":"
"2003","Slovakia","Purchasing power standard (PPS) per inhabitant","All providers of health care","Government schemes",":"
"2004","Slovakia","Purchasing power standard (PPS) per inhabitant","All providers of health care","Government schemes",":"
"2005","Slovakia","Purchasing power standard (PPS) per inhabitant","All providers of health care","Government schemes",":"
"2006","Slovakia","Purchasing power standard (PPS) per inhabitant","All providers of health care","Government schemes",":"
"2007","Slovakia","Purchasing power standard (PPS) per inhabitant","All providers of health care","Government schemes",":"
"2008","Slovakia","Purchasing power standard (PPS) per inhabitant","All providers of health care","Government schemes",":"
"2009","Slovakia","Purchasing power standard (PPS) per inhabitant","All providers of health care","Government schemes",":"
"2010","Slovakia","Purchasing power standard (PPS) per inhabitant","All providers of health care","Government schemes",":"
"2011","Slovakia","Purchasing power standard (PPS) per inhabitant","All providers of health care","Government schemes",":"
"2012","Slovakia","Purchasing power standard (PPS) per inhabitant","All providers of health care","Government schemes","109.94"
"2013","Slovakia","Purchasing power standard (PPS) per inhabitant","All providers of health care","Government schemes","108.24"
"2014","Slovakia","Purchasing power standard (PPS) per inhabitant","All providers of health care","Government schemes","61.29"
"2015","Slovakia","Purchasing power standard (PPS) per inhabitant","All providers of health care","Government schemes","69.53"
"2016","Slovakia","Purchasing power standard (PPS) per inhabitant","All providers of health care","Government schemes","43.95"
"2017","Slovakia","Purchasing power standard (PPS) per inhabitant","All providers of health care","Government schemes","38.89"
"2018","Slovakia","Purchasing power standard (PPS) per inhabitant","All providers of health care","Government schemes",":"
"2003","Finland","Purchasing power standard (PPS) per inhabitant","All providers of health care","Government schemes","1,040.52"
"2004","Finland","Purchasing power standard (PPS) per inhabitant","All providers of health care","Government schemes","1,134.13"
"2005","Finland","Purchasing power standard (PPS) per inhabitant","All providers of health care","Government schemes","1,218.53"
"2006","Finland","Purchasing power standard (PPS) per inhabitant","All providers of health care","Government schemes","1,321.16"
"2007","Finland","Purchasing power standard (PPS) per inhabitant","All providers of health care","Government schemes","1,442.53"
"2008","Finland","Purchasing power standard (PPS) per inhabitant","All providers of health care","Government schemes","1,502.72"
"2009","Finland","Purchasing power standard (PPS) per inhabitant","All providers of health care","Government schemes","1,497.01"
"2010","Finland","Purchasing power standard (PPS) per inhabitant","All providers of health care","Government schemes","1,547.21"
"2011","Finland","Purchasing power standard (PPS) per inhabitant","All providers of health care","Government schemes","1,641.31"
"2012","Finland","Purchasing power standard (PPS) per inhabitant","All providers of health care","Government schemes","1,740.30"
"2013","Finland","Purchasing power standard (PPS) per inhabitant","All providers of health care","Government schemes","1,783.06"
"2014","Finland","Purchasing power standard (PPS) per inhabitant","All providers of health care","Government schemes","1,801.59"
"2015","Finland","Purchasing power standard (PPS) per inhabitant","All providers of health care","Government schemes","1,920.46"
"2016","Finland","Purchasing power standard (PPS) per inhabitant","All providers of health care","Government schemes","1,843.15"
"2017","Finland","Purchasing power standard (PPS) per inhabitant","All providers of health care","Government schemes","1,870.16"
"2018","Finland","Purchasing power standard (PPS) per inhabitant","All providers of health care","Government schemes",":"
"2003","Sweden","Purchasing power standard (PPS) per inhabitant","All providers of health care","Government schemes",":"
"2004","Sweden","Purchasing power standard (PPS) per inhabitant","All providers of health care","Government schemes",":"
"2005","Sweden","Purchasing power standard (PPS) per inhabitant","All providers of health care","Government schemes",":"
"2006","Sweden","Purchasing power standard (PPS) per inhabitant","All providers of health care","Government schemes",":"
"2007","Sweden","Purchasing power standard (PPS) per inhabitant","All providers of health care","Government schemes",":"
"2008","Sweden","Purchasing power standard (PPS) per inhabitant","All providers of health care","Government schemes",":"
"2009","Sweden","Purchasing power standard (PPS) per inhabitant","All providers of health care","Government schemes",":"
"2010","Sweden","Purchasing power standard (PPS) per inhabitant","All providers of health care","Government schemes",":"
"2011","Sweden","Purchasing power standard (PPS) per inhabitant","All providers of health care","Government schemes","2,918.91"
"2012","Sweden","Purchasing power standard (PPS) per inhabitant","All providers of health care","Government schemes","3,042.40"
"2013","Sweden","Purchasing power standard (PPS) per inhabitant","All providers of health care","Government schemes","3,002.91"
"2014","Sweden","Purchasing power standard (PPS) per inhabitant","All providers of health care","Government schemes","3,117.10"
"2015","Sweden","Purchasing power standard (PPS) per inhabitant","All providers of health care","Government schemes","3,276.58"
"2016","Sweden","Purchasing power standard (PPS) per inhabitant","All providers of health care","Government schemes","3,193.67"
"2017","Sweden","Purchasing power standard (PPS) per inhabitant","All providers of health care","Government schemes","3,252.19"
"2018","Sweden","Purchasing power standard (PPS) per inhabitant","All providers of health care","Government schemes","3,322.73"
"2003","United Kingdom","Purchasing power standard (PPS) per inhabitant","All providers of health care","Government schemes",":"
"2004","United Kingdom","Purchasing power standard (PPS) per inhabitant","All providers of health care","Government schemes",":"
"2005","United Kingdom","Purchasing power standard (PPS) per inhabitant","All providers of health care","Government schemes",":"
"2006","United Kingdom","Purchasing power standard (PPS) per inhabitant","All providers of health care","Government schemes",":"
"2007","United Kingdom","Purchasing power standard (PPS) per inhabitant","All providers of health care","Government schemes",":"
"2008","United Kingdom","Purchasing power standard (PPS) per inhabitant","All providers of health care","Government schemes",":"
"2009","United Kingdom","Purchasing power standard (PPS) per inhabitant","All providers of health care","Government schemes",":"
"2010","United Kingdom","Purchasing power standard (PPS) per inhabitant","All providers of health care","Government schemes",":"
"2011","United Kingdom","Purchasing power standard (PPS) per inhabitant","All providers of health care","Government schemes",":"
"2012","United Kingdom","Purchasing power standard (PPS) per inhabitant","All providers of health care","Government schemes",":"
"2013","United Kingdom","Purchasing power standard (PPS) per inhabitant","All providers of health care","Government schemes","2,142.29"
"2014","United Kingdom","Purchasing power standard (PPS) per inhabitant","All providers of health care","Government schemes","2,221.95"
"2015","United Kingdom","Purchasing power standard (PPS) per inhabitant","All providers of health care","Government schemes","2,289.28"
"2016","United Kingdom","Purchasing power standard (PPS) per inhabitant","All providers of health care","Government schemes","2,285.71"
"2017","United Kingdom","Purchasing power standard (PPS) per inhabitant","All providers of health care","Government schemes","2,284.64"
"2018","United Kingdom","Purchasing power standard (PPS) per inhabitant","All providers of health care","Government schemes",":"
"2003","Iceland","Purchasing power standard (PPS) per inhabitant","All providers of health care","Government schemes",":"
"2004","Iceland","Purchasing power standard (PPS) per inhabitant","All providers of health care","Government schemes",":"
"2005","Iceland","Purchasing power standard (PPS) per inhabitant","All providers of health care","Government schemes",":"
"2006","Iceland","Purchasing power standard (PPS) per inhabitant","All providers of health care","Government schemes",":"
"2007","Iceland","Purchasing power standard (PPS) per inhabitant","All providers of health care","Government schemes",":"
"2008","Iceland","Purchasing power standard (PPS) per inhabitant","All providers of health care","Government schemes",":"
"2009","Iceland","Purchasing power standard (PPS) per inhabitant","All providers of health care","Government schemes",":"
"2010","Iceland","Purchasing power standard (PPS) per inhabitant","All providers of health care","Government schemes",":"
"2011","Iceland","Purchasing power standard (PPS) per inhabitant","All providers of health care","Government schemes","2,058.10"
"2012","Iceland","Purchasing power standard (PPS) per inhabitant","All providers of health care","Government schemes","2,097.11"
"2013","Iceland","Purchasing power standard (PPS) per inhabitant","All providers of health care","Government schemes","2,119.86"
"2014","Iceland","Purchasing power standard (PPS) per inhabitant","All providers of health care","Government schemes","2,209.17"
"2015","Iceland","Purchasing power standard (PPS) per inhabitant","All providers of health care","Government schemes","2,351.98"
"2016","Iceland","Purchasing power standard (PPS) per inhabitant","All providers of health care","Government schemes","2,367.11"
"2017","Iceland","Purchasing power standard (PPS) per inhabitant","All providers of health care","Government schemes","2,461.13"
"2018","Iceland","Purchasing power standard (PPS) per inhabitant","All providers of health care","Government schemes","2,616.38"
"2003","Liechtenstein","Purchasing power standard (PPS) per inhabitant","All providers of health care","Government schemes",":"
"2004","Liechtenstein","Purchasing power standard (PPS) per inhabitant","All providers of health care","Government schemes",":"
"2005","Liechtenstein","Purchasing power standard (PPS) per inhabitant","All providers of health care","Government schemes",":"
"2006","Liechtenstein","Purchasing power standard (PPS) per inhabitant","All providers of health care","Government schemes",":"
"2007","Liechtenstein","Purchasing power standard (PPS) per inhabitant","All providers of health care","Government schemes",":"
"2008","Liechtenstein","Purchasing power standard (PPS) per inhabitant","All providers of health care","Government schemes",":"
"2009","Liechtenstein","Purchasing power standard (PPS) per inhabitant","All providers of health care","Government schemes",":"
"2010","Liechtenstein","Purchasing power standard (PPS) per inhabitant","All providers of health care","Government schemes",":"
"2011","Liechtenstein","Purchasing power standard (PPS) per inhabitant","All providers of health care","Government schemes",":"
"2012","Liechtenstein","Purchasing power standard (PPS) per inhabitant","All providers of health care","Government schemes",":"
"2013","Liechtenstein","Purchasing power standard (PPS) per inhabitant","All providers of health care","Government schemes",":"
"2014","Liechtenstein","Purchasing power standard (PPS) per inhabitant","All providers of health care","Government schemes",":"
"2015","Liechtenstein","Purchasing power standard (PPS) per inhabitant","All providers of health care","Government schemes",":"
"2016","Liechtenstein","Purchasing power standard (PPS) per inhabitant","All providers of health care","Government schemes",":"
"2017","Liechtenstein","Purchasing power standard (PPS) per inhabitant","All providers of health care","Government schemes",":"
"2018","Liechtenstein","Purchasing power standard (PPS) per inhabitant","All providers of health care","Government schemes",":"
"2003","Norway","Purchasing power standard (PPS) per inhabitant","All providers of health care","Government schemes",":"
"2004","Norway","Purchasing power standard (PPS) per inhabitant","All providers of health care","Government schemes",":"
"2005","Norway","Purchasing power standard (PPS) per inhabitant","All providers of health care","Government schemes",":"
"2006","Norway","Purchasing power standard (PPS) per inhabitant","All providers of health care","Government schemes",":"
"2007","Norway","Purchasing power standard (PPS) per inhabitant","All providers of health care","Government schemes",":"
"2008","Norway","Purchasing power standard (PPS) per inhabitant","All providers of health care","Government schemes",":"
"2009","Norway","Purchasing power standard (PPS) per inhabitant","All providers of health care","Government schemes",":"
"2010","Norway","Purchasing power standard (PPS) per inhabitant","All providers of health care","Government schemes",":"
"2011","Norway","Purchasing power standard (PPS) per inhabitant","All providers of health care","Government schemes","3,247.64"
"2012","Norway","Purchasing power standard (PPS) per inhabitant","All providers of health care","Government schemes","3,408.57"
"2013","Norway","Purchasing power standard (PPS) per inhabitant","All providers of health care","Government schemes","3,522.87"
"2014","Norway","Purchasing power standard (PPS) per inhabitant","All providers of health care","Government schemes","3,711.28"
"2015","Norway","Purchasing power standard (PPS) per inhabitant","All providers of health care","Government schemes","3,816.37"
"2016","Norway","Purchasing power standard (PPS) per inhabitant","All providers of health care","Government schemes","3,723.36"
"2017","Norway","Purchasing power standard (PPS) per inhabitant","All providers of health care","Government schemes","3,731.21"
"2018","Norway","Purchasing power standard (PPS) per inhabitant","All providers of health care","Government schemes","3,852.59"
"2003","Switzerland","Purchasing power standard (PPS) per inhabitant","All providers of health care","Government schemes",":"
"2004","Switzerland","Purchasing power standard (PPS) per inhabitant","All providers of health care","Government schemes",":"
"2005","Switzerland","Purchasing power standard (PPS) per inhabitant","All providers of health care","Government schemes",":"
"2006","Switzerland","Purchasing power standard (PPS) per inhabitant","All providers of health care","Government schemes",":"
"2007","Switzerland","Purchasing power standard (PPS) per inhabitant","All providers of health care","Government schemes",":"
"2008","Switzerland","Purchasing power standard (PPS) per inhabitant","All providers of health care","Government schemes",":"
"2009","Switzerland","Purchasing power standard (PPS) per inhabitant","All providers of health care","Government schemes",":"
"2010","Switzerland","Purchasing power standard (PPS) per inhabitant","All providers of health care","Government schemes","869.79"
"2011","Switzerland","Purchasing power standard (PPS) per inhabitant","All providers of health care","Government schemes","921.46"
"2012","Switzerland","Purchasing power standard (PPS) per inhabitant","All providers of health care","Government schemes","1,029.17"
"2013","Switzerland","Purchasing power standard (PPS) per inhabitant","All providers of health care","Government schemes","1,041.45"
"2014","Switzerland","Purchasing power standard (PPS) per inhabitant","All providers of health care","Government schemes","1,074.84"
"2015","Switzerland","Purchasing power standard (PPS) per inhabitant","All providers of health care","Government schemes","1,139.09"
"2016","Switzerland","Purchasing power standard (PPS) per inhabitant","All providers of health care","Government schemes","1,092.88"
"2017","Switzerland","Purchasing power standard (PPS) per inhabitant","All providers of health care","Government schemes","1,143.79"
"2018","Switzerland","Purchasing power standard (PPS) per inhabitant","All providers of health care","Government schemes",":"
