"TIME","GEO","UNIT","ICHA11_HP","ICHA11_HF","Value"
"2003","Belgium","Purchasing power standard (PPS) per inhabitant","All providers of health care","Voluntary health care payment schemes","119.97"
"2004","Belgium","Purchasing power standard (PPS) per inhabitant","All providers of health care","Voluntary health care payment schemes","125.31"
"2005","Belgium","Purchasing power standard (PPS) per inhabitant","All providers of health care","Voluntary health care payment schemes","132.92"
"2006","Belgium","Purchasing power standard (PPS) per inhabitant","All providers of health care","Voluntary health care payment schemes","136.71"
"2007","Belgium","Purchasing power standard (PPS) per inhabitant","All providers of health care","Voluntary health care payment schemes","142.45"
"2008","Belgium","Purchasing power standard (PPS) per inhabitant","All providers of health care","Voluntary health care payment schemes","122.01"
"2009","Belgium","Purchasing power standard (PPS) per inhabitant","All providers of health care","Voluntary health care payment schemes","116.30"
"2010","Belgium","Purchasing power standard (PPS) per inhabitant","All providers of health care","Voluntary health care payment schemes","121.43"
"2011","Belgium","Purchasing power standard (PPS) per inhabitant","All providers of health care","Voluntary health care payment schemes","131.70"
"2012","Belgium","Purchasing power standard (PPS) per inhabitant","All providers of health care","Voluntary health care payment schemes","132.79"
"2013","Belgium","Purchasing power standard (PPS) per inhabitant","All providers of health care","Voluntary health care payment schemes","142.33"
"2014","Belgium","Purchasing power standard (PPS) per inhabitant","All providers of health care","Voluntary health care payment schemes","151.08"
"2015","Belgium","Purchasing power standard (PPS) per inhabitant","All providers of health care","Voluntary health care payment schemes","171.44"
"2016","Belgium","Purchasing power standard (PPS) per inhabitant","All providers of health care","Voluntary health care payment schemes","175.11"
"2017","Belgium","Purchasing power standard (PPS) per inhabitant","All providers of health care","Voluntary health care payment schemes","181.53"
"2018","Belgium","Purchasing power standard (PPS) per inhabitant","All providers of health care","Voluntary health care payment schemes","188.43"
"2003","Bulgaria","Purchasing power standard (PPS) per inhabitant","All providers of health care","Voluntary health care payment schemes",":"
"2004","Bulgaria","Purchasing power standard (PPS) per inhabitant","All providers of health care","Voluntary health care payment schemes",":"
"2005","Bulgaria","Purchasing power standard (PPS) per inhabitant","All providers of health care","Voluntary health care payment schemes",":"
"2006","Bulgaria","Purchasing power standard (PPS) per inhabitant","All providers of health care","Voluntary health care payment schemes",":"
"2007","Bulgaria","Purchasing power standard (PPS) per inhabitant","All providers of health care","Voluntary health care payment schemes",":"
"2008","Bulgaria","Purchasing power standard (PPS) per inhabitant","All providers of health care","Voluntary health care payment schemes",":"
"2009","Bulgaria","Purchasing power standard (PPS) per inhabitant","All providers of health care","Voluntary health care payment schemes",":"
"2010","Bulgaria","Purchasing power standard (PPS) per inhabitant","All providers of health care","Voluntary health care payment schemes",":"
"2011","Bulgaria","Purchasing power standard (PPS) per inhabitant","All providers of health care","Voluntary health care payment schemes","10.63"
"2012","Bulgaria","Purchasing power standard (PPS) per inhabitant","All providers of health care","Voluntary health care payment schemes","12.13"
"2013","Bulgaria","Purchasing power standard (PPS) per inhabitant","All providers of health care","Voluntary health care payment schemes","12.59"
"2014","Bulgaria","Purchasing power standard (PPS) per inhabitant","All providers of health care","Voluntary health care payment schemes","13.74"
"2015","Bulgaria","Purchasing power standard (PPS) per inhabitant","All providers of health care","Voluntary health care payment schemes","15.29"
"2016","Bulgaria","Purchasing power standard (PPS) per inhabitant","All providers of health care","Voluntary health care payment schemes","16.40"
"2017","Bulgaria","Purchasing power standard (PPS) per inhabitant","All providers of health care","Voluntary health care payment schemes","17.92"
"2018","Bulgaria","Purchasing power standard (PPS) per inhabitant","All providers of health care","Voluntary health care payment schemes","20.19"
"2003","Czechia","Purchasing power standard (PPS) per inhabitant","All providers of health care","Voluntary health care payment schemes",":"
"2004","Czechia","Purchasing power standard (PPS) per inhabitant","All providers of health care","Voluntary health care payment schemes",":"
"2005","Czechia","Purchasing power standard (PPS) per inhabitant","All providers of health care","Voluntary health care payment schemes",":"
"2006","Czechia","Purchasing power standard (PPS) per inhabitant","All providers of health care","Voluntary health care payment schemes",":"
"2007","Czechia","Purchasing power standard (PPS) per inhabitant","All providers of health care","Voluntary health care payment schemes",":"
"2008","Czechia","Purchasing power standard (PPS) per inhabitant","All providers of health care","Voluntary health care payment schemes",":"
"2009","Czechia","Purchasing power standard (PPS) per inhabitant","All providers of health care","Voluntary health care payment schemes",":"
"2010","Czechia","Purchasing power standard (PPS) per inhabitant","All providers of health care","Voluntary health care payment schemes",":"
"2011","Czechia","Purchasing power standard (PPS) per inhabitant","All providers of health care","Voluntary health care payment schemes",":"
"2012","Czechia","Purchasing power standard (PPS) per inhabitant","All providers of health care","Voluntary health care payment schemes",":"
"2013","Czechia","Purchasing power standard (PPS) per inhabitant","All providers of health care","Voluntary health care payment schemes","51.83"
"2014","Czechia","Purchasing power standard (PPS) per inhabitant","All providers of health care","Voluntary health care payment schemes","63.16"
"2015","Czechia","Purchasing power standard (PPS) per inhabitant","All providers of health care","Voluntary health care payment schemes","55.52"
"2016","Czechia","Purchasing power standard (PPS) per inhabitant","All providers of health care","Voluntary health care payment schemes","59.11"
"2017","Czechia","Purchasing power standard (PPS) per inhabitant","All providers of health care","Voluntary health care payment schemes","64.91"
"2018","Czechia","Purchasing power standard (PPS) per inhabitant","All providers of health care","Voluntary health care payment schemes",":"
"2003","Denmark","Purchasing power standard (PPS) per inhabitant","All providers of health care","Voluntary health care payment schemes",":"
"2004","Denmark","Purchasing power standard (PPS) per inhabitant","All providers of health care","Voluntary health care payment schemes",":"
"2005","Denmark","Purchasing power standard (PPS) per inhabitant","All providers of health care","Voluntary health care payment schemes",":"
"2006","Denmark","Purchasing power standard (PPS) per inhabitant","All providers of health care","Voluntary health care payment schemes",":"
"2007","Denmark","Purchasing power standard (PPS) per inhabitant","All providers of health care","Voluntary health care payment schemes",":"
"2008","Denmark","Purchasing power standard (PPS) per inhabitant","All providers of health care","Voluntary health care payment schemes",":"
"2009","Denmark","Purchasing power standard (PPS) per inhabitant","All providers of health care","Voluntary health care payment schemes",":"
"2010","Denmark","Purchasing power standard (PPS) per inhabitant","All providers of health care","Voluntary health care payment schemes","56.12"
"2011","Denmark","Purchasing power standard (PPS) per inhabitant","All providers of health care","Voluntary health care payment schemes","59.30"
"2012","Denmark","Purchasing power standard (PPS) per inhabitant","All providers of health care","Voluntary health care payment schemes","62.00"
"2013","Denmark","Purchasing power standard (PPS) per inhabitant","All providers of health care","Voluntary health care payment schemes","64.91"
"2014","Denmark","Purchasing power standard (PPS) per inhabitant","All providers of health care","Voluntary health care payment schemes","70.41"
"2015","Denmark","Purchasing power standard (PPS) per inhabitant","All providers of health care","Voluntary health care payment schemes","78.01"
"2016","Denmark","Purchasing power standard (PPS) per inhabitant","All providers of health care","Voluntary health care payment schemes","77.56"
"2017","Denmark","Purchasing power standard (PPS) per inhabitant","All providers of health care","Voluntary health care payment schemes","82.45"
"2018","Denmark","Purchasing power standard (PPS) per inhabitant","All providers of health care","Voluntary health care payment schemes","89.58"
"2003","Germany (until 1990 former territory of the FRG)","Purchasing power standard (PPS) per inhabitant","All providers of health care","Voluntary health care payment schemes","267.10"
"2004","Germany (until 1990 former territory of the FRG)","Purchasing power standard (PPS) per inhabitant","All providers of health care","Voluntary health care payment schemes","280.66"
"2005","Germany (until 1990 former territory of the FRG)","Purchasing power standard (PPS) per inhabitant","All providers of health care","Voluntary health care payment schemes","294.34"
"2006","Germany (until 1990 former territory of the FRG)","Purchasing power standard (PPS) per inhabitant","All providers of health care","Voluntary health care payment schemes","304.41"
"2007","Germany (until 1990 former territory of the FRG)","Purchasing power standard (PPS) per inhabitant","All providers of health care","Voluntary health care payment schemes","321.79"
"2008","Germany (until 1990 former territory of the FRG)","Purchasing power standard (PPS) per inhabitant","All providers of health care","Voluntary health care payment schemes","332.72"
"2009","Germany (until 1990 former territory of the FRG)","Purchasing power standard (PPS) per inhabitant","All providers of health care","Voluntary health care payment schemes","84.51"
"2010","Germany (until 1990 former territory of the FRG)","Purchasing power standard (PPS) per inhabitant","All providers of health care","Voluntary health care payment schemes","89.83"
"2011","Germany (until 1990 former territory of the FRG)","Purchasing power standard (PPS) per inhabitant","All providers of health care","Voluntary health care payment schemes","100.84"
"2012","Germany (until 1990 former territory of the FRG)","Purchasing power standard (PPS) per inhabitant","All providers of health care","Voluntary health care payment schemes","108.45"
"2013","Germany (until 1990 former territory of the FRG)","Purchasing power standard (PPS) per inhabitant","All providers of health care","Voluntary health care payment schemes","116.88"
"2014","Germany (until 1990 former territory of the FRG)","Purchasing power standard (PPS) per inhabitant","All providers of health care","Voluntary health care payment schemes","122.62"
"2015","Germany (until 1990 former territory of the FRG)","Purchasing power standard (PPS) per inhabitant","All providers of health care","Voluntary health care payment schemes","127.68"
"2016","Germany (until 1990 former territory of the FRG)","Purchasing power standard (PPS) per inhabitant","All providers of health care","Voluntary health care payment schemes","126.93"
"2017","Germany (until 1990 former territory of the FRG)","Purchasing power standard (PPS) per inhabitant","All providers of health care","Voluntary health care payment schemes","134.79"
"2018","Germany (until 1990 former territory of the FRG)","Purchasing power standard (PPS) per inhabitant","All providers of health care","Voluntary health care payment schemes",":"
"2003","Estonia","Purchasing power standard (PPS) per inhabitant","All providers of health care","Voluntary health care payment schemes","16.15"
"2004","Estonia","Purchasing power standard (PPS) per inhabitant","All providers of health care","Voluntary health care payment schemes","17.76"
"2005","Estonia","Purchasing power standard (PPS) per inhabitant","All providers of health care","Voluntary health care payment schemes","18.99"
"2006","Estonia","Purchasing power standard (PPS) per inhabitant","All providers of health care","Voluntary health care payment schemes","8.81"
"2007","Estonia","Purchasing power standard (PPS) per inhabitant","All providers of health care","Voluntary health care payment schemes","13.42"
"2008","Estonia","Purchasing power standard (PPS) per inhabitant","All providers of health care","Voluntary health care payment schemes","23.74"
"2009","Estonia","Purchasing power standard (PPS) per inhabitant","All providers of health care","Voluntary health care payment schemes","18.42"
"2010","Estonia","Purchasing power standard (PPS) per inhabitant","All providers of health care","Voluntary health care payment schemes","18.54"
"2011","Estonia","Purchasing power standard (PPS) per inhabitant","All providers of health care","Voluntary health care payment schemes","18.45"
"2012","Estonia","Purchasing power standard (PPS) per inhabitant","All providers of health care","Voluntary health care payment schemes","20.99"
"2013","Estonia","Purchasing power standard (PPS) per inhabitant","All providers of health care","Voluntary health care payment schemes","21.84"
"2014","Estonia","Purchasing power standard (PPS) per inhabitant","All providers of health care","Voluntary health care payment schemes","22.16"
"2015","Estonia","Purchasing power standard (PPS) per inhabitant","All providers of health care","Voluntary health care payment schemes","23.37"
"2016","Estonia","Purchasing power standard (PPS) per inhabitant","All providers of health care","Voluntary health care payment schemes","25.01"
"2017","Estonia","Purchasing power standard (PPS) per inhabitant","All providers of health care","Voluntary health care payment schemes","25.78"
"2018","Estonia","Purchasing power standard (PPS) per inhabitant","All providers of health care","Voluntary health care payment schemes",":"
"2003","Ireland","Purchasing power standard (PPS) per inhabitant","All providers of health care","Voluntary health care payment schemes",":"
"2004","Ireland","Purchasing power standard (PPS) per inhabitant","All providers of health care","Voluntary health care payment schemes",":"
"2005","Ireland","Purchasing power standard (PPS) per inhabitant","All providers of health care","Voluntary health care payment schemes",":"
"2006","Ireland","Purchasing power standard (PPS) per inhabitant","All providers of health care","Voluntary health care payment schemes",":"
"2007","Ireland","Purchasing power standard (PPS) per inhabitant","All providers of health care","Voluntary health care payment schemes",":"
"2008","Ireland","Purchasing power standard (PPS) per inhabitant","All providers of health care","Voluntary health care payment schemes",":"
"2009","Ireland","Purchasing power standard (PPS) per inhabitant","All providers of health care","Voluntary health care payment schemes",":"
"2010","Ireland","Purchasing power standard (PPS) per inhabitant","All providers of health care","Voluntary health care payment schemes",":"
"2011","Ireland","Purchasing power standard (PPS) per inhabitant","All providers of health care","Voluntary health care payment schemes","448.16"
"2012","Ireland","Purchasing power standard (PPS) per inhabitant","All providers of health care","Voluntary health care payment schemes","473.90"
"2013","Ireland","Purchasing power standard (PPS) per inhabitant","All providers of health care","Voluntary health care payment schemes","472.35"
"2014","Ireland","Purchasing power standard (PPS) per inhabitant","All providers of health care","Voluntary health care payment schemes","484.63"
"2015","Ireland","Purchasing power standard (PPS) per inhabitant","All providers of health care","Voluntary health care payment schemes","493.51"
"2016","Ireland","Purchasing power standard (PPS) per inhabitant","All providers of health care","Voluntary health care payment schemes","499.76"
"2017","Ireland","Purchasing power standard (PPS) per inhabitant","All providers of health care","Voluntary health care payment schemes","500.45"
"2018","Ireland","Purchasing power standard (PPS) per inhabitant","All providers of health care","Voluntary health care payment schemes","495.07"
"2003","Greece","Purchasing power standard (PPS) per inhabitant","All providers of health care","Voluntary health care payment schemes",":"
"2004","Greece","Purchasing power standard (PPS) per inhabitant","All providers of health care","Voluntary health care payment schemes",":"
"2005","Greece","Purchasing power standard (PPS) per inhabitant","All providers of health care","Voluntary health care payment schemes",":"
"2006","Greece","Purchasing power standard (PPS) per inhabitant","All providers of health care","Voluntary health care payment schemes",":"
"2007","Greece","Purchasing power standard (PPS) per inhabitant","All providers of health care","Voluntary health care payment schemes",":"
"2008","Greece","Purchasing power standard (PPS) per inhabitant","All providers of health care","Voluntary health care payment schemes",":"
"2009","Greece","Purchasing power standard (PPS) per inhabitant","All providers of health care","Voluntary health care payment schemes","46.55"
"2010","Greece","Purchasing power standard (PPS) per inhabitant","All providers of health care","Voluntary health care payment schemes","57.06"
"2011","Greece","Purchasing power standard (PPS) per inhabitant","All providers of health care","Voluntary health care payment schemes","52.37"
"2012","Greece","Purchasing power standard (PPS) per inhabitant","All providers of health care","Voluntary health care payment schemes","54.66"
"2013","Greece","Purchasing power standard (PPS) per inhabitant","All providers of health care","Voluntary health care payment schemes","52.96"
"2014","Greece","Purchasing power standard (PPS) per inhabitant","All providers of health care","Voluntary health care payment schemes","60.37"
"2015","Greece","Purchasing power standard (PPS) per inhabitant","All providers of health care","Voluntary health care payment schemes","65.01"
"2016","Greece","Purchasing power standard (PPS) per inhabitant","All providers of health care","Voluntary health care payment schemes","67.55"
"2017","Greece","Purchasing power standard (PPS) per inhabitant","All providers of health care","Voluntary health care payment schemes","69.13"
"2018","Greece","Purchasing power standard (PPS) per inhabitant","All providers of health care","Voluntary health care payment schemes","76.15"
"2003","Spain","Purchasing power standard (PPS) per inhabitant","All providers of health care","Voluntary health care payment schemes","100.33"
"2004","Spain","Purchasing power standard (PPS) per inhabitant","All providers of health care","Voluntary health care payment schemes","104.40"
"2005","Spain","Purchasing power standard (PPS) per inhabitant","All providers of health care","Voluntary health care payment schemes","113.45"
"2006","Spain","Purchasing power standard (PPS) per inhabitant","All providers of health care","Voluntary health care payment schemes","123.62"
"2007","Spain","Purchasing power standard (PPS) per inhabitant","All providers of health care","Voluntary health care payment schemes","127.72"
"2008","Spain","Purchasing power standard (PPS) per inhabitant","All providers of health care","Voluntary health care payment schemes","113.73"
"2009","Spain","Purchasing power standard (PPS) per inhabitant","All providers of health care","Voluntary health care payment schemes","109.66"
"2010","Spain","Purchasing power standard (PPS) per inhabitant","All providers of health care","Voluntary health care payment schemes","95.16"
"2011","Spain","Purchasing power standard (PPS) per inhabitant","All providers of health care","Voluntary health care payment schemes","108.49"
"2012","Spain","Purchasing power standard (PPS) per inhabitant","All providers of health care","Voluntary health care payment schemes","104.81"
"2013","Spain","Purchasing power standard (PPS) per inhabitant","All providers of health care","Voluntary health care payment schemes","104.58"
"2014","Spain","Purchasing power standard (PPS) per inhabitant","All providers of health care","Voluntary health care payment schemes","113.91"
"2015","Spain","Purchasing power standard (PPS) per inhabitant","All providers of health care","Voluntary health care payment schemes","117.62"
"2016","Spain","Purchasing power standard (PPS) per inhabitant","All providers of health care","Voluntary health care payment schemes","115.78"
"2017","Spain","Purchasing power standard (PPS) per inhabitant","All providers of health care","Voluntary health care payment schemes","137.92"
"2018","Spain","Purchasing power standard (PPS) per inhabitant","All providers of health care","Voluntary health care payment schemes",":"
"2003","France","Purchasing power standard (PPS) per inhabitant","All providers of health care","Voluntary health care payment schemes",":"
"2004","France","Purchasing power standard (PPS) per inhabitant","All providers of health care","Voluntary health care payment schemes",":"
"2005","France","Purchasing power standard (PPS) per inhabitant","All providers of health care","Voluntary health care payment schemes",":"
"2006","France","Purchasing power standard (PPS) per inhabitant","All providers of health care","Voluntary health care payment schemes","382.97"
"2007","France","Purchasing power standard (PPS) per inhabitant","All providers of health care","Voluntary health care payment schemes","399.22"
"2008","France","Purchasing power standard (PPS) per inhabitant","All providers of health care","Voluntary health care payment schemes","402.08"
"2009","France","Purchasing power standard (PPS) per inhabitant","All providers of health care","Voluntary health care payment schemes","405.89"
"2010","France","Purchasing power standard (PPS) per inhabitant","All providers of health care","Voluntary health care payment schemes","424.72"
"2011","France","Purchasing power standard (PPS) per inhabitant","All providers of health care","Voluntary health care payment schemes","443.53"
"2012","France","Purchasing power standard (PPS) per inhabitant","All providers of health care","Voluntary health care payment schemes","457.78"
"2013","France","Purchasing power standard (PPS) per inhabitant","All providers of health care","Voluntary health care payment schemes","474.83"
"2014","France","Purchasing power standard (PPS) per inhabitant","All providers of health care","Voluntary health care payment schemes","482.37"
"2015","France","Purchasing power standard (PPS) per inhabitant","All providers of health care","Voluntary health care payment schemes","498.02"
"2016","France","Purchasing power standard (PPS) per inhabitant","All providers of health care","Voluntary health care payment schemes","269.12"
"2017","France","Purchasing power standard (PPS) per inhabitant","All providers of health care","Voluntary health care payment schemes","262.54"
"2018","France","Purchasing power standard (PPS) per inhabitant","All providers of health care","Voluntary health care payment schemes","263.67"
"2003","Croatia","Purchasing power standard (PPS) per inhabitant","All providers of health care","Voluntary health care payment schemes",":"
"2004","Croatia","Purchasing power standard (PPS) per inhabitant","All providers of health care","Voluntary health care payment schemes",":"
"2005","Croatia","Purchasing power standard (PPS) per inhabitant","All providers of health care","Voluntary health care payment schemes",":"
"2006","Croatia","Purchasing power standard (PPS) per inhabitant","All providers of health care","Voluntary health care payment schemes",":"
"2007","Croatia","Purchasing power standard (PPS) per inhabitant","All providers of health care","Voluntary health care payment schemes",":"
"2008","Croatia","Purchasing power standard (PPS) per inhabitant","All providers of health care","Voluntary health care payment schemes",":"
"2009","Croatia","Purchasing power standard (PPS) per inhabitant","All providers of health care","Voluntary health care payment schemes",":"
"2010","Croatia","Purchasing power standard (PPS) per inhabitant","All providers of health care","Voluntary health care payment schemes",":"
"2011","Croatia","Purchasing power standard (PPS) per inhabitant","All providers of health care","Voluntary health care payment schemes",":"
"2012","Croatia","Purchasing power standard (PPS) per inhabitant","All providers of health care","Voluntary health care payment schemes",":"
"2013","Croatia","Purchasing power standard (PPS) per inhabitant","All providers of health care","Voluntary health care payment schemes","65.56"
"2014","Croatia","Purchasing power standard (PPS) per inhabitant","All providers of health care","Voluntary health care payment schemes","63.78"
"2015","Croatia","Purchasing power standard (PPS) per inhabitant","All providers of health care","Voluntary health care payment schemes","76.21"
"2016","Croatia","Purchasing power standard (PPS) per inhabitant","All providers of health care","Voluntary health care payment schemes","80.50"
"2017","Croatia","Purchasing power standard (PPS) per inhabitant","All providers of health care","Voluntary health care payment schemes","82.73"
"2018","Croatia","Purchasing power standard (PPS) per inhabitant","All providers of health care","Voluntary health care payment schemes","90.00"
"2003","Italy","Purchasing power standard (PPS) per inhabitant","All providers of health care","Voluntary health care payment schemes",":"
"2004","Italy","Purchasing power standard (PPS) per inhabitant","All providers of health care","Voluntary health care payment schemes",":"
"2005","Italy","Purchasing power standard (PPS) per inhabitant","All providers of health care","Voluntary health care payment schemes",":"
"2006","Italy","Purchasing power standard (PPS) per inhabitant","All providers of health care","Voluntary health care payment schemes",":"
"2007","Italy","Purchasing power standard (PPS) per inhabitant","All providers of health care","Voluntary health care payment schemes",":"
"2008","Italy","Purchasing power standard (PPS) per inhabitant","All providers of health care","Voluntary health care payment schemes",":"
"2009","Italy","Purchasing power standard (PPS) per inhabitant","All providers of health care","Voluntary health care payment schemes",":"
"2010","Italy","Purchasing power standard (PPS) per inhabitant","All providers of health care","Voluntary health care payment schemes",":"
"2011","Italy","Purchasing power standard (PPS) per inhabitant","All providers of health care","Voluntary health care payment schemes",":"
"2012","Italy","Purchasing power standard (PPS) per inhabitant","All providers of health care","Voluntary health care payment schemes","48.35"
"2013","Italy","Purchasing power standard (PPS) per inhabitant","All providers of health care","Voluntary health care payment schemes","46.31"
"2014","Italy","Purchasing power standard (PPS) per inhabitant","All providers of health care","Voluntary health care payment schemes","47.12"
"2015","Italy","Purchasing power standard (PPS) per inhabitant","All providers of health care","Voluntary health care payment schemes","50.50"
"2016","Italy","Purchasing power standard (PPS) per inhabitant","All providers of health care","Voluntary health care payment schemes","55.03"
"2017","Italy","Purchasing power standard (PPS) per inhabitant","All providers of health care","Voluntary health care payment schemes","60.30"
"2018","Italy","Purchasing power standard (PPS) per inhabitant","All providers of health care","Voluntary health care payment schemes","64.28"
"2003","Cyprus","Purchasing power standard (PPS) per inhabitant","All providers of health care","Voluntary health care payment schemes",":"
"2004","Cyprus","Purchasing power standard (PPS) per inhabitant","All providers of health care","Voluntary health care payment schemes",":"
"2005","Cyprus","Purchasing power standard (PPS) per inhabitant","All providers of health care","Voluntary health care payment schemes",":"
"2006","Cyprus","Purchasing power standard (PPS) per inhabitant","All providers of health care","Voluntary health care payment schemes",":"
"2007","Cyprus","Purchasing power standard (PPS) per inhabitant","All providers of health care","Voluntary health care payment schemes",":"
"2008","Cyprus","Purchasing power standard (PPS) per inhabitant","All providers of health care","Voluntary health care payment schemes",":"
"2009","Cyprus","Purchasing power standard (PPS) per inhabitant","All providers of health care","Voluntary health care payment schemes",":"
"2010","Cyprus","Purchasing power standard (PPS) per inhabitant","All providers of health care","Voluntary health care payment schemes","168.41"
"2011","Cyprus","Purchasing power standard (PPS) per inhabitant","All providers of health care","Voluntary health care payment schemes","163.64"
"2012","Cyprus","Purchasing power standard (PPS) per inhabitant","All providers of health care","Voluntary health care payment schemes","167.98"
"2013","Cyprus","Purchasing power standard (PPS) per inhabitant","All providers of health care","Voluntary health care payment schemes","165.53"
"2014","Cyprus","Purchasing power standard (PPS) per inhabitant","All providers of health care","Voluntary health care payment schemes","176.69"
"2015","Cyprus","Purchasing power standard (PPS) per inhabitant","All providers of health care","Voluntary health care payment schemes","213.16"
"2016","Cyprus","Purchasing power standard (PPS) per inhabitant","All providers of health care","Voluntary health care payment schemes","220.56"
"2017","Cyprus","Purchasing power standard (PPS) per inhabitant","All providers of health care","Voluntary health care payment schemes","229.74"
"2018","Cyprus","Purchasing power standard (PPS) per inhabitant","All providers of health care","Voluntary health care payment schemes","228.04"
"2003","Latvia","Purchasing power standard (PPS) per inhabitant","All providers of health care","Voluntary health care payment schemes",":"
"2004","Latvia","Purchasing power standard (PPS) per inhabitant","All providers of health care","Voluntary health care payment schemes",":"
"2005","Latvia","Purchasing power standard (PPS) per inhabitant","All providers of health care","Voluntary health care payment schemes",":"
"2006","Latvia","Purchasing power standard (PPS) per inhabitant","All providers of health care","Voluntary health care payment schemes",":"
"2007","Latvia","Purchasing power standard (PPS) per inhabitant","All providers of health care","Voluntary health care payment schemes",":"
"2008","Latvia","Purchasing power standard (PPS) per inhabitant","All providers of health care","Voluntary health care payment schemes",":"
"2009","Latvia","Purchasing power standard (PPS) per inhabitant","All providers of health care","Voluntary health care payment schemes",":"
"2010","Latvia","Purchasing power standard (PPS) per inhabitant","All providers of health care","Voluntary health care payment schemes",":"
"2011","Latvia","Purchasing power standard (PPS) per inhabitant","All providers of health care","Voluntary health care payment schemes",":"
"2012","Latvia","Purchasing power standard (PPS) per inhabitant","All providers of health care","Voluntary health care payment schemes",":"
"2013","Latvia","Purchasing power standard (PPS) per inhabitant","All providers of health care","Voluntary health care payment schemes","14.06"
"2014","Latvia","Purchasing power standard (PPS) per inhabitant","All providers of health care","Voluntary health care payment schemes","11.98"
"2015","Latvia","Purchasing power standard (PPS) per inhabitant","All providers of health care","Voluntary health care payment schemes","9.77"
"2016","Latvia","Purchasing power standard (PPS) per inhabitant","All providers of health care","Voluntary health care payment schemes","9.62"
"2017","Latvia","Purchasing power standard (PPS) per inhabitant","All providers of health care","Voluntary health care payment schemes","10.70"
"2018","Latvia","Purchasing power standard (PPS) per inhabitant","All providers of health care","Voluntary health care payment schemes",":"
"2003","Lithuania","Purchasing power standard (PPS) per inhabitant","All providers of health care","Voluntary health care payment schemes",":"
"2004","Lithuania","Purchasing power standard (PPS) per inhabitant","All providers of health care","Voluntary health care payment schemes",":"
"2005","Lithuania","Purchasing power standard (PPS) per inhabitant","All providers of health care","Voluntary health care payment schemes",":"
"2006","Lithuania","Purchasing power standard (PPS) per inhabitant","All providers of health care","Voluntary health care payment schemes","4.44"
"2007","Lithuania","Purchasing power standard (PPS) per inhabitant","All providers of health care","Voluntary health care payment schemes","4.63"
"2008","Lithuania","Purchasing power standard (PPS) per inhabitant","All providers of health care","Voluntary health care payment schemes","6.30"
"2009","Lithuania","Purchasing power standard (PPS) per inhabitant","All providers of health care","Voluntary health care payment schemes","7.44"
"2010","Lithuania","Purchasing power standard (PPS) per inhabitant","All providers of health care","Voluntary health care payment schemes","6.68"
"2011","Lithuania","Purchasing power standard (PPS) per inhabitant","All providers of health care","Voluntary health care payment schemes","8.00"
"2012","Lithuania","Purchasing power standard (PPS) per inhabitant","All providers of health care","Voluntary health care payment schemes","9.92"
"2013","Lithuania","Purchasing power standard (PPS) per inhabitant","All providers of health care","Voluntary health care payment schemes","11.15"
"2014","Lithuania","Purchasing power standard (PPS) per inhabitant","All providers of health care","Voluntary health care payment schemes","12.15"
"2015","Lithuania","Purchasing power standard (PPS) per inhabitant","All providers of health care","Voluntary health care payment schemes","14.32"
"2016","Lithuania","Purchasing power standard (PPS) per inhabitant","All providers of health care","Voluntary health care payment schemes","16.58"
"2017","Lithuania","Purchasing power standard (PPS) per inhabitant","All providers of health care","Voluntary health care payment schemes","19.29"
"2018","Lithuania","Purchasing power standard (PPS) per inhabitant","All providers of health care","Voluntary health care payment schemes","22.04"
"2003","Luxembourg","Purchasing power standard (PPS) per inhabitant","All providers of health care","Voluntary health care payment schemes",":"
"2004","Luxembourg","Purchasing power standard (PPS) per inhabitant","All providers of health care","Voluntary health care payment schemes",":"
"2005","Luxembourg","Purchasing power standard (PPS) per inhabitant","All providers of health care","Voluntary health care payment schemes",":"
"2006","Luxembourg","Purchasing power standard (PPS) per inhabitant","All providers of health care","Voluntary health care payment schemes",":"
"2007","Luxembourg","Purchasing power standard (PPS) per inhabitant","All providers of health care","Voluntary health care payment schemes",":"
"2008","Luxembourg","Purchasing power standard (PPS) per inhabitant","All providers of health care","Voluntary health care payment schemes",":"
"2009","Luxembourg","Purchasing power standard (PPS) per inhabitant","All providers of health care","Voluntary health care payment schemes",":"
"2010","Luxembourg","Purchasing power standard (PPS) per inhabitant","All providers of health care","Voluntary health care payment schemes",":"
"2011","Luxembourg","Purchasing power standard (PPS) per inhabitant","All providers of health care","Voluntary health care payment schemes","223.15"
"2012","Luxembourg","Purchasing power standard (PPS) per inhabitant","All providers of health care","Voluntary health care payment schemes","141.91"
"2013","Luxembourg","Purchasing power standard (PPS) per inhabitant","All providers of health care","Voluntary health care payment schemes","148.71"
"2014","Luxembourg","Purchasing power standard (PPS) per inhabitant","All providers of health care","Voluntary health care payment schemes","145.48"
"2015","Luxembourg","Purchasing power standard (PPS) per inhabitant","All providers of health care","Voluntary health care payment schemes","155.10"
"2016","Luxembourg","Purchasing power standard (PPS) per inhabitant","All providers of health care","Voluntary health care payment schemes","155.88"
"2017","Luxembourg","Purchasing power standard (PPS) per inhabitant","All providers of health care","Voluntary health care payment schemes","144.89"
"2018","Luxembourg","Purchasing power standard (PPS) per inhabitant","All providers of health care","Voluntary health care payment schemes","152.78"
"2003","Hungary","Purchasing power standard (PPS) per inhabitant","All providers of health care","Voluntary health care payment schemes",":"
"2004","Hungary","Purchasing power standard (PPS) per inhabitant","All providers of health care","Voluntary health care payment schemes",":"
"2005","Hungary","Purchasing power standard (PPS) per inhabitant","All providers of health care","Voluntary health care payment schemes",":"
"2006","Hungary","Purchasing power standard (PPS) per inhabitant","All providers of health care","Voluntary health care payment schemes","52.67"
"2007","Hungary","Purchasing power standard (PPS) per inhabitant","All providers of health care","Voluntary health care payment schemes","57.19"
"2008","Hungary","Purchasing power standard (PPS) per inhabitant","All providers of health care","Voluntary health care payment schemes","56.69"
"2009","Hungary","Purchasing power standard (PPS) per inhabitant","All providers of health care","Voluntary health care payment schemes","63.65"
"2010","Hungary","Purchasing power standard (PPS) per inhabitant","All providers of health care","Voluntary health care payment schemes","70.96"
"2011","Hungary","Purchasing power standard (PPS) per inhabitant","All providers of health care","Voluntary health care payment schemes","71.52"
"2012","Hungary","Purchasing power standard (PPS) per inhabitant","All providers of health care","Voluntary health care payment schemes","69.47"
"2013","Hungary","Purchasing power standard (PPS) per inhabitant","All providers of health care","Voluntary health care payment schemes","68.65"
"2014","Hungary","Purchasing power standard (PPS) per inhabitant","All providers of health care","Voluntary health care payment schemes","64.82"
"2015","Hungary","Purchasing power standard (PPS) per inhabitant","All providers of health care","Voluntary health care payment schemes","64.01"
"2016","Hungary","Purchasing power standard (PPS) per inhabitant","All providers of health care","Voluntary health care payment schemes","62.50"
"2017","Hungary","Purchasing power standard (PPS) per inhabitant","All providers of health care","Voluntary health care payment schemes","56.58"
"2018","Hungary","Purchasing power standard (PPS) per inhabitant","All providers of health care","Voluntary health care payment schemes","56.47"
"2003","Malta","Purchasing power standard (PPS) per inhabitant","All providers of health care","Voluntary health care payment schemes",":"
"2004","Malta","Purchasing power standard (PPS) per inhabitant","All providers of health care","Voluntary health care payment schemes",":"
"2005","Malta","Purchasing power standard (PPS) per inhabitant","All providers of health care","Voluntary health care payment schemes",":"
"2006","Malta","Purchasing power standard (PPS) per inhabitant","All providers of health care","Voluntary health care payment schemes",":"
"2007","Malta","Purchasing power standard (PPS) per inhabitant","All providers of health care","Voluntary health care payment schemes",":"
"2008","Malta","Purchasing power standard (PPS) per inhabitant","All providers of health care","Voluntary health care payment schemes",":"
"2009","Malta","Purchasing power standard (PPS) per inhabitant","All providers of health care","Voluntary health care payment schemes",":"
"2010","Malta","Purchasing power standard (PPS) per inhabitant","All providers of health care","Voluntary health care payment schemes",":"
"2011","Malta","Purchasing power standard (PPS) per inhabitant","All providers of health care","Voluntary health care payment schemes",":"
"2012","Malta","Purchasing power standard (PPS) per inhabitant","All providers of health care","Voluntary health care payment schemes",":"
"2013","Malta","Purchasing power standard (PPS) per inhabitant","All providers of health care","Voluntary health care payment schemes",":"
"2014","Malta","Purchasing power standard (PPS) per inhabitant","All providers of health care","Voluntary health care payment schemes","43.55"
"2015","Malta","Purchasing power standard (PPS) per inhabitant","All providers of health care","Voluntary health care payment schemes","49.04"
"2016","Malta","Purchasing power standard (PPS) per inhabitant","All providers of health care","Voluntary health care payment schemes","46.77"
"2017","Malta","Purchasing power standard (PPS) per inhabitant","All providers of health care","Voluntary health care payment schemes","51.07"
"2018","Malta","Purchasing power standard (PPS) per inhabitant","All providers of health care","Voluntary health care payment schemes",":"
"2003","Netherlands","Purchasing power standard (PPS) per inhabitant","All providers of health care","Voluntary health care payment schemes","544.57"
"2004","Netherlands","Purchasing power standard (PPS) per inhabitant","All providers of health care","Voluntary health care payment schemes","606.87"
"2005","Netherlands","Purchasing power standard (PPS) per inhabitant","All providers of health care","Voluntary health care payment schemes","647.22"
"2006","Netherlands","Purchasing power standard (PPS) per inhabitant","All providers of health care","Voluntary health care payment schemes","251.54"
"2007","Netherlands","Purchasing power standard (PPS) per inhabitant","All providers of health care","Voluntary health care payment schemes","271.00"
"2008","Netherlands","Purchasing power standard (PPS) per inhabitant","All providers of health care","Voluntary health care payment schemes","259.19"
"2009","Netherlands","Purchasing power standard (PPS) per inhabitant","All providers of health care","Voluntary health care payment schemes","269.83"
"2010","Netherlands","Purchasing power standard (PPS) per inhabitant","All providers of health care","Voluntary health care payment schemes","261.89"
"2011","Netherlands","Purchasing power standard (PPS) per inhabitant","All providers of health care","Voluntary health care payment schemes","277.95"
"2012","Netherlands","Purchasing power standard (PPS) per inhabitant","All providers of health care","Voluntary health care payment schemes","287.90"
"2013","Netherlands","Purchasing power standard (PPS) per inhabitant","All providers of health care","Voluntary health care payment schemes","272.17"
"2014","Netherlands","Purchasing power standard (PPS) per inhabitant","All providers of health care","Voluntary health care payment schemes","275.89"
"2015","Netherlands","Purchasing power standard (PPS) per inhabitant","All providers of health care","Voluntary health care payment schemes","281.54"
"2016","Netherlands","Purchasing power standard (PPS) per inhabitant","All providers of health care","Voluntary health care payment schemes","283.64"
"2017","Netherlands","Purchasing power standard (PPS) per inhabitant","All providers of health care","Voluntary health care payment schemes","277.15"
"2018","Netherlands","Purchasing power standard (PPS) per inhabitant","All providers of health care","Voluntary health care payment schemes","278.78"
"2003","Austria","Purchasing power standard (PPS) per inhabitant","All providers of health care","Voluntary health care payment schemes",":"
"2004","Austria","Purchasing power standard (PPS) per inhabitant","All providers of health care","Voluntary health care payment schemes","202.17"
"2005","Austria","Purchasing power standard (PPS) per inhabitant","All providers of health care","Voluntary health care payment schemes","197.98"
"2006","Austria","Purchasing power standard (PPS) per inhabitant","All providers of health care","Voluntary health care payment schemes","204.67"
"2007","Austria","Purchasing power standard (PPS) per inhabitant","All providers of health care","Voluntary health care payment schemes","214.41"
"2008","Austria","Purchasing power standard (PPS) per inhabitant","All providers of health care","Voluntary health care payment schemes","217.97"
"2009","Austria","Purchasing power standard (PPS) per inhabitant","All providers of health care","Voluntary health care payment schemes","219.96"
"2010","Austria","Purchasing power standard (PPS) per inhabitant","All providers of health care","Voluntary health care payment schemes","223.54"
"2011","Austria","Purchasing power standard (PPS) per inhabitant","All providers of health care","Voluntary health care payment schemes","223.74"
"2012","Austria","Purchasing power standard (PPS) per inhabitant","All providers of health care","Voluntary health care payment schemes","235.46"
"2013","Austria","Purchasing power standard (PPS) per inhabitant","All providers of health care","Voluntary health care payment schemes","245.65"
"2014","Austria","Purchasing power standard (PPS) per inhabitant","All providers of health care","Voluntary health care payment schemes","255.26"
"2015","Austria","Purchasing power standard (PPS) per inhabitant","All providers of health care","Voluntary health care payment schemes","263.91"
"2016","Austria","Purchasing power standard (PPS) per inhabitant","All providers of health care","Voluntary health care payment schemes","260.77"
"2017","Austria","Purchasing power standard (PPS) per inhabitant","All providers of health care","Voluntary health care payment schemes","266.00"
"2018","Austria","Purchasing power standard (PPS) per inhabitant","All providers of health care","Voluntary health care payment schemes","275.94"
"2003","Poland","Purchasing power standard (PPS) per inhabitant","All providers of health care","Voluntary health care payment schemes",":"
"2004","Poland","Purchasing power standard (PPS) per inhabitant","All providers of health care","Voluntary health care payment schemes",":"
"2005","Poland","Purchasing power standard (PPS) per inhabitant","All providers of health care","Voluntary health care payment schemes",":"
"2006","Poland","Purchasing power standard (PPS) per inhabitant","All providers of health care","Voluntary health care payment schemes",":"
"2007","Poland","Purchasing power standard (PPS) per inhabitant","All providers of health care","Voluntary health care payment schemes",":"
"2008","Poland","Purchasing power standard (PPS) per inhabitant","All providers of health care","Voluntary health care payment schemes",":"
"2009","Poland","Purchasing power standard (PPS) per inhabitant","All providers of health care","Voluntary health care payment schemes",":"
"2010","Poland","Purchasing power standard (PPS) per inhabitant","All providers of health care","Voluntary health care payment schemes",":"
"2011","Poland","Purchasing power standard (PPS) per inhabitant","All providers of health care","Voluntary health care payment schemes",":"
"2012","Poland","Purchasing power standard (PPS) per inhabitant","All providers of health care","Voluntary health care payment schemes",":"
"2013","Poland","Purchasing power standard (PPS) per inhabitant","All providers of health care","Voluntary health care payment schemes","71.87"
"2014","Poland","Purchasing power standard (PPS) per inhabitant","All providers of health care","Voluntary health care payment schemes","79.91"
"2015","Poland","Purchasing power standard (PPS) per inhabitant","All providers of health care","Voluntary health care payment schemes","94.82"
"2016","Poland","Purchasing power standard (PPS) per inhabitant","All providers of health care","Voluntary health care payment schemes","103.80"
"2017","Poland","Purchasing power standard (PPS) per inhabitant","All providers of health care","Voluntary health care payment schemes",":"
"2018","Poland","Purchasing power standard (PPS) per inhabitant","All providers of health care","Voluntary health care payment schemes",":"
"2003","Portugal","Purchasing power standard (PPS) per inhabitant","All providers of health care","Voluntary health care payment schemes","87.87"
"2004","Portugal","Purchasing power standard (PPS) per inhabitant","All providers of health care","Voluntary health care payment schemes","98.02"
"2005","Portugal","Purchasing power standard (PPS) per inhabitant","All providers of health care","Voluntary health care payment schemes","96.39"
"2006","Portugal","Purchasing power standard (PPS) per inhabitant","All providers of health care","Voluntary health care payment schemes","104.00"
"2007","Portugal","Purchasing power standard (PPS) per inhabitant","All providers of health care","Voluntary health care payment schemes","104.73"
"2008","Portugal","Purchasing power standard (PPS) per inhabitant","All providers of health care","Voluntary health care payment schemes","110.63"
"2009","Portugal","Purchasing power standard (PPS) per inhabitant","All providers of health care","Voluntary health care payment schemes","105.31"
"2010","Portugal","Purchasing power standard (PPS) per inhabitant","All providers of health care","Voluntary health care payment schemes","111.65"
"2011","Portugal","Purchasing power standard (PPS) per inhabitant","All providers of health care","Voluntary health care payment schemes","112.06"
"2012","Portugal","Purchasing power standard (PPS) per inhabitant","All providers of health care","Voluntary health care payment schemes","113.25"
"2013","Portugal","Purchasing power standard (PPS) per inhabitant","All providers of health care","Voluntary health care payment schemes","111.55"
"2014","Portugal","Purchasing power standard (PPS) per inhabitant","All providers of health care","Voluntary health care payment schemes","116.15"
"2015","Portugal","Purchasing power standard (PPS) per inhabitant","All providers of health care","Voluntary health care payment schemes","120.79"
"2016","Portugal","Purchasing power standard (PPS) per inhabitant","All providers of health care","Voluntary health care payment schemes","118.04"
"2017","Portugal","Purchasing power standard (PPS) per inhabitant","All providers of health care","Voluntary health care payment schemes","124.75"
"2018","Portugal","Purchasing power standard (PPS) per inhabitant","All providers of health care","Voluntary health care payment schemes",":"
"2003","Romania","Purchasing power standard (PPS) per inhabitant","All providers of health care","Voluntary health care payment schemes",":"
"2004","Romania","Purchasing power standard (PPS) per inhabitant","All providers of health care","Voluntary health care payment schemes",":"
"2005","Romania","Purchasing power standard (PPS) per inhabitant","All providers of health care","Voluntary health care payment schemes",":"
"2006","Romania","Purchasing power standard (PPS) per inhabitant","All providers of health care","Voluntary health care payment schemes",":"
"2007","Romania","Purchasing power standard (PPS) per inhabitant","All providers of health care","Voluntary health care payment schemes",":"
"2008","Romania","Purchasing power standard (PPS) per inhabitant","All providers of health care","Voluntary health care payment schemes",":"
"2009","Romania","Purchasing power standard (PPS) per inhabitant","All providers of health care","Voluntary health care payment schemes",":"
"2010","Romania","Purchasing power standard (PPS) per inhabitant","All providers of health care","Voluntary health care payment schemes",":"
"2011","Romania","Purchasing power standard (PPS) per inhabitant","All providers of health care","Voluntary health care payment schemes","3.03"
"2012","Romania","Purchasing power standard (PPS) per inhabitant","All providers of health care","Voluntary health care payment schemes","4.46"
"2013","Romania","Purchasing power standard (PPS) per inhabitant","All providers of health care","Voluntary health care payment schemes","3.79"
"2014","Romania","Purchasing power standard (PPS) per inhabitant","All providers of health care","Voluntary health care payment schemes","5.51"
"2015","Romania","Purchasing power standard (PPS) per inhabitant","All providers of health care","Voluntary health care payment schemes","5.90"
"2016","Romania","Purchasing power standard (PPS) per inhabitant","All providers of health care","Voluntary health care payment schemes","8.47"
"2017","Romania","Purchasing power standard (PPS) per inhabitant","All providers of health care","Voluntary health care payment schemes","8.91"
"2018","Romania","Purchasing power standard (PPS) per inhabitant","All providers of health care","Voluntary health care payment schemes","9.83"
"2003","Slovenia","Purchasing power standard (PPS) per inhabitant","All providers of health care","Voluntary health care payment schemes",":"
"2004","Slovenia","Purchasing power standard (PPS) per inhabitant","All providers of health care","Voluntary health care payment schemes",":"
"2005","Slovenia","Purchasing power standard (PPS) per inhabitant","All providers of health care","Voluntary health care payment schemes",":"
"2006","Slovenia","Purchasing power standard (PPS) per inhabitant","All providers of health care","Voluntary health care payment schemes",":"
"2007","Slovenia","Purchasing power standard (PPS) per inhabitant","All providers of health care","Voluntary health care payment schemes",":"
"2008","Slovenia","Purchasing power standard (PPS) per inhabitant","All providers of health care","Voluntary health care payment schemes",":"
"2009","Slovenia","Purchasing power standard (PPS) per inhabitant","All providers of health care","Voluntary health care payment schemes",":"
"2010","Slovenia","Purchasing power standard (PPS) per inhabitant","All providers of health care","Voluntary health care payment schemes",":"
"2011","Slovenia","Purchasing power standard (PPS) per inhabitant","All providers of health care","Voluntary health care payment schemes",":"
"2012","Slovenia","Purchasing power standard (PPS) per inhabitant","All providers of health care","Voluntary health care payment schemes",":"
"2013","Slovenia","Purchasing power standard (PPS) per inhabitant","All providers of health care","Voluntary health care payment schemes",":"
"2014","Slovenia","Purchasing power standard (PPS) per inhabitant","All providers of health care","Voluntary health care payment schemes","302.91"
"2015","Slovenia","Purchasing power standard (PPS) per inhabitant","All providers of health care","Voluntary health care payment schemes","315.90"
"2016","Slovenia","Purchasing power standard (PPS) per inhabitant","All providers of health care","Voluntary health care payment schemes","308.31"
"2017","Slovenia","Purchasing power standard (PPS) per inhabitant","All providers of health care","Voluntary health care payment schemes","318.87"
"2018","Slovenia","Purchasing power standard (PPS) per inhabitant","All providers of health care","Voluntary health care payment schemes",":"
"2003","Slovakia","Purchasing power standard (PPS) per inhabitant","All providers of health care","Voluntary health care payment schemes",":"
"2004","Slovakia","Purchasing power standard (PPS) per inhabitant","All providers of health care","Voluntary health care payment schemes",":"
"2005","Slovakia","Purchasing power standard (PPS) per inhabitant","All providers of health care","Voluntary health care payment schemes",":"
"2006","Slovakia","Purchasing power standard (PPS) per inhabitant","All providers of health care","Voluntary health care payment schemes",":"
"2007","Slovakia","Purchasing power standard (PPS) per inhabitant","All providers of health care","Voluntary health care payment schemes",":"
"2008","Slovakia","Purchasing power standard (PPS) per inhabitant","All providers of health care","Voluntary health care payment schemes",":"
"2009","Slovakia","Purchasing power standard (PPS) per inhabitant","All providers of health care","Voluntary health care payment schemes",":"
"2010","Slovakia","Purchasing power standard (PPS) per inhabitant","All providers of health care","Voluntary health care payment schemes",":"
"2011","Slovakia","Purchasing power standard (PPS) per inhabitant","All providers of health care","Voluntary health care payment schemes",":"
"2012","Slovakia","Purchasing power standard (PPS) per inhabitant","All providers of health care","Voluntary health care payment schemes","74.43"
"2013","Slovakia","Purchasing power standard (PPS) per inhabitant","All providers of health care","Voluntary health care payment schemes","40.22"
"2014","Slovakia","Purchasing power standard (PPS) per inhabitant","All providers of health care","Voluntary health care payment schemes","27.04"
"2015","Slovakia","Purchasing power standard (PPS) per inhabitant","All providers of health care","Voluntary health care payment schemes","29.52"
"2016","Slovakia","Purchasing power standard (PPS) per inhabitant","All providers of health care","Voluntary health care payment schemes","23.73"
"2017","Slovakia","Purchasing power standard (PPS) per inhabitant","All providers of health care","Voluntary health care payment schemes","21.70"
"2018","Slovakia","Purchasing power standard (PPS) per inhabitant","All providers of health care","Voluntary health care payment schemes",":"
"2003","Finland","Purchasing power standard (PPS) per inhabitant","All providers of health care","Voluntary health care payment schemes","77.61"
"2004","Finland","Purchasing power standard (PPS) per inhabitant","All providers of health care","Voluntary health care payment schemes","82.88"
"2005","Finland","Purchasing power standard (PPS) per inhabitant","All providers of health care","Voluntary health care payment schemes","86.58"
"2006","Finland","Purchasing power standard (PPS) per inhabitant","All providers of health care","Voluntary health care payment schemes","89.05"
"2007","Finland","Purchasing power standard (PPS) per inhabitant","All providers of health care","Voluntary health care payment schemes","94.88"
"2008","Finland","Purchasing power standard (PPS) per inhabitant","All providers of health care","Voluntary health care payment schemes","105.11"
"2009","Finland","Purchasing power standard (PPS) per inhabitant","All providers of health care","Voluntary health care payment schemes","107.32"
"2010","Finland","Purchasing power standard (PPS) per inhabitant","All providers of health care","Voluntary health care payment schemes","109.54"
"2011","Finland","Purchasing power standard (PPS) per inhabitant","All providers of health care","Voluntary health care payment schemes","118.04"
"2012","Finland","Purchasing power standard (PPS) per inhabitant","All providers of health care","Voluntary health care payment schemes","127.28"
"2013","Finland","Purchasing power standard (PPS) per inhabitant","All providers of health care","Voluntary health care payment schemes","126.46"
"2014","Finland","Purchasing power standard (PPS) per inhabitant","All providers of health care","Voluntary health care payment schemes","131.09"
"2015","Finland","Purchasing power standard (PPS) per inhabitant","All providers of health care","Voluntary health care payment schemes","128.10"
"2016","Finland","Purchasing power standard (PPS) per inhabitant","All providers of health care","Voluntary health care payment schemes","136.04"
"2017","Finland","Purchasing power standard (PPS) per inhabitant","All providers of health care","Voluntary health care payment schemes","140.17"
"2018","Finland","Purchasing power standard (PPS) per inhabitant","All providers of health care","Voluntary health care payment schemes",":"
"2003","Sweden","Purchasing power standard (PPS) per inhabitant","All providers of health care","Voluntary health care payment schemes",":"
"2004","Sweden","Purchasing power standard (PPS) per inhabitant","All providers of health care","Voluntary health care payment schemes",":"
"2005","Sweden","Purchasing power standard (PPS) per inhabitant","All providers of health care","Voluntary health care payment schemes",":"
"2006","Sweden","Purchasing power standard (PPS) per inhabitant","All providers of health care","Voluntary health care payment schemes",":"
"2007","Sweden","Purchasing power standard (PPS) per inhabitant","All providers of health care","Voluntary health care payment schemes",":"
"2008","Sweden","Purchasing power standard (PPS) per inhabitant","All providers of health care","Voluntary health care payment schemes",":"
"2009","Sweden","Purchasing power standard (PPS) per inhabitant","All providers of health care","Voluntary health care payment schemes",":"
"2010","Sweden","Purchasing power standard (PPS) per inhabitant","All providers of health care","Voluntary health care payment schemes",":"
"2011","Sweden","Purchasing power standard (PPS) per inhabitant","All providers of health care","Voluntary health care payment schemes","33.29"
"2012","Sweden","Purchasing power standard (PPS) per inhabitant","All providers of health care","Voluntary health care payment schemes","35.16"
"2013","Sweden","Purchasing power standard (PPS) per inhabitant","All providers of health care","Voluntary health care payment schemes","37.47"
"2014","Sweden","Purchasing power standard (PPS) per inhabitant","All providers of health care","Voluntary health care payment schemes","39.05"
"2015","Sweden","Purchasing power standard (PPS) per inhabitant","All providers of health care","Voluntary health care payment schemes","40.24"
"2016","Sweden","Purchasing power standard (PPS) per inhabitant","All providers of health care","Voluntary health care payment schemes","41.36"
"2017","Sweden","Purchasing power standard (PPS) per inhabitant","All providers of health care","Voluntary health care payment schemes","44.55"
"2018","Sweden","Purchasing power standard (PPS) per inhabitant","All providers of health care","Voluntary health care payment schemes","44.21"
"2003","United Kingdom","Purchasing power standard (PPS) per inhabitant","All providers of health care","Voluntary health care payment schemes",":"
"2004","United Kingdom","Purchasing power standard (PPS) per inhabitant","All providers of health care","Voluntary health care payment schemes",":"
"2005","United Kingdom","Purchasing power standard (PPS) per inhabitant","All providers of health care","Voluntary health care payment schemes",":"
"2006","United Kingdom","Purchasing power standard (PPS) per inhabitant","All providers of health care","Voluntary health care payment schemes",":"
"2007","United Kingdom","Purchasing power standard (PPS) per inhabitant","All providers of health care","Voluntary health care payment schemes",":"
"2008","United Kingdom","Purchasing power standard (PPS) per inhabitant","All providers of health care","Voluntary health care payment schemes",":"
"2009","United Kingdom","Purchasing power standard (PPS) per inhabitant","All providers of health care","Voluntary health care payment schemes",":"
"2010","United Kingdom","Purchasing power standard (PPS) per inhabitant","All providers of health care","Voluntary health care payment schemes",":"
"2011","United Kingdom","Purchasing power standard (PPS) per inhabitant","All providers of health care","Voluntary health care payment schemes",":"
"2012","United Kingdom","Purchasing power standard (PPS) per inhabitant","All providers of health care","Voluntary health care payment schemes",":"
"2013","United Kingdom","Purchasing power standard (PPS) per inhabitant","All providers of health care","Voluntary health care payment schemes","150.56"
"2014","United Kingdom","Purchasing power standard (PPS) per inhabitant","All providers of health care","Voluntary health care payment schemes","155.36"
"2015","United Kingdom","Purchasing power standard (PPS) per inhabitant","All providers of health care","Voluntary health care payment schemes","158.43"
"2016","United Kingdom","Purchasing power standard (PPS) per inhabitant","All providers of health care","Voluntary health care payment schemes","144.48"
"2017","United Kingdom","Purchasing power standard (PPS) per inhabitant","All providers of health care","Voluntary health care payment schemes","151.98"
"2018","United Kingdom","Purchasing power standard (PPS) per inhabitant","All providers of health care","Voluntary health care payment schemes",":"
"2003","Iceland","Purchasing power standard (PPS) per inhabitant","All providers of health care","Voluntary health care payment schemes",":"
"2004","Iceland","Purchasing power standard (PPS) per inhabitant","All providers of health care","Voluntary health care payment schemes",":"
"2005","Iceland","Purchasing power standard (PPS) per inhabitant","All providers of health care","Voluntary health care payment schemes",":"
"2006","Iceland","Purchasing power standard (PPS) per inhabitant","All providers of health care","Voluntary health care payment schemes",":"
"2007","Iceland","Purchasing power standard (PPS) per inhabitant","All providers of health care","Voluntary health care payment schemes",":"
"2008","Iceland","Purchasing power standard (PPS) per inhabitant","All providers of health care","Voluntary health care payment schemes",":"
"2009","Iceland","Purchasing power standard (PPS) per inhabitant","All providers of health care","Voluntary health care payment schemes",":"
"2010","Iceland","Purchasing power standard (PPS) per inhabitant","All providers of health care","Voluntary health care payment schemes",":"
"2011","Iceland","Purchasing power standard (PPS) per inhabitant","All providers of health care","Voluntary health care payment schemes","37.86"
"2012","Iceland","Purchasing power standard (PPS) per inhabitant","All providers of health care","Voluntary health care payment schemes","39.23"
"2013","Iceland","Purchasing power standard (PPS) per inhabitant","All providers of health care","Voluntary health care payment schemes","39.61"
"2014","Iceland","Purchasing power standard (PPS) per inhabitant","All providers of health care","Voluntary health care payment schemes","41.70"
"2015","Iceland","Purchasing power standard (PPS) per inhabitant","All providers of health care","Voluntary health care payment schemes","44.85"
"2016","Iceland","Purchasing power standard (PPS) per inhabitant","All providers of health care","Voluntary health care payment schemes","47.07"
"2017","Iceland","Purchasing power standard (PPS) per inhabitant","All providers of health care","Voluntary health care payment schemes","50.74"
"2018","Iceland","Purchasing power standard (PPS) per inhabitant","All providers of health care","Voluntary health care payment schemes","53.44"
"2003","Liechtenstein","Purchasing power standard (PPS) per inhabitant","All providers of health care","Voluntary health care payment schemes",":"
"2004","Liechtenstein","Purchasing power standard (PPS) per inhabitant","All providers of health care","Voluntary health care payment schemes",":"
"2005","Liechtenstein","Purchasing power standard (PPS) per inhabitant","All providers of health care","Voluntary health care payment schemes",":"
"2006","Liechtenstein","Purchasing power standard (PPS) per inhabitant","All providers of health care","Voluntary health care payment schemes",":"
"2007","Liechtenstein","Purchasing power standard (PPS) per inhabitant","All providers of health care","Voluntary health care payment schemes",":"
"2008","Liechtenstein","Purchasing power standard (PPS) per inhabitant","All providers of health care","Voluntary health care payment schemes",":"
"2009","Liechtenstein","Purchasing power standard (PPS) per inhabitant","All providers of health care","Voluntary health care payment schemes",":"
"2010","Liechtenstein","Purchasing power standard (PPS) per inhabitant","All providers of health care","Voluntary health care payment schemes",":"
"2011","Liechtenstein","Purchasing power standard (PPS) per inhabitant","All providers of health care","Voluntary health care payment schemes",":"
"2012","Liechtenstein","Purchasing power standard (PPS) per inhabitant","All providers of health care","Voluntary health care payment schemes",":"
"2013","Liechtenstein","Purchasing power standard (PPS) per inhabitant","All providers of health care","Voluntary health care payment schemes",":"
"2014","Liechtenstein","Purchasing power standard (PPS) per inhabitant","All providers of health care","Voluntary health care payment schemes",":"
"2015","Liechtenstein","Purchasing power standard (PPS) per inhabitant","All providers of health care","Voluntary health care payment schemes",":"
"2016","Liechtenstein","Purchasing power standard (PPS) per inhabitant","All providers of health care","Voluntary health care payment schemes",":"
"2017","Liechtenstein","Purchasing power standard (PPS) per inhabitant","All providers of health care","Voluntary health care payment schemes",":"
"2018","Liechtenstein","Purchasing power standard (PPS) per inhabitant","All providers of health care","Voluntary health care payment schemes",":"
"2003","Norway","Purchasing power standard (PPS) per inhabitant","All providers of health care","Voluntary health care payment schemes",":"
"2004","Norway","Purchasing power standard (PPS) per inhabitant","All providers of health care","Voluntary health care payment schemes",":"
"2005","Norway","Purchasing power standard (PPS) per inhabitant","All providers of health care","Voluntary health care payment schemes",":"
"2006","Norway","Purchasing power standard (PPS) per inhabitant","All providers of health care","Voluntary health care payment schemes",":"
"2007","Norway","Purchasing power standard (PPS) per inhabitant","All providers of health care","Voluntary health care payment schemes",":"
"2008","Norway","Purchasing power standard (PPS) per inhabitant","All providers of health care","Voluntary health care payment schemes",":"
"2009","Norway","Purchasing power standard (PPS) per inhabitant","All providers of health care","Voluntary health care payment schemes",":"
"2010","Norway","Purchasing power standard (PPS) per inhabitant","All providers of health care","Voluntary health care payment schemes",":"
"2011","Norway","Purchasing power standard (PPS) per inhabitant","All providers of health care","Voluntary health care payment schemes","14.12"
"2012","Norway","Purchasing power standard (PPS) per inhabitant","All providers of health care","Voluntary health care payment schemes","17.88"
"2013","Norway","Purchasing power standard (PPS) per inhabitant","All providers of health care","Voluntary health care payment schemes","15.86"
"2014","Norway","Purchasing power standard (PPS) per inhabitant","All providers of health care","Voluntary health care payment schemes","14.47"
"2015","Norway","Purchasing power standard (PPS) per inhabitant","All providers of health care","Voluntary health care payment schemes","15.29"
"2016","Norway","Purchasing power standard (PPS) per inhabitant","All providers of health care","Voluntary health care payment schemes","15.24"
"2017","Norway","Purchasing power standard (PPS) per inhabitant","All providers of health care","Voluntary health care payment schemes","16.11"
"2018","Norway","Purchasing power standard (PPS) per inhabitant","All providers of health care","Voluntary health care payment schemes","16.38"
"2003","Switzerland","Purchasing power standard (PPS) per inhabitant","All providers of health care","Voluntary health care payment schemes",":"
"2004","Switzerland","Purchasing power standard (PPS) per inhabitant","All providers of health care","Voluntary health care payment schemes",":"
"2005","Switzerland","Purchasing power standard (PPS) per inhabitant","All providers of health care","Voluntary health care payment schemes",":"
"2006","Switzerland","Purchasing power standard (PPS) per inhabitant","All providers of health care","Voluntary health care payment schemes",":"
"2007","Switzerland","Purchasing power standard (PPS) per inhabitant","All providers of health care","Voluntary health care payment schemes",":"
"2008","Switzerland","Purchasing power standard (PPS) per inhabitant","All providers of health care","Voluntary health care payment schemes",":"
"2009","Switzerland","Purchasing power standard (PPS) per inhabitant","All providers of health care","Voluntary health care payment schemes",":"
"2010","Switzerland","Purchasing power standard (PPS) per inhabitant","All providers of health care","Voluntary health care payment schemes","376.85"
"2011","Switzerland","Purchasing power standard (PPS) per inhabitant","All providers of health care","Voluntary health care payment schemes","388.99"
"2012","Switzerland","Purchasing power standard (PPS) per inhabitant","All providers of health care","Voluntary health care payment schemes","342.16"
"2013","Switzerland","Purchasing power standard (PPS) per inhabitant","All providers of health care","Voluntary health care payment schemes","352.22"
"2014","Switzerland","Purchasing power standard (PPS) per inhabitant","All providers of health care","Voluntary health care payment schemes","369.63"
"2015","Switzerland","Purchasing power standard (PPS) per inhabitant","All providers of health care","Voluntary health care payment schemes","398.38"
"2016","Switzerland","Purchasing power standard (PPS) per inhabitant","All providers of health care","Voluntary health care payment schemes","398.88"
"2017","Switzerland","Purchasing power standard (PPS) per inhabitant","All providers of health care","Voluntary health care payment schemes","391.60"
"2018","Switzerland","Purchasing power standard (PPS) per inhabitant","All providers of health care","Voluntary health care payment schemes",":"
