"TIME","GEO","UNIT","ICHA11_HP","ICHA11_HF","Value"
"2003","Belgium","Euro per inhabitant","All providers of health care","Rest of the world financing schemes (non-resident)","0.00"
"2004","Belgium","Euro per inhabitant","All providers of health care","Rest of the world financing schemes (non-resident)","0.00"
"2005","Belgium","Euro per inhabitant","All providers of health care","Rest of the world financing schemes (non-resident)","0.00"
"2006","Belgium","Euro per inhabitant","All providers of health care","Rest of the world financing schemes (non-resident)","0.00"
"2007","Belgium","Euro per inhabitant","All providers of health care","Rest of the world financing schemes (non-resident)","0.00"
"2008","Belgium","Euro per inhabitant","All providers of health care","Rest of the world financing schemes (non-resident)","0.00"
"2009","Belgium","Euro per inhabitant","All providers of health care","Rest of the world financing schemes (non-resident)","0.00"
"2010","Belgium","Euro per inhabitant","All providers of health care","Rest of the world financing schemes (non-resident)","0.00"
"2011","Belgium","Euro per inhabitant","All providers of health care","Rest of the world financing schemes (non-resident)","0.00"
"2012","Belgium","Euro per inhabitant","All providers of health care","Rest of the world financing schemes (non-resident)","0.00"
"2013","Belgium","Euro per inhabitant","All providers of health care","Rest of the world financing schemes (non-resident)","0.00"
"2014","Belgium","Euro per inhabitant","All providers of health care","Rest of the world financing schemes (non-resident)","0.00"
"2015","Belgium","Euro per inhabitant","All providers of health care","Rest of the world financing schemes (non-resident)","0.00"
"2016","Belgium","Euro per inhabitant","All providers of health care","Rest of the world financing schemes (non-resident)","0.00"
"2017","Belgium","Euro per inhabitant","All providers of health care","Rest of the world financing schemes (non-resident)","0.00"
"2018","Belgium","Euro per inhabitant","All providers of health care","Rest of the world financing schemes (non-resident)","0.00"
"2003","Bulgaria","Euro per inhabitant","All providers of health care","Rest of the world financing schemes (non-resident)",":"
"2004","Bulgaria","Euro per inhabitant","All providers of health care","Rest of the world financing schemes (non-resident)",":"
"2005","Bulgaria","Euro per inhabitant","All providers of health care","Rest of the world financing schemes (non-resident)",":"
"2006","Bulgaria","Euro per inhabitant","All providers of health care","Rest of the world financing schemes (non-resident)",":"
"2007","Bulgaria","Euro per inhabitant","All providers of health care","Rest of the world financing schemes (non-resident)",":"
"2008","Bulgaria","Euro per inhabitant","All providers of health care","Rest of the world financing schemes (non-resident)",":"
"2009","Bulgaria","Euro per inhabitant","All providers of health care","Rest of the world financing schemes (non-resident)",":"
"2010","Bulgaria","Euro per inhabitant","All providers of health care","Rest of the world financing schemes (non-resident)",":"
"2011","Bulgaria","Euro per inhabitant","All providers of health care","Rest of the world financing schemes (non-resident)",":"
"2012","Bulgaria","Euro per inhabitant","All providers of health care","Rest of the world financing schemes (non-resident)",":"
"2013","Bulgaria","Euro per inhabitant","All providers of health care","Rest of the world financing schemes (non-resident)","0.00"
"2014","Bulgaria","Euro per inhabitant","All providers of health care","Rest of the world financing schemes (non-resident)","0.00"
"2015","Bulgaria","Euro per inhabitant","All providers of health care","Rest of the world financing schemes (non-resident)","0.00"
"2016","Bulgaria","Euro per inhabitant","All providers of health care","Rest of the world financing schemes (non-resident)","0.00"
"2017","Bulgaria","Euro per inhabitant","All providers of health care","Rest of the world financing schemes (non-resident)","0.00"
"2018","Bulgaria","Euro per inhabitant","All providers of health care","Rest of the world financing schemes (non-resident)","0.00"
"2003","Czechia","Euro per inhabitant","All providers of health care","Rest of the world financing schemes (non-resident)",":"
"2004","Czechia","Euro per inhabitant","All providers of health care","Rest of the world financing schemes (non-resident)",":"
"2005","Czechia","Euro per inhabitant","All providers of health care","Rest of the world financing schemes (non-resident)",":"
"2006","Czechia","Euro per inhabitant","All providers of health care","Rest of the world financing schemes (non-resident)",":"
"2007","Czechia","Euro per inhabitant","All providers of health care","Rest of the world financing schemes (non-resident)",":"
"2008","Czechia","Euro per inhabitant","All providers of health care","Rest of the world financing schemes (non-resident)",":"
"2009","Czechia","Euro per inhabitant","All providers of health care","Rest of the world financing schemes (non-resident)",":"
"2010","Czechia","Euro per inhabitant","All providers of health care","Rest of the world financing schemes (non-resident)",":"
"2011","Czechia","Euro per inhabitant","All providers of health care","Rest of the world financing schemes (non-resident)",":"
"2012","Czechia","Euro per inhabitant","All providers of health care","Rest of the world financing schemes (non-resident)",":"
"2013","Czechia","Euro per inhabitant","All providers of health care","Rest of the world financing schemes (non-resident)",":"
"2014","Czechia","Euro per inhabitant","All providers of health care","Rest of the world financing schemes (non-resident)",":"
"2015","Czechia","Euro per inhabitant","All providers of health care","Rest of the world financing schemes (non-resident)","0.00"
"2016","Czechia","Euro per inhabitant","All providers of health care","Rest of the world financing schemes (non-resident)",":"
"2017","Czechia","Euro per inhabitant","All providers of health care","Rest of the world financing schemes (non-resident)",":"
"2018","Czechia","Euro per inhabitant","All providers of health care","Rest of the world financing schemes (non-resident)",":"
"2003","Denmark","Euro per inhabitant","All providers of health care","Rest of the world financing schemes (non-resident)",":"
"2004","Denmark","Euro per inhabitant","All providers of health care","Rest of the world financing schemes (non-resident)",":"
"2005","Denmark","Euro per inhabitant","All providers of health care","Rest of the world financing schemes (non-resident)",":"
"2006","Denmark","Euro per inhabitant","All providers of health care","Rest of the world financing schemes (non-resident)",":"
"2007","Denmark","Euro per inhabitant","All providers of health care","Rest of the world financing schemes (non-resident)",":"
"2008","Denmark","Euro per inhabitant","All providers of health care","Rest of the world financing schemes (non-resident)",":"
"2009","Denmark","Euro per inhabitant","All providers of health care","Rest of the world financing schemes (non-resident)",":"
"2010","Denmark","Euro per inhabitant","All providers of health care","Rest of the world financing schemes (non-resident)","0.00"
"2011","Denmark","Euro per inhabitant","All providers of health care","Rest of the world financing schemes (non-resident)","0.00"
"2012","Denmark","Euro per inhabitant","All providers of health care","Rest of the world financing schemes (non-resident)","0.00"
"2013","Denmark","Euro per inhabitant","All providers of health care","Rest of the world financing schemes (non-resident)","0.00"
"2014","Denmark","Euro per inhabitant","All providers of health care","Rest of the world financing schemes (non-resident)","0.00"
"2015","Denmark","Euro per inhabitant","All providers of health care","Rest of the world financing schemes (non-resident)","0.00"
"2016","Denmark","Euro per inhabitant","All providers of health care","Rest of the world financing schemes (non-resident)","0.00"
"2017","Denmark","Euro per inhabitant","All providers of health care","Rest of the world financing schemes (non-resident)","0.00"
"2018","Denmark","Euro per inhabitant","All providers of health care","Rest of the world financing schemes (non-resident)","0.00"
"2003","Germany (until 1990 former territory of the FRG)","Euro per inhabitant","All providers of health care","Rest of the world financing schemes (non-resident)",":"
"2004","Germany (until 1990 former territory of the FRG)","Euro per inhabitant","All providers of health care","Rest of the world financing schemes (non-resident)",":"
"2005","Germany (until 1990 former territory of the FRG)","Euro per inhabitant","All providers of health care","Rest of the world financing schemes (non-resident)",":"
"2006","Germany (until 1990 former territory of the FRG)","Euro per inhabitant","All providers of health care","Rest of the world financing schemes (non-resident)",":"
"2007","Germany (until 1990 former territory of the FRG)","Euro per inhabitant","All providers of health care","Rest of the world financing schemes (non-resident)",":"
"2008","Germany (until 1990 former territory of the FRG)","Euro per inhabitant","All providers of health care","Rest of the world financing schemes (non-resident)",":"
"2009","Germany (until 1990 former territory of the FRG)","Euro per inhabitant","All providers of health care","Rest of the world financing schemes (non-resident)",":"
"2010","Germany (until 1990 former territory of the FRG)","Euro per inhabitant","All providers of health care","Rest of the world financing schemes (non-resident)",":"
"2011","Germany (until 1990 former territory of the FRG)","Euro per inhabitant","All providers of health care","Rest of the world financing schemes (non-resident)",":"
"2012","Germany (until 1990 former territory of the FRG)","Euro per inhabitant","All providers of health care","Rest of the world financing schemes (non-resident)",":"
"2013","Germany (until 1990 former territory of the FRG)","Euro per inhabitant","All providers of health care","Rest of the world financing schemes (non-resident)",":"
"2014","Germany (until 1990 former territory of the FRG)","Euro per inhabitant","All providers of health care","Rest of the world financing schemes (non-resident)",":"
"2015","Germany (until 1990 former territory of the FRG)","Euro per inhabitant","All providers of health care","Rest of the world financing schemes (non-resident)",":"
"2016","Germany (until 1990 former territory of the FRG)","Euro per inhabitant","All providers of health care","Rest of the world financing schemes (non-resident)",":"
"2017","Germany (until 1990 former territory of the FRG)","Euro per inhabitant","All providers of health care","Rest of the world financing schemes (non-resident)",":"
"2018","Germany (until 1990 former territory of the FRG)","Euro per inhabitant","All providers of health care","Rest of the world financing schemes (non-resident)",":"
"2003","Estonia","Euro per inhabitant","All providers of health care","Rest of the world financing schemes (non-resident)","0.00"
"2004","Estonia","Euro per inhabitant","All providers of health care","Rest of the world financing schemes (non-resident)","0.00"
"2005","Estonia","Euro per inhabitant","All providers of health care","Rest of the world financing schemes (non-resident)","0.00"
"2006","Estonia","Euro per inhabitant","All providers of health care","Rest of the world financing schemes (non-resident)","0.01"
"2007","Estonia","Euro per inhabitant","All providers of health care","Rest of the world financing schemes (non-resident)","0.00"
"2008","Estonia","Euro per inhabitant","All providers of health care","Rest of the world financing schemes (non-resident)","0.00"
"2009","Estonia","Euro per inhabitant","All providers of health care","Rest of the world financing schemes (non-resident)","0.00"
"2010","Estonia","Euro per inhabitant","All providers of health care","Rest of the world financing schemes (non-resident)","0.00"
"2011","Estonia","Euro per inhabitant","All providers of health care","Rest of the world financing schemes (non-resident)","0.39"
"2012","Estonia","Euro per inhabitant","All providers of health care","Rest of the world financing schemes (non-resident)","0.27"
"2013","Estonia","Euro per inhabitant","All providers of health care","Rest of the world financing schemes (non-resident)","0.15"
"2014","Estonia","Euro per inhabitant","All providers of health care","Rest of the world financing schemes (non-resident)","0.38"
"2015","Estonia","Euro per inhabitant","All providers of health care","Rest of the world financing schemes (non-resident)","0.05"
"2016","Estonia","Euro per inhabitant","All providers of health care","Rest of the world financing schemes (non-resident)","0.02"
"2017","Estonia","Euro per inhabitant","All providers of health care","Rest of the world financing schemes (non-resident)","0.00"
"2018","Estonia","Euro per inhabitant","All providers of health care","Rest of the world financing schemes (non-resident)",":"
"2003","Ireland","Euro per inhabitant","All providers of health care","Rest of the world financing schemes (non-resident)",":"
"2004","Ireland","Euro per inhabitant","All providers of health care","Rest of the world financing schemes (non-resident)",":"
"2005","Ireland","Euro per inhabitant","All providers of health care","Rest of the world financing schemes (non-resident)",":"
"2006","Ireland","Euro per inhabitant","All providers of health care","Rest of the world financing schemes (non-resident)",":"
"2007","Ireland","Euro per inhabitant","All providers of health care","Rest of the world financing schemes (non-resident)",":"
"2008","Ireland","Euro per inhabitant","All providers of health care","Rest of the world financing schemes (non-resident)",":"
"2009","Ireland","Euro per inhabitant","All providers of health care","Rest of the world financing schemes (non-resident)",":"
"2010","Ireland","Euro per inhabitant","All providers of health care","Rest of the world financing schemes (non-resident)",":"
"2011","Ireland","Euro per inhabitant","All providers of health care","Rest of the world financing schemes (non-resident)",":"
"2012","Ireland","Euro per inhabitant","All providers of health care","Rest of the world financing schemes (non-resident)",":"
"2013","Ireland","Euro per inhabitant","All providers of health care","Rest of the world financing schemes (non-resident)",":"
"2014","Ireland","Euro per inhabitant","All providers of health care","Rest of the world financing schemes (non-resident)",":"
"2015","Ireland","Euro per inhabitant","All providers of health care","Rest of the world financing schemes (non-resident)",":"
"2016","Ireland","Euro per inhabitant","All providers of health care","Rest of the world financing schemes (non-resident)",":"
"2017","Ireland","Euro per inhabitant","All providers of health care","Rest of the world financing schemes (non-resident)",":"
"2018","Ireland","Euro per inhabitant","All providers of health care","Rest of the world financing schemes (non-resident)",":"
"2003","Greece","Euro per inhabitant","All providers of health care","Rest of the world financing schemes (non-resident)",":"
"2004","Greece","Euro per inhabitant","All providers of health care","Rest of the world financing schemes (non-resident)",":"
"2005","Greece","Euro per inhabitant","All providers of health care","Rest of the world financing schemes (non-resident)",":"
"2006","Greece","Euro per inhabitant","All providers of health care","Rest of the world financing schemes (non-resident)",":"
"2007","Greece","Euro per inhabitant","All providers of health care","Rest of the world financing schemes (non-resident)",":"
"2008","Greece","Euro per inhabitant","All providers of health care","Rest of the world financing schemes (non-resident)",":"
"2009","Greece","Euro per inhabitant","All providers of health care","Rest of the world financing schemes (non-resident)","0.19"
"2010","Greece","Euro per inhabitant","All providers of health care","Rest of the world financing schemes (non-resident)","0.38"
"2011","Greece","Euro per inhabitant","All providers of health care","Rest of the world financing schemes (non-resident)","3.13"
"2012","Greece","Euro per inhabitant","All providers of health care","Rest of the world financing schemes (non-resident)","2.22"
"2013","Greece","Euro per inhabitant","All providers of health care","Rest of the world financing schemes (non-resident)","11.37"
"2014","Greece","Euro per inhabitant","All providers of health care","Rest of the world financing schemes (non-resident)","16.76"
"2015","Greece","Euro per inhabitant","All providers of health care","Rest of the world financing schemes (non-resident)","21.59"
"2016","Greece","Euro per inhabitant","All providers of health care","Rest of the world financing schemes (non-resident)","3.50"
"2017","Greece","Euro per inhabitant","All providers of health care","Rest of the world financing schemes (non-resident)","2.39"
"2018","Greece","Euro per inhabitant","All providers of health care","Rest of the world financing schemes (non-resident)","1.81"
"2003","Spain","Euro per inhabitant","All providers of health care","Rest of the world financing schemes (non-resident)",":"
"2004","Spain","Euro per inhabitant","All providers of health care","Rest of the world financing schemes (non-resident)",":"
"2005","Spain","Euro per inhabitant","All providers of health care","Rest of the world financing schemes (non-resident)",":"
"2006","Spain","Euro per inhabitant","All providers of health care","Rest of the world financing schemes (non-resident)",":"
"2007","Spain","Euro per inhabitant","All providers of health care","Rest of the world financing schemes (non-resident)",":"
"2008","Spain","Euro per inhabitant","All providers of health care","Rest of the world financing schemes (non-resident)",":"
"2009","Spain","Euro per inhabitant","All providers of health care","Rest of the world financing schemes (non-resident)",":"
"2010","Spain","Euro per inhabitant","All providers of health care","Rest of the world financing schemes (non-resident)",":"
"2011","Spain","Euro per inhabitant","All providers of health care","Rest of the world financing schemes (non-resident)",":"
"2012","Spain","Euro per inhabitant","All providers of health care","Rest of the world financing schemes (non-resident)",":"
"2013","Spain","Euro per inhabitant","All providers of health care","Rest of the world financing schemes (non-resident)",":"
"2014","Spain","Euro per inhabitant","All providers of health care","Rest of the world financing schemes (non-resident)",":"
"2015","Spain","Euro per inhabitant","All providers of health care","Rest of the world financing schemes (non-resident)",":"
"2016","Spain","Euro per inhabitant","All providers of health care","Rest of the world financing schemes (non-resident)",":"
"2017","Spain","Euro per inhabitant","All providers of health care","Rest of the world financing schemes (non-resident)",":"
"2018","Spain","Euro per inhabitant","All providers of health care","Rest of the world financing schemes (non-resident)",":"
"2003","France","Euro per inhabitant","All providers of health care","Rest of the world financing schemes (non-resident)",":"
"2004","France","Euro per inhabitant","All providers of health care","Rest of the world financing schemes (non-resident)",":"
"2005","France","Euro per inhabitant","All providers of health care","Rest of the world financing schemes (non-resident)",":"
"2006","France","Euro per inhabitant","All providers of health care","Rest of the world financing schemes (non-resident)",":"
"2007","France","Euro per inhabitant","All providers of health care","Rest of the world financing schemes (non-resident)",":"
"2008","France","Euro per inhabitant","All providers of health care","Rest of the world financing schemes (non-resident)",":"
"2009","France","Euro per inhabitant","All providers of health care","Rest of the world financing schemes (non-resident)",":"
"2010","France","Euro per inhabitant","All providers of health care","Rest of the world financing schemes (non-resident)",":"
"2011","France","Euro per inhabitant","All providers of health care","Rest of the world financing schemes (non-resident)",":"
"2012","France","Euro per inhabitant","All providers of health care","Rest of the world financing schemes (non-resident)",":"
"2013","France","Euro per inhabitant","All providers of health care","Rest of the world financing schemes (non-resident)",":"
"2014","France","Euro per inhabitant","All providers of health care","Rest of the world financing schemes (non-resident)",":"
"2015","France","Euro per inhabitant","All providers of health care","Rest of the world financing schemes (non-resident)",":"
"2016","France","Euro per inhabitant","All providers of health care","Rest of the world financing schemes (non-resident)",":"
"2017","France","Euro per inhabitant","All providers of health care","Rest of the world financing schemes (non-resident)",":"
"2018","France","Euro per inhabitant","All providers of health care","Rest of the world financing schemes (non-resident)",":"
"2003","Croatia","Euro per inhabitant","All providers of health care","Rest of the world financing schemes (non-resident)",":"
"2004","Croatia","Euro per inhabitant","All providers of health care","Rest of the world financing schemes (non-resident)",":"
"2005","Croatia","Euro per inhabitant","All providers of health care","Rest of the world financing schemes (non-resident)",":"
"2006","Croatia","Euro per inhabitant","All providers of health care","Rest of the world financing schemes (non-resident)",":"
"2007","Croatia","Euro per inhabitant","All providers of health care","Rest of the world financing schemes (non-resident)",":"
"2008","Croatia","Euro per inhabitant","All providers of health care","Rest of the world financing schemes (non-resident)",":"
"2009","Croatia","Euro per inhabitant","All providers of health care","Rest of the world financing schemes (non-resident)",":"
"2010","Croatia","Euro per inhabitant","All providers of health care","Rest of the world financing schemes (non-resident)",":"
"2011","Croatia","Euro per inhabitant","All providers of health care","Rest of the world financing schemes (non-resident)",":"
"2012","Croatia","Euro per inhabitant","All providers of health care","Rest of the world financing schemes (non-resident)",":"
"2013","Croatia","Euro per inhabitant","All providers of health care","Rest of the world financing schemes (non-resident)",":"
"2014","Croatia","Euro per inhabitant","All providers of health care","Rest of the world financing schemes (non-resident)",":"
"2015","Croatia","Euro per inhabitant","All providers of health care","Rest of the world financing schemes (non-resident)",":"
"2016","Croatia","Euro per inhabitant","All providers of health care","Rest of the world financing schemes (non-resident)",":"
"2017","Croatia","Euro per inhabitant","All providers of health care","Rest of the world financing schemes (non-resident)",":"
"2018","Croatia","Euro per inhabitant","All providers of health care","Rest of the world financing schemes (non-resident)",":"
"2003","Italy","Euro per inhabitant","All providers of health care","Rest of the world financing schemes (non-resident)",":"
"2004","Italy","Euro per inhabitant","All providers of health care","Rest of the world financing schemes (non-resident)",":"
"2005","Italy","Euro per inhabitant","All providers of health care","Rest of the world financing schemes (non-resident)",":"
"2006","Italy","Euro per inhabitant","All providers of health care","Rest of the world financing schemes (non-resident)",":"
"2007","Italy","Euro per inhabitant","All providers of health care","Rest of the world financing schemes (non-resident)",":"
"2008","Italy","Euro per inhabitant","All providers of health care","Rest of the world financing schemes (non-resident)",":"
"2009","Italy","Euro per inhabitant","All providers of health care","Rest of the world financing schemes (non-resident)",":"
"2010","Italy","Euro per inhabitant","All providers of health care","Rest of the world financing schemes (non-resident)",":"
"2011","Italy","Euro per inhabitant","All providers of health care","Rest of the world financing schemes (non-resident)",":"
"2012","Italy","Euro per inhabitant","All providers of health care","Rest of the world financing schemes (non-resident)",":"
"2013","Italy","Euro per inhabitant","All providers of health care","Rest of the world financing schemes (non-resident)",":"
"2014","Italy","Euro per inhabitant","All providers of health care","Rest of the world financing schemes (non-resident)",":"
"2015","Italy","Euro per inhabitant","All providers of health care","Rest of the world financing schemes (non-resident)",":"
"2016","Italy","Euro per inhabitant","All providers of health care","Rest of the world financing schemes (non-resident)",":"
"2017","Italy","Euro per inhabitant","All providers of health care","Rest of the world financing schemes (non-resident)",":"
"2018","Italy","Euro per inhabitant","All providers of health care","Rest of the world financing schemes (non-resident)",":"
"2003","Cyprus","Euro per inhabitant","All providers of health care","Rest of the world financing schemes (non-resident)",":"
"2004","Cyprus","Euro per inhabitant","All providers of health care","Rest of the world financing schemes (non-resident)",":"
"2005","Cyprus","Euro per inhabitant","All providers of health care","Rest of the world financing schemes (non-resident)",":"
"2006","Cyprus","Euro per inhabitant","All providers of health care","Rest of the world financing schemes (non-resident)",":"
"2007","Cyprus","Euro per inhabitant","All providers of health care","Rest of the world financing schemes (non-resident)",":"
"2008","Cyprus","Euro per inhabitant","All providers of health care","Rest of the world financing schemes (non-resident)",":"
"2009","Cyprus","Euro per inhabitant","All providers of health care","Rest of the world financing schemes (non-resident)",":"
"2010","Cyprus","Euro per inhabitant","All providers of health care","Rest of the world financing schemes (non-resident)","4.79"
"2011","Cyprus","Euro per inhabitant","All providers of health care","Rest of the world financing schemes (non-resident)","5.16"
"2012","Cyprus","Euro per inhabitant","All providers of health care","Rest of the world financing schemes (non-resident)","5.20"
"2013","Cyprus","Euro per inhabitant","All providers of health care","Rest of the world financing schemes (non-resident)","6.45"
"2014","Cyprus","Euro per inhabitant","All providers of health care","Rest of the world financing schemes (non-resident)","5.93"
"2015","Cyprus","Euro per inhabitant","All providers of health care","Rest of the world financing schemes (non-resident)","10.66"
"2016","Cyprus","Euro per inhabitant","All providers of health care","Rest of the world financing schemes (non-resident)",":"
"2017","Cyprus","Euro per inhabitant","All providers of health care","Rest of the world financing schemes (non-resident)",":"
"2018","Cyprus","Euro per inhabitant","All providers of health care","Rest of the world financing schemes (non-resident)",":"
"2003","Latvia","Euro per inhabitant","All providers of health care","Rest of the world financing schemes (non-resident)",":"
"2004","Latvia","Euro per inhabitant","All providers of health care","Rest of the world financing schemes (non-resident)",":"
"2005","Latvia","Euro per inhabitant","All providers of health care","Rest of the world financing schemes (non-resident)",":"
"2006","Latvia","Euro per inhabitant","All providers of health care","Rest of the world financing schemes (non-resident)",":"
"2007","Latvia","Euro per inhabitant","All providers of health care","Rest of the world financing schemes (non-resident)",":"
"2008","Latvia","Euro per inhabitant","All providers of health care","Rest of the world financing schemes (non-resident)",":"
"2009","Latvia","Euro per inhabitant","All providers of health care","Rest of the world financing schemes (non-resident)",":"
"2010","Latvia","Euro per inhabitant","All providers of health care","Rest of the world financing schemes (non-resident)",":"
"2011","Latvia","Euro per inhabitant","All providers of health care","Rest of the world financing schemes (non-resident)",":"
"2012","Latvia","Euro per inhabitant","All providers of health care","Rest of the world financing schemes (non-resident)",":"
"2013","Latvia","Euro per inhabitant","All providers of health care","Rest of the world financing schemes (non-resident)",":"
"2014","Latvia","Euro per inhabitant","All providers of health care","Rest of the world financing schemes (non-resident)",":"
"2015","Latvia","Euro per inhabitant","All providers of health care","Rest of the world financing schemes (non-resident)","0.00"
"2016","Latvia","Euro per inhabitant","All providers of health care","Rest of the world financing schemes (non-resident)","0.00"
"2017","Latvia","Euro per inhabitant","All providers of health care","Rest of the world financing schemes (non-resident)","0.00"
"2018","Latvia","Euro per inhabitant","All providers of health care","Rest of the world financing schemes (non-resident)",":"
"2003","Lithuania","Euro per inhabitant","All providers of health care","Rest of the world financing schemes (non-resident)",":"
"2004","Lithuania","Euro per inhabitant","All providers of health care","Rest of the world financing schemes (non-resident)",":"
"2005","Lithuania","Euro per inhabitant","All providers of health care","Rest of the world financing schemes (non-resident)",":"
"2006","Lithuania","Euro per inhabitant","All providers of health care","Rest of the world financing schemes (non-resident)","0.05"
"2007","Lithuania","Euro per inhabitant","All providers of health care","Rest of the world financing schemes (non-resident)","0.05"
"2008","Lithuania","Euro per inhabitant","All providers of health care","Rest of the world financing schemes (non-resident)","0.03"
"2009","Lithuania","Euro per inhabitant","All providers of health care","Rest of the world financing schemes (non-resident)","0.05"
"2010","Lithuania","Euro per inhabitant","All providers of health care","Rest of the world financing schemes (non-resident)","0.44"
"2011","Lithuania","Euro per inhabitant","All providers of health care","Rest of the world financing schemes (non-resident)","0.59"
"2012","Lithuania","Euro per inhabitant","All providers of health care","Rest of the world financing schemes (non-resident)","0.40"
"2013","Lithuania","Euro per inhabitant","All providers of health care","Rest of the world financing schemes (non-resident)","0.31"
"2014","Lithuania","Euro per inhabitant","All providers of health care","Rest of the world financing schemes (non-resident)","0.40"
"2015","Lithuania","Euro per inhabitant","All providers of health care","Rest of the world financing schemes (non-resident)","0.52"
"2016","Lithuania","Euro per inhabitant","All providers of health care","Rest of the world financing schemes (non-resident)","0.15"
"2017","Lithuania","Euro per inhabitant","All providers of health care","Rest of the world financing schemes (non-resident)","0.22"
"2018","Lithuania","Euro per inhabitant","All providers of health care","Rest of the world financing schemes (non-resident)","0.25"
"2003","Luxembourg","Euro per inhabitant","All providers of health care","Rest of the world financing schemes (non-resident)",":"
"2004","Luxembourg","Euro per inhabitant","All providers of health care","Rest of the world financing schemes (non-resident)",":"
"2005","Luxembourg","Euro per inhabitant","All providers of health care","Rest of the world financing schemes (non-resident)",":"
"2006","Luxembourg","Euro per inhabitant","All providers of health care","Rest of the world financing schemes (non-resident)",":"
"2007","Luxembourg","Euro per inhabitant","All providers of health care","Rest of the world financing schemes (non-resident)",":"
"2008","Luxembourg","Euro per inhabitant","All providers of health care","Rest of the world financing schemes (non-resident)",":"
"2009","Luxembourg","Euro per inhabitant","All providers of health care","Rest of the world financing schemes (non-resident)",":"
"2010","Luxembourg","Euro per inhabitant","All providers of health care","Rest of the world financing schemes (non-resident)",":"
"2011","Luxembourg","Euro per inhabitant","All providers of health care","Rest of the world financing schemes (non-resident)",":"
"2012","Luxembourg","Euro per inhabitant","All providers of health care","Rest of the world financing schemes (non-resident)","70.82"
"2013","Luxembourg","Euro per inhabitant","All providers of health care","Rest of the world financing schemes (non-resident)","69.20"
"2014","Luxembourg","Euro per inhabitant","All providers of health care","Rest of the world financing schemes (non-resident)","68.04"
"2015","Luxembourg","Euro per inhabitant","All providers of health care","Rest of the world financing schemes (non-resident)","66.86"
"2016","Luxembourg","Euro per inhabitant","All providers of health care","Rest of the world financing schemes (non-resident)","64.64"
"2017","Luxembourg","Euro per inhabitant","All providers of health care","Rest of the world financing schemes (non-resident)","69.14"
"2018","Luxembourg","Euro per inhabitant","All providers of health care","Rest of the world financing schemes (non-resident)","73.74"
"2003","Hungary","Euro per inhabitant","All providers of health care","Rest of the world financing schemes (non-resident)",":"
"2004","Hungary","Euro per inhabitant","All providers of health care","Rest of the world financing schemes (non-resident)",":"
"2005","Hungary","Euro per inhabitant","All providers of health care","Rest of the world financing schemes (non-resident)",":"
"2006","Hungary","Euro per inhabitant","All providers of health care","Rest of the world financing schemes (non-resident)","0.00"
"2007","Hungary","Euro per inhabitant","All providers of health care","Rest of the world financing schemes (non-resident)","0.00"
"2008","Hungary","Euro per inhabitant","All providers of health care","Rest of the world financing schemes (non-resident)","0.00"
"2009","Hungary","Euro per inhabitant","All providers of health care","Rest of the world financing schemes (non-resident)","0.00"
"2010","Hungary","Euro per inhabitant","All providers of health care","Rest of the world financing schemes (non-resident)","0.00"
"2011","Hungary","Euro per inhabitant","All providers of health care","Rest of the world financing schemes (non-resident)","0.00"
"2012","Hungary","Euro per inhabitant","All providers of health care","Rest of the world financing schemes (non-resident)","0.00"
"2013","Hungary","Euro per inhabitant","All providers of health care","Rest of the world financing schemes (non-resident)","0.00"
"2014","Hungary","Euro per inhabitant","All providers of health care","Rest of the world financing schemes (non-resident)","0.00"
"2015","Hungary","Euro per inhabitant","All providers of health care","Rest of the world financing schemes (non-resident)","0.00"
"2016","Hungary","Euro per inhabitant","All providers of health care","Rest of the world financing schemes (non-resident)","0.00"
"2017","Hungary","Euro per inhabitant","All providers of health care","Rest of the world financing schemes (non-resident)","0.00"
"2018","Hungary","Euro per inhabitant","All providers of health care","Rest of the world financing schemes (non-resident)","0.00"
"2003","Malta","Euro per inhabitant","All providers of health care","Rest of the world financing schemes (non-resident)",":"
"2004","Malta","Euro per inhabitant","All providers of health care","Rest of the world financing schemes (non-resident)",":"
"2005","Malta","Euro per inhabitant","All providers of health care","Rest of the world financing schemes (non-resident)",":"
"2006","Malta","Euro per inhabitant","All providers of health care","Rest of the world financing schemes (non-resident)",":"
"2007","Malta","Euro per inhabitant","All providers of health care","Rest of the world financing schemes (non-resident)",":"
"2008","Malta","Euro per inhabitant","All providers of health care","Rest of the world financing schemes (non-resident)",":"
"2009","Malta","Euro per inhabitant","All providers of health care","Rest of the world financing schemes (non-resident)",":"
"2010","Malta","Euro per inhabitant","All providers of health care","Rest of the world financing schemes (non-resident)",":"
"2011","Malta","Euro per inhabitant","All providers of health care","Rest of the world financing schemes (non-resident)",":"
"2012","Malta","Euro per inhabitant","All providers of health care","Rest of the world financing schemes (non-resident)",":"
"2013","Malta","Euro per inhabitant","All providers of health care","Rest of the world financing schemes (non-resident)",":"
"2014","Malta","Euro per inhabitant","All providers of health care","Rest of the world financing schemes (non-resident)",":"
"2015","Malta","Euro per inhabitant","All providers of health care","Rest of the world financing schemes (non-resident)",":"
"2016","Malta","Euro per inhabitant","All providers of health care","Rest of the world financing schemes (non-resident)",":"
"2017","Malta","Euro per inhabitant","All providers of health care","Rest of the world financing schemes (non-resident)",":"
"2018","Malta","Euro per inhabitant","All providers of health care","Rest of the world financing schemes (non-resident)",":"
"2003","Netherlands","Euro per inhabitant","All providers of health care","Rest of the world financing schemes (non-resident)","0.00"
"2004","Netherlands","Euro per inhabitant","All providers of health care","Rest of the world financing schemes (non-resident)","0.00"
"2005","Netherlands","Euro per inhabitant","All providers of health care","Rest of the world financing schemes (non-resident)","0.00"
"2006","Netherlands","Euro per inhabitant","All providers of health care","Rest of the world financing schemes (non-resident)","0.00"
"2007","Netherlands","Euro per inhabitant","All providers of health care","Rest of the world financing schemes (non-resident)","0.00"
"2008","Netherlands","Euro per inhabitant","All providers of health care","Rest of the world financing schemes (non-resident)","0.00"
"2009","Netherlands","Euro per inhabitant","All providers of health care","Rest of the world financing schemes (non-resident)","0.00"
"2010","Netherlands","Euro per inhabitant","All providers of health care","Rest of the world financing schemes (non-resident)","0.00"
"2011","Netherlands","Euro per inhabitant","All providers of health care","Rest of the world financing schemes (non-resident)","0.00"
"2012","Netherlands","Euro per inhabitant","All providers of health care","Rest of the world financing schemes (non-resident)","0.00"
"2013","Netherlands","Euro per inhabitant","All providers of health care","Rest of the world financing schemes (non-resident)","0.00"
"2014","Netherlands","Euro per inhabitant","All providers of health care","Rest of the world financing schemes (non-resident)","0.00"
"2015","Netherlands","Euro per inhabitant","All providers of health care","Rest of the world financing schemes (non-resident)","0.00"
"2016","Netherlands","Euro per inhabitant","All providers of health care","Rest of the world financing schemes (non-resident)","0.00"
"2017","Netherlands","Euro per inhabitant","All providers of health care","Rest of the world financing schemes (non-resident)","0.00"
"2018","Netherlands","Euro per inhabitant","All providers of health care","Rest of the world financing schemes (non-resident)","0.00"
"2003","Austria","Euro per inhabitant","All providers of health care","Rest of the world financing schemes (non-resident)",":"
"2004","Austria","Euro per inhabitant","All providers of health care","Rest of the world financing schemes (non-resident)",":"
"2005","Austria","Euro per inhabitant","All providers of health care","Rest of the world financing schemes (non-resident)",":"
"2006","Austria","Euro per inhabitant","All providers of health care","Rest of the world financing schemes (non-resident)",":"
"2007","Austria","Euro per inhabitant","All providers of health care","Rest of the world financing schemes (non-resident)",":"
"2008","Austria","Euro per inhabitant","All providers of health care","Rest of the world financing schemes (non-resident)",":"
"2009","Austria","Euro per inhabitant","All providers of health care","Rest of the world financing schemes (non-resident)",":"
"2010","Austria","Euro per inhabitant","All providers of health care","Rest of the world financing schemes (non-resident)",":"
"2011","Austria","Euro per inhabitant","All providers of health care","Rest of the world financing schemes (non-resident)",":"
"2012","Austria","Euro per inhabitant","All providers of health care","Rest of the world financing schemes (non-resident)",":"
"2013","Austria","Euro per inhabitant","All providers of health care","Rest of the world financing schemes (non-resident)",":"
"2014","Austria","Euro per inhabitant","All providers of health care","Rest of the world financing schemes (non-resident)",":"
"2015","Austria","Euro per inhabitant","All providers of health care","Rest of the world financing schemes (non-resident)",":"
"2016","Austria","Euro per inhabitant","All providers of health care","Rest of the world financing schemes (non-resident)",":"
"2017","Austria","Euro per inhabitant","All providers of health care","Rest of the world financing schemes (non-resident)",":"
"2018","Austria","Euro per inhabitant","All providers of health care","Rest of the world financing schemes (non-resident)","0.00"
"2003","Poland","Euro per inhabitant","All providers of health care","Rest of the world financing schemes (non-resident)",":"
"2004","Poland","Euro per inhabitant","All providers of health care","Rest of the world financing schemes (non-resident)",":"
"2005","Poland","Euro per inhabitant","All providers of health care","Rest of the world financing schemes (non-resident)",":"
"2006","Poland","Euro per inhabitant","All providers of health care","Rest of the world financing schemes (non-resident)",":"
"2007","Poland","Euro per inhabitant","All providers of health care","Rest of the world financing schemes (non-resident)",":"
"2008","Poland","Euro per inhabitant","All providers of health care","Rest of the world financing schemes (non-resident)",":"
"2009","Poland","Euro per inhabitant","All providers of health care","Rest of the world financing schemes (non-resident)",":"
"2010","Poland","Euro per inhabitant","All providers of health care","Rest of the world financing schemes (non-resident)",":"
"2011","Poland","Euro per inhabitant","All providers of health care","Rest of the world financing schemes (non-resident)",":"
"2012","Poland","Euro per inhabitant","All providers of health care","Rest of the world financing schemes (non-resident)",":"
"2013","Poland","Euro per inhabitant","All providers of health care","Rest of the world financing schemes (non-resident)","0.00"
"2014","Poland","Euro per inhabitant","All providers of health care","Rest of the world financing schemes (non-resident)","0.00"
"2015","Poland","Euro per inhabitant","All providers of health care","Rest of the world financing schemes (non-resident)","0.00"
"2016","Poland","Euro per inhabitant","All providers of health care","Rest of the world financing schemes (non-resident)","0.00"
"2017","Poland","Euro per inhabitant","All providers of health care","Rest of the world financing schemes (non-resident)",":"
"2018","Poland","Euro per inhabitant","All providers of health care","Rest of the world financing schemes (non-resident)",":"
"2003","Portugal","Euro per inhabitant","All providers of health care","Rest of the world financing schemes (non-resident)",":"
"2004","Portugal","Euro per inhabitant","All providers of health care","Rest of the world financing schemes (non-resident)",":"
"2005","Portugal","Euro per inhabitant","All providers of health care","Rest of the world financing schemes (non-resident)",":"
"2006","Portugal","Euro per inhabitant","All providers of health care","Rest of the world financing schemes (non-resident)",":"
"2007","Portugal","Euro per inhabitant","All providers of health care","Rest of the world financing schemes (non-resident)",":"
"2008","Portugal","Euro per inhabitant","All providers of health care","Rest of the world financing schemes (non-resident)",":"
"2009","Portugal","Euro per inhabitant","All providers of health care","Rest of the world financing schemes (non-resident)",":"
"2010","Portugal","Euro per inhabitant","All providers of health care","Rest of the world financing schemes (non-resident)",":"
"2011","Portugal","Euro per inhabitant","All providers of health care","Rest of the world financing schemes (non-resident)",":"
"2012","Portugal","Euro per inhabitant","All providers of health care","Rest of the world financing schemes (non-resident)",":"
"2013","Portugal","Euro per inhabitant","All providers of health care","Rest of the world financing schemes (non-resident)",":"
"2014","Portugal","Euro per inhabitant","All providers of health care","Rest of the world financing schemes (non-resident)",":"
"2015","Portugal","Euro per inhabitant","All providers of health care","Rest of the world financing schemes (non-resident)",":"
"2016","Portugal","Euro per inhabitant","All providers of health care","Rest of the world financing schemes (non-resident)",":"
"2017","Portugal","Euro per inhabitant","All providers of health care","Rest of the world financing schemes (non-resident)",":"
"2018","Portugal","Euro per inhabitant","All providers of health care","Rest of the world financing schemes (non-resident)",":"
"2003","Romania","Euro per inhabitant","All providers of health care","Rest of the world financing schemes (non-resident)",":"
"2004","Romania","Euro per inhabitant","All providers of health care","Rest of the world financing schemes (non-resident)",":"
"2005","Romania","Euro per inhabitant","All providers of health care","Rest of the world financing schemes (non-resident)",":"
"2006","Romania","Euro per inhabitant","All providers of health care","Rest of the world financing schemes (non-resident)",":"
"2007","Romania","Euro per inhabitant","All providers of health care","Rest of the world financing schemes (non-resident)",":"
"2008","Romania","Euro per inhabitant","All providers of health care","Rest of the world financing schemes (non-resident)",":"
"2009","Romania","Euro per inhabitant","All providers of health care","Rest of the world financing schemes (non-resident)",":"
"2010","Romania","Euro per inhabitant","All providers of health care","Rest of the world financing schemes (non-resident)",":"
"2011","Romania","Euro per inhabitant","All providers of health care","Rest of the world financing schemes (non-resident)",":"
"2012","Romania","Euro per inhabitant","All providers of health care","Rest of the world financing schemes (non-resident)",":"
"2013","Romania","Euro per inhabitant","All providers of health care","Rest of the world financing schemes (non-resident)",":"
"2014","Romania","Euro per inhabitant","All providers of health care","Rest of the world financing schemes (non-resident)",":"
"2015","Romania","Euro per inhabitant","All providers of health care","Rest of the world financing schemes (non-resident)",":"
"2016","Romania","Euro per inhabitant","All providers of health care","Rest of the world financing schemes (non-resident)",":"
"2017","Romania","Euro per inhabitant","All providers of health care","Rest of the world financing schemes (non-resident)","0.00"
"2018","Romania","Euro per inhabitant","All providers of health care","Rest of the world financing schemes (non-resident)",":"
"2003","Slovenia","Euro per inhabitant","All providers of health care","Rest of the world financing schemes (non-resident)",":"
"2004","Slovenia","Euro per inhabitant","All providers of health care","Rest of the world financing schemes (non-resident)",":"
"2005","Slovenia","Euro per inhabitant","All providers of health care","Rest of the world financing schemes (non-resident)",":"
"2006","Slovenia","Euro per inhabitant","All providers of health care","Rest of the world financing schemes (non-resident)",":"
"2007","Slovenia","Euro per inhabitant","All providers of health care","Rest of the world financing schemes (non-resident)",":"
"2008","Slovenia","Euro per inhabitant","All providers of health care","Rest of the world financing schemes (non-resident)",":"
"2009","Slovenia","Euro per inhabitant","All providers of health care","Rest of the world financing schemes (non-resident)",":"
"2010","Slovenia","Euro per inhabitant","All providers of health care","Rest of the world financing schemes (non-resident)",":"
"2011","Slovenia","Euro per inhabitant","All providers of health care","Rest of the world financing schemes (non-resident)",":"
"2012","Slovenia","Euro per inhabitant","All providers of health care","Rest of the world financing schemes (non-resident)",":"
"2013","Slovenia","Euro per inhabitant","All providers of health care","Rest of the world financing schemes (non-resident)",":"
"2014","Slovenia","Euro per inhabitant","All providers of health care","Rest of the world financing schemes (non-resident)",":"
"2015","Slovenia","Euro per inhabitant","All providers of health care","Rest of the world financing schemes (non-resident)",":"
"2016","Slovenia","Euro per inhabitant","All providers of health care","Rest of the world financing schemes (non-resident)",":"
"2017","Slovenia","Euro per inhabitant","All providers of health care","Rest of the world financing schemes (non-resident)",":"
"2018","Slovenia","Euro per inhabitant","All providers of health care","Rest of the world financing schemes (non-resident)",":"
"2003","Slovakia","Euro per inhabitant","All providers of health care","Rest of the world financing schemes (non-resident)",":"
"2004","Slovakia","Euro per inhabitant","All providers of health care","Rest of the world financing schemes (non-resident)",":"
"2005","Slovakia","Euro per inhabitant","All providers of health care","Rest of the world financing schemes (non-resident)",":"
"2006","Slovakia","Euro per inhabitant","All providers of health care","Rest of the world financing schemes (non-resident)",":"
"2007","Slovakia","Euro per inhabitant","All providers of health care","Rest of the world financing schemes (non-resident)",":"
"2008","Slovakia","Euro per inhabitant","All providers of health care","Rest of the world financing schemes (non-resident)",":"
"2009","Slovakia","Euro per inhabitant","All providers of health care","Rest of the world financing schemes (non-resident)",":"
"2010","Slovakia","Euro per inhabitant","All providers of health care","Rest of the world financing schemes (non-resident)",":"
"2011","Slovakia","Euro per inhabitant","All providers of health care","Rest of the world financing schemes (non-resident)",":"
"2012","Slovakia","Euro per inhabitant","All providers of health care","Rest of the world financing schemes (non-resident)",":"
"2013","Slovakia","Euro per inhabitant","All providers of health care","Rest of the world financing schemes (non-resident)",":"
"2014","Slovakia","Euro per inhabitant","All providers of health care","Rest of the world financing schemes (non-resident)",":"
"2015","Slovakia","Euro per inhabitant","All providers of health care","Rest of the world financing schemes (non-resident)",":"
"2016","Slovakia","Euro per inhabitant","All providers of health care","Rest of the world financing schemes (non-resident)",":"
"2017","Slovakia","Euro per inhabitant","All providers of health care","Rest of the world financing schemes (non-resident)",":"
"2018","Slovakia","Euro per inhabitant","All providers of health care","Rest of the world financing schemes (non-resident)",":"
"2003","Finland","Euro per inhabitant","All providers of health care","Rest of the world financing schemes (non-resident)",":"
"2004","Finland","Euro per inhabitant","All providers of health care","Rest of the world financing schemes (non-resident)",":"
"2005","Finland","Euro per inhabitant","All providers of health care","Rest of the world financing schemes (non-resident)",":"
"2006","Finland","Euro per inhabitant","All providers of health care","Rest of the world financing schemes (non-resident)",":"
"2007","Finland","Euro per inhabitant","All providers of health care","Rest of the world financing schemes (non-resident)",":"
"2008","Finland","Euro per inhabitant","All providers of health care","Rest of the world financing schemes (non-resident)",":"
"2009","Finland","Euro per inhabitant","All providers of health care","Rest of the world financing schemes (non-resident)",":"
"2010","Finland","Euro per inhabitant","All providers of health care","Rest of the world financing schemes (non-resident)",":"
"2011","Finland","Euro per inhabitant","All providers of health care","Rest of the world financing schemes (non-resident)",":"
"2012","Finland","Euro per inhabitant","All providers of health care","Rest of the world financing schemes (non-resident)",":"
"2013","Finland","Euro per inhabitant","All providers of health care","Rest of the world financing schemes (non-resident)",":"
"2014","Finland","Euro per inhabitant","All providers of health care","Rest of the world financing schemes (non-resident)",":"
"2015","Finland","Euro per inhabitant","All providers of health care","Rest of the world financing schemes (non-resident)",":"
"2016","Finland","Euro per inhabitant","All providers of health care","Rest of the world financing schemes (non-resident)",":"
"2017","Finland","Euro per inhabitant","All providers of health care","Rest of the world financing schemes (non-resident)",":"
"2018","Finland","Euro per inhabitant","All providers of health care","Rest of the world financing schemes (non-resident)",":"
"2003","Sweden","Euro per inhabitant","All providers of health care","Rest of the world financing schemes (non-resident)",":"
"2004","Sweden","Euro per inhabitant","All providers of health care","Rest of the world financing schemes (non-resident)",":"
"2005","Sweden","Euro per inhabitant","All providers of health care","Rest of the world financing schemes (non-resident)",":"
"2006","Sweden","Euro per inhabitant","All providers of health care","Rest of the world financing schemes (non-resident)",":"
"2007","Sweden","Euro per inhabitant","All providers of health care","Rest of the world financing schemes (non-resident)",":"
"2008","Sweden","Euro per inhabitant","All providers of health care","Rest of the world financing schemes (non-resident)",":"
"2009","Sweden","Euro per inhabitant","All providers of health care","Rest of the world financing schemes (non-resident)",":"
"2010","Sweden","Euro per inhabitant","All providers of health care","Rest of the world financing schemes (non-resident)",":"
"2011","Sweden","Euro per inhabitant","All providers of health care","Rest of the world financing schemes (non-resident)",":"
"2012","Sweden","Euro per inhabitant","All providers of health care","Rest of the world financing schemes (non-resident)",":"
"2013","Sweden","Euro per inhabitant","All providers of health care","Rest of the world financing schemes (non-resident)",":"
"2014","Sweden","Euro per inhabitant","All providers of health care","Rest of the world financing schemes (non-resident)",":"
"2015","Sweden","Euro per inhabitant","All providers of health care","Rest of the world financing schemes (non-resident)",":"
"2016","Sweden","Euro per inhabitant","All providers of health care","Rest of the world financing schemes (non-resident)",":"
"2017","Sweden","Euro per inhabitant","All providers of health care","Rest of the world financing schemes (non-resident)",":"
"2018","Sweden","Euro per inhabitant","All providers of health care","Rest of the world financing schemes (non-resident)",":"
"2003","United Kingdom","Euro per inhabitant","All providers of health care","Rest of the world financing schemes (non-resident)",":"
"2004","United Kingdom","Euro per inhabitant","All providers of health care","Rest of the world financing schemes (non-resident)",":"
"2005","United Kingdom","Euro per inhabitant","All providers of health care","Rest of the world financing schemes (non-resident)",":"
"2006","United Kingdom","Euro per inhabitant","All providers of health care","Rest of the world financing schemes (non-resident)",":"
"2007","United Kingdom","Euro per inhabitant","All providers of health care","Rest of the world financing schemes (non-resident)",":"
"2008","United Kingdom","Euro per inhabitant","All providers of health care","Rest of the world financing schemes (non-resident)",":"
"2009","United Kingdom","Euro per inhabitant","All providers of health care","Rest of the world financing schemes (non-resident)",":"
"2010","United Kingdom","Euro per inhabitant","All providers of health care","Rest of the world financing schemes (non-resident)",":"
"2011","United Kingdom","Euro per inhabitant","All providers of health care","Rest of the world financing schemes (non-resident)",":"
"2012","United Kingdom","Euro per inhabitant","All providers of health care","Rest of the world financing schemes (non-resident)",":"
"2013","United Kingdom","Euro per inhabitant","All providers of health care","Rest of the world financing schemes (non-resident)","0.00"
"2014","United Kingdom","Euro per inhabitant","All providers of health care","Rest of the world financing schemes (non-resident)","0.00"
"2015","United Kingdom","Euro per inhabitant","All providers of health care","Rest of the world financing schemes (non-resident)","0.00"
"2016","United Kingdom","Euro per inhabitant","All providers of health care","Rest of the world financing schemes (non-resident)","0.00"
"2017","United Kingdom","Euro per inhabitant","All providers of health care","Rest of the world financing schemes (non-resident)","0.00"
"2018","United Kingdom","Euro per inhabitant","All providers of health care","Rest of the world financing schemes (non-resident)",":"
"2003","Iceland","Euro per inhabitant","All providers of health care","Rest of the world financing schemes (non-resident)",":"
"2004","Iceland","Euro per inhabitant","All providers of health care","Rest of the world financing schemes (non-resident)",":"
"2005","Iceland","Euro per inhabitant","All providers of health care","Rest of the world financing schemes (non-resident)",":"
"2006","Iceland","Euro per inhabitant","All providers of health care","Rest of the world financing schemes (non-resident)",":"
"2007","Iceland","Euro per inhabitant","All providers of health care","Rest of the world financing schemes (non-resident)",":"
"2008","Iceland","Euro per inhabitant","All providers of health care","Rest of the world financing schemes (non-resident)",":"
"2009","Iceland","Euro per inhabitant","All providers of health care","Rest of the world financing schemes (non-resident)",":"
"2010","Iceland","Euro per inhabitant","All providers of health care","Rest of the world financing schemes (non-resident)",":"
"2011","Iceland","Euro per inhabitant","All providers of health care","Rest of the world financing schemes (non-resident)","0.00"
"2012","Iceland","Euro per inhabitant","All providers of health care","Rest of the world financing schemes (non-resident)","0.00"
"2013","Iceland","Euro per inhabitant","All providers of health care","Rest of the world financing schemes (non-resident)","0.00"
"2014","Iceland","Euro per inhabitant","All providers of health care","Rest of the world financing schemes (non-resident)","0.00"
"2015","Iceland","Euro per inhabitant","All providers of health care","Rest of the world financing schemes (non-resident)","0.00"
"2016","Iceland","Euro per inhabitant","All providers of health care","Rest of the world financing schemes (non-resident)","0.00"
"2017","Iceland","Euro per inhabitant","All providers of health care","Rest of the world financing schemes (non-resident)","0.00"
"2018","Iceland","Euro per inhabitant","All providers of health care","Rest of the world financing schemes (non-resident)","0.00"
"2003","Liechtenstein","Euro per inhabitant","All providers of health care","Rest of the world financing schemes (non-resident)",":"
"2004","Liechtenstein","Euro per inhabitant","All providers of health care","Rest of the world financing schemes (non-resident)",":"
"2005","Liechtenstein","Euro per inhabitant","All providers of health care","Rest of the world financing schemes (non-resident)",":"
"2006","Liechtenstein","Euro per inhabitant","All providers of health care","Rest of the world financing schemes (non-resident)",":"
"2007","Liechtenstein","Euro per inhabitant","All providers of health care","Rest of the world financing schemes (non-resident)",":"
"2008","Liechtenstein","Euro per inhabitant","All providers of health care","Rest of the world financing schemes (non-resident)",":"
"2009","Liechtenstein","Euro per inhabitant","All providers of health care","Rest of the world financing schemes (non-resident)",":"
"2010","Liechtenstein","Euro per inhabitant","All providers of health care","Rest of the world financing schemes (non-resident)",":"
"2011","Liechtenstein","Euro per inhabitant","All providers of health care","Rest of the world financing schemes (non-resident)",":"
"2012","Liechtenstein","Euro per inhabitant","All providers of health care","Rest of the world financing schemes (non-resident)",":"
"2013","Liechtenstein","Euro per inhabitant","All providers of health care","Rest of the world financing schemes (non-resident)","0.00"
"2014","Liechtenstein","Euro per inhabitant","All providers of health care","Rest of the world financing schemes (non-resident)","0.00"
"2015","Liechtenstein","Euro per inhabitant","All providers of health care","Rest of the world financing schemes (non-resident)",":"
"2016","Liechtenstein","Euro per inhabitant","All providers of health care","Rest of the world financing schemes (non-resident)","0.00"
"2017","Liechtenstein","Euro per inhabitant","All providers of health care","Rest of the world financing schemes (non-resident)","0.00"
"2018","Liechtenstein","Euro per inhabitant","All providers of health care","Rest of the world financing schemes (non-resident)",":"
"2003","Norway","Euro per inhabitant","All providers of health care","Rest of the world financing schemes (non-resident)",":"
"2004","Norway","Euro per inhabitant","All providers of health care","Rest of the world financing schemes (non-resident)",":"
"2005","Norway","Euro per inhabitant","All providers of health care","Rest of the world financing schemes (non-resident)",":"
"2006","Norway","Euro per inhabitant","All providers of health care","Rest of the world financing schemes (non-resident)",":"
"2007","Norway","Euro per inhabitant","All providers of health care","Rest of the world financing schemes (non-resident)",":"
"2008","Norway","Euro per inhabitant","All providers of health care","Rest of the world financing schemes (non-resident)",":"
"2009","Norway","Euro per inhabitant","All providers of health care","Rest of the world financing schemes (non-resident)",":"
"2010","Norway","Euro per inhabitant","All providers of health care","Rest of the world financing schemes (non-resident)",":"
"2011","Norway","Euro per inhabitant","All providers of health care","Rest of the world financing schemes (non-resident)",":"
"2012","Norway","Euro per inhabitant","All providers of health care","Rest of the world financing schemes (non-resident)",":"
"2013","Norway","Euro per inhabitant","All providers of health care","Rest of the world financing schemes (non-resident)",":"
"2014","Norway","Euro per inhabitant","All providers of health care","Rest of the world financing schemes (non-resident)",":"
"2015","Norway","Euro per inhabitant","All providers of health care","Rest of the world financing schemes (non-resident)",":"
"2016","Norway","Euro per inhabitant","All providers of health care","Rest of the world financing schemes (non-resident)","0.00"
"2017","Norway","Euro per inhabitant","All providers of health care","Rest of the world financing schemes (non-resident)","0.00"
"2018","Norway","Euro per inhabitant","All providers of health care","Rest of the world financing schemes (non-resident)","0.00"
"2003","Switzerland","Euro per inhabitant","All providers of health care","Rest of the world financing schemes (non-resident)",":"
"2004","Switzerland","Euro per inhabitant","All providers of health care","Rest of the world financing schemes (non-resident)",":"
"2005","Switzerland","Euro per inhabitant","All providers of health care","Rest of the world financing schemes (non-resident)",":"
"2006","Switzerland","Euro per inhabitant","All providers of health care","Rest of the world financing schemes (non-resident)",":"
"2007","Switzerland","Euro per inhabitant","All providers of health care","Rest of the world financing schemes (non-resident)",":"
"2008","Switzerland","Euro per inhabitant","All providers of health care","Rest of the world financing schemes (non-resident)",":"
"2009","Switzerland","Euro per inhabitant","All providers of health care","Rest of the world financing schemes (non-resident)",":"
"2010","Switzerland","Euro per inhabitant","All providers of health care","Rest of the world financing schemes (non-resident)","0.00"
"2011","Switzerland","Euro per inhabitant","All providers of health care","Rest of the world financing schemes (non-resident)","0.00"
"2012","Switzerland","Euro per inhabitant","All providers of health care","Rest of the world financing schemes (non-resident)","0.00"
"2013","Switzerland","Euro per inhabitant","All providers of health care","Rest of the world financing schemes (non-resident)","0.00"
"2014","Switzerland","Euro per inhabitant","All providers of health care","Rest of the world financing schemes (non-resident)","0.00"
"2015","Switzerland","Euro per inhabitant","All providers of health care","Rest of the world financing schemes (non-resident)","0.00"
"2016","Switzerland","Euro per inhabitant","All providers of health care","Rest of the world financing schemes (non-resident)","0.00"
"2017","Switzerland","Euro per inhabitant","All providers of health care","Rest of the world financing schemes (non-resident)","0.00"
"2018","Switzerland","Euro per inhabitant","All providers of health care","Rest of the world financing schemes (non-resident)",":"
