"TIME","GEO","UNIT","ICHA11_HP","ICHA11_HF","Value"
"2003","Belgium","Euro per inhabitant","All providers of health care","Government schemes","266.57"
"2004","Belgium","Euro per inhabitant","All providers of health care","Government schemes","286.00"
"2005","Belgium","Euro per inhabitant","All providers of health care","Government schemes","315.59"
"2006","Belgium","Euro per inhabitant","All providers of health care","Government schemes","321.01"
"2007","Belgium","Euro per inhabitant","All providers of health care","Government schemes","315.93"
"2008","Belgium","Euro per inhabitant","All providers of health care","Government schemes","327.67"
"2009","Belgium","Euro per inhabitant","All providers of health care","Government schemes","352.95"
"2010","Belgium","Euro per inhabitant","All providers of health care","Government schemes","359.62"
"2011","Belgium","Euro per inhabitant","All providers of health care","Government schemes","367.31"
"2012","Belgium","Euro per inhabitant","All providers of health care","Government schemes","393.02"
"2013","Belgium","Euro per inhabitant","All providers of health care","Government schemes","397.83"
"2014","Belgium","Euro per inhabitant","All providers of health care","Government schemes","354.52"
"2015","Belgium","Euro per inhabitant","All providers of health care","Government schemes","688.77"
"2016","Belgium","Euro per inhabitant","All providers of health care","Government schemes","782.93"
"2017","Belgium","Euro per inhabitant","All providers of health care","Government schemes","839.80"
"2018","Belgium","Euro per inhabitant","All providers of health care","Government schemes","845.98"
"2003","Bulgaria","Euro per inhabitant","All providers of health care","Government schemes",":"
"2004","Bulgaria","Euro per inhabitant","All providers of health care","Government schemes",":"
"2005","Bulgaria","Euro per inhabitant","All providers of health care","Government schemes",":"
"2006","Bulgaria","Euro per inhabitant","All providers of health care","Government schemes",":"
"2007","Bulgaria","Euro per inhabitant","All providers of health care","Government schemes",":"
"2008","Bulgaria","Euro per inhabitant","All providers of health care","Government schemes",":"
"2009","Bulgaria","Euro per inhabitant","All providers of health care","Government schemes",":"
"2010","Bulgaria","Euro per inhabitant","All providers of health care","Government schemes",":"
"2011","Bulgaria","Euro per inhabitant","All providers of health care","Government schemes","62.13"
"2012","Bulgaria","Euro per inhabitant","All providers of health care","Government schemes","47.92"
"2013","Bulgaria","Euro per inhabitant","All providers of health care","Government schemes","42.67"
"2014","Bulgaria","Euro per inhabitant","All providers of health care","Government schemes","44.71"
"2015","Bulgaria","Euro per inhabitant","All providers of health care","Government schemes","47.97"
"2016","Bulgaria","Euro per inhabitant","All providers of health care","Government schemes","52.27"
"2017","Bulgaria","Euro per inhabitant","All providers of health care","Government schemes","55.03"
"2018","Bulgaria","Euro per inhabitant","All providers of health care","Government schemes","61.02"
"2003","Czechia","Euro per inhabitant","All providers of health care","Government schemes",":"
"2004","Czechia","Euro per inhabitant","All providers of health care","Government schemes",":"
"2005","Czechia","Euro per inhabitant","All providers of health care","Government schemes",":"
"2006","Czechia","Euro per inhabitant","All providers of health care","Government schemes",":"
"2007","Czechia","Euro per inhabitant","All providers of health care","Government schemes",":"
"2008","Czechia","Euro per inhabitant","All providers of health care","Government schemes",":"
"2009","Czechia","Euro per inhabitant","All providers of health care","Government schemes",":"
"2010","Czechia","Euro per inhabitant","All providers of health care","Government schemes",":"
"2011","Czechia","Euro per inhabitant","All providers of health care","Government schemes",":"
"2012","Czechia","Euro per inhabitant","All providers of health care","Government schemes",":"
"2013","Czechia","Euro per inhabitant","All providers of health care","Government schemes","150.04"
"2014","Czechia","Euro per inhabitant","All providers of health care","Government schemes","133.21"
"2015","Czechia","Euro per inhabitant","All providers of health care","Government schemes","139.02"
"2016","Czechia","Euro per inhabitant","All providers of health care","Government schemes","147.06"
"2017","Czechia","Euro per inhabitant","All providers of health care","Government schemes","171.08"
"2018","Czechia","Euro per inhabitant","All providers of health care","Government schemes",":"
"2003","Denmark","Euro per inhabitant","All providers of health care","Government schemes",":"
"2004","Denmark","Euro per inhabitant","All providers of health care","Government schemes",":"
"2005","Denmark","Euro per inhabitant","All providers of health care","Government schemes",":"
"2006","Denmark","Euro per inhabitant","All providers of health care","Government schemes",":"
"2007","Denmark","Euro per inhabitant","All providers of health care","Government schemes",":"
"2008","Denmark","Euro per inhabitant","All providers of health care","Government schemes",":"
"2009","Denmark","Euro per inhabitant","All providers of health care","Government schemes",":"
"2010","Denmark","Euro per inhabitant","All providers of health care","Government schemes","3,799.10"
"2011","Denmark","Euro per inhabitant","All providers of health care","Government schemes","3,777.54"
"2012","Denmark","Euro per inhabitant","All providers of health care","Government schemes","3,915.79"
"2013","Denmark","Euro per inhabitant","All providers of health care","Government schemes","3,948.70"
"2014","Denmark","Euro per inhabitant","All providers of health care","Government schemes","4,032.72"
"2015","Denmark","Euro per inhabitant","All providers of health care","Government schemes","4,135.77"
"2016","Denmark","Euro per inhabitant","All providers of health care","Government schemes","4,217.90"
"2017","Denmark","Euro per inhabitant","All providers of health care","Government schemes","4,313.83"
"2018","Denmark","Euro per inhabitant","All providers of health care","Government schemes","4,408.56"
"2003","Germany (until 1990 former territory of the FRG)","Euro per inhabitant","All providers of health care","Government schemes","214.78"
"2004","Germany (until 1990 former territory of the FRG)","Euro per inhabitant","All providers of health care","Government schemes","214.33"
"2005","Germany (until 1990 former territory of the FRG)","Euro per inhabitant","All providers of health care","Government schemes","212.08"
"2006","Germany (until 1990 former territory of the FRG)","Euro per inhabitant","All providers of health care","Government schemes","212.20"
"2007","Germany (until 1990 former territory of the FRG)","Euro per inhabitant","All providers of health care","Government schemes","216.55"
"2008","Germany (until 1990 former territory of the FRG)","Euro per inhabitant","All providers of health care","Government schemes","221.68"
"2009","Germany (until 1990 former territory of the FRG)","Euro per inhabitant","All providers of health care","Government schemes","228.81"
"2010","Germany (until 1990 former territory of the FRG)","Euro per inhabitant","All providers of health care","Government schemes","235.34"
"2011","Germany (until 1990 former territory of the FRG)","Euro per inhabitant","All providers of health care","Government schemes","243.76"
"2012","Germany (until 1990 former territory of the FRG)","Euro per inhabitant","All providers of health care","Government schemes","248.74"
"2013","Germany (until 1990 former territory of the FRG)","Euro per inhabitant","All providers of health care","Government schemes","256.90"
"2014","Germany (until 1990 former territory of the FRG)","Euro per inhabitant","All providers of health care","Government schemes","266.30"
"2015","Germany (until 1990 former territory of the FRG)","Euro per inhabitant","All providers of health care","Government schemes","276.36"
"2016","Germany (until 1990 former territory of the FRG)","Euro per inhabitant","All providers of health care","Government schemes","291.14"
"2017","Germany (until 1990 former territory of the FRG)","Euro per inhabitant","All providers of health care","Government schemes","281.29"
"2018","Germany (until 1990 former territory of the FRG)","Euro per inhabitant","All providers of health care","Government schemes",":"
"2003","Estonia","Euro per inhabitant","All providers of health care","Government schemes","30.02"
"2004","Estonia","Euro per inhabitant","All providers of health care","Government schemes","35.31"
"2005","Estonia","Euro per inhabitant","All providers of health care","Government schemes","42.12"
"2006","Estonia","Euro per inhabitant","All providers of health care","Government schemes","53.65"
"2007","Estonia","Euro per inhabitant","All providers of health care","Government schemes","66.07"
"2008","Estonia","Euro per inhabitant","All providers of health care","Government schemes","77.45"
"2009","Estonia","Euro per inhabitant","All providers of health care","Government schemes","73.84"
"2010","Estonia","Euro per inhabitant","All providers of health care","Government schemes","76.42"
"2011","Estonia","Euro per inhabitant","All providers of health care","Government schemes","80.43"
"2012","Estonia","Euro per inhabitant","All providers of health care","Government schemes","85.59"
"2013","Estonia","Euro per inhabitant","All providers of health care","Government schemes","94.32"
"2014","Estonia","Euro per inhabitant","All providers of health care","Government schemes","95.89"
"2015","Estonia","Euro per inhabitant","All providers of health care","Government schemes","108.25"
"2016","Estonia","Euro per inhabitant","All providers of health care","Government schemes","114.33"
"2017","Estonia","Euro per inhabitant","All providers of health care","Government schemes","119.53"
"2018","Estonia","Euro per inhabitant","All providers of health care","Government schemes",":"
"2003","Ireland","Euro per inhabitant","All providers of health care","Government schemes",":"
"2004","Ireland","Euro per inhabitant","All providers of health care","Government schemes",":"
"2005","Ireland","Euro per inhabitant","All providers of health care","Government schemes",":"
"2006","Ireland","Euro per inhabitant","All providers of health care","Government schemes",":"
"2007","Ireland","Euro per inhabitant","All providers of health care","Government schemes",":"
"2008","Ireland","Euro per inhabitant","All providers of health care","Government schemes",":"
"2009","Ireland","Euro per inhabitant","All providers of health care","Government schemes",":"
"2010","Ireland","Euro per inhabitant","All providers of health care","Government schemes",":"
"2011","Ireland","Euro per inhabitant","All providers of health care","Government schemes","2,877.03"
"2012","Ireland","Euro per inhabitant","All providers of health care","Government schemes","2,921.11"
"2013","Ireland","Euro per inhabitant","All providers of health care","Government schemes","2,836.00"
"2014","Ireland","Euro per inhabitant","All providers of health care","Government schemes","2,860.36"
"2015","Ireland","Euro per inhabitant","All providers of health care","Government schemes","2,933.78"
"2016","Ireland","Euro per inhabitant","All providers of health care","Government schemes","3,055.18"
"2017","Ireland","Euro per inhabitant","All providers of health care","Government schemes","3,202.62"
"2018","Ireland","Euro per inhabitant","All providers of health care","Government schemes","3,380.36"
"2003","Greece","Euro per inhabitant","All providers of health care","Government schemes",":"
"2004","Greece","Euro per inhabitant","All providers of health care","Government schemes",":"
"2005","Greece","Euro per inhabitant","All providers of health care","Government schemes",":"
"2006","Greece","Euro per inhabitant","All providers of health care","Government schemes",":"
"2007","Greece","Euro per inhabitant","All providers of health care","Government schemes",":"
"2008","Greece","Euro per inhabitant","All providers of health care","Government schemes",":"
"2009","Greece","Euro per inhabitant","All providers of health care","Government schemes","550.59"
"2010","Greece","Euro per inhabitant","All providers of health care","Government schemes","582.25"
"2011","Greece","Euro per inhabitant","All providers of health care","Government schemes","378.41"
"2012","Greece","Euro per inhabitant","All providers of health care","Government schemes","460.13"
"2013","Greece","Euro per inhabitant","All providers of health care","Government schemes","423.03"
"2014","Greece","Euro per inhabitant","All providers of health care","Government schemes","386.55"
"2015","Greece","Euro per inhabitant","All providers of health care","Government schemes","377.75"
"2016","Greece","Euro per inhabitant","All providers of health care","Government schemes","419.36"
"2017","Greece","Euro per inhabitant","All providers of health care","Government schemes","370.53"
"2018","Greece","Euro per inhabitant","All providers of health care","Government schemes","364.86"
"2003","Spain","Euro per inhabitant","All providers of health care","Government schemes","953.04"
"2004","Spain","Euro per inhabitant","All providers of health care","Government schemes","1,019.35"
"2005","Spain","Euro per inhabitant","All providers of health care","Government schemes","1,095.60"
"2006","Spain","Euro per inhabitant","All providers of health care","Government schemes","1,190.90"
"2007","Spain","Euro per inhabitant","All providers of health care","Government schemes","1,275.27"
"2008","Spain","Euro per inhabitant","All providers of health care","Government schemes","1,393.61"
"2009","Spain","Euro per inhabitant","All providers of health care","Government schemes","1,490.00"
"2010","Spain","Euro per inhabitant","All providers of health care","Government schemes","1,476.01"
"2011","Spain","Euro per inhabitant","All providers of health care","Government schemes","1,447.10"
"2012","Spain","Euro per inhabitant","All providers of health care","Government schemes","1,369.96"
"2013","Spain","Euro per inhabitant","All providers of health care","Government schemes","1,322.08"
"2014","Spain","Euro per inhabitant","All providers of health care","Government schemes","1,329.76"
"2015","Spain","Euro per inhabitant","All providers of health care","Government schemes","1,419.34"
"2016","Spain","Euro per inhabitant","All providers of health care","Government schemes","1,442.62"
"2017","Spain","Euro per inhabitant","All providers of health care","Government schemes","1,476.81"
"2018","Spain","Euro per inhabitant","All providers of health care","Government schemes",":"
"2003","France","Euro per inhabitant","All providers of health care","Government schemes",":"
"2004","France","Euro per inhabitant","All providers of health care","Government schemes",":"
"2005","France","Euro per inhabitant","All providers of health care","Government schemes",":"
"2006","France","Euro per inhabitant","All providers of health care","Government schemes","126.59"
"2007","France","Euro per inhabitant","All providers of health care","Government schemes","136.53"
"2008","France","Euro per inhabitant","All providers of health care","Government schemes","148.67"
"2009","France","Euro per inhabitant","All providers of health care","Government schemes","167.84"
"2010","France","Euro per inhabitant","All providers of health care","Government schemes","170.11"
"2011","France","Euro per inhabitant","All providers of health care","Government schemes","172.63"
"2012","France","Euro per inhabitant","All providers of health care","Government schemes","180.14"
"2013","France","Euro per inhabitant","All providers of health care","Government schemes","186.36"
"2014","France","Euro per inhabitant","All providers of health care","Government schemes","192.12"
"2015","France","Euro per inhabitant","All providers of health care","Government schemes","193.66"
"2016","France","Euro per inhabitant","All providers of health care","Government schemes","197.86"
"2017","France","Euro per inhabitant","All providers of health care","Government schemes","207.02"
"2018","France","Euro per inhabitant","All providers of health care","Government schemes","214.12"
"2003","Croatia","Euro per inhabitant","All providers of health care","Government schemes",":"
"2004","Croatia","Euro per inhabitant","All providers of health care","Government schemes",":"
"2005","Croatia","Euro per inhabitant","All providers of health care","Government schemes",":"
"2006","Croatia","Euro per inhabitant","All providers of health care","Government schemes",":"
"2007","Croatia","Euro per inhabitant","All providers of health care","Government schemes",":"
"2008","Croatia","Euro per inhabitant","All providers of health care","Government schemes",":"
"2009","Croatia","Euro per inhabitant","All providers of health care","Government schemes",":"
"2010","Croatia","Euro per inhabitant","All providers of health care","Government schemes",":"
"2011","Croatia","Euro per inhabitant","All providers of health care","Government schemes",":"
"2012","Croatia","Euro per inhabitant","All providers of health care","Government schemes",":"
"2013","Croatia","Euro per inhabitant","All providers of health care","Government schemes","18.19"
"2014","Croatia","Euro per inhabitant","All providers of health care","Government schemes","20.31"
"2015","Croatia","Euro per inhabitant","All providers of health care","Government schemes","20.66"
"2016","Croatia","Euro per inhabitant","All providers of health care","Government schemes","18.43"
"2017","Croatia","Euro per inhabitant","All providers of health care","Government schemes","53.56"
"2018","Croatia","Euro per inhabitant","All providers of health care","Government schemes","35.68"
"2003","Italy","Euro per inhabitant","All providers of health care","Government schemes",":"
"2004","Italy","Euro per inhabitant","All providers of health care","Government schemes",":"
"2005","Italy","Euro per inhabitant","All providers of health care","Government schemes",":"
"2006","Italy","Euro per inhabitant","All providers of health care","Government schemes",":"
"2007","Italy","Euro per inhabitant","All providers of health care","Government schemes",":"
"2008","Italy","Euro per inhabitant","All providers of health care","Government schemes",":"
"2009","Italy","Euro per inhabitant","All providers of health care","Government schemes",":"
"2010","Italy","Euro per inhabitant","All providers of health care","Government schemes",":"
"2011","Italy","Euro per inhabitant","All providers of health care","Government schemes",":"
"2012","Italy","Euro per inhabitant","All providers of health care","Government schemes","1,812.77"
"2013","Italy","Euro per inhabitant","All providers of health care","Government schemes","1,774.36"
"2014","Italy","Euro per inhabitant","All providers of health care","Government schemes","1,784.86"
"2015","Italy","Euro per inhabitant","All providers of health care","Government schemes","1,791.34"
"2016","Italy","Euro per inhabitant","All providers of health care","Government schemes","1,811.37"
"2017","Italy","Euro per inhabitant","All providers of health care","Government schemes","1,831.24"
"2018","Italy","Euro per inhabitant","All providers of health care","Government schemes","1,868.28"
"2003","Cyprus","Euro per inhabitant","All providers of health care","Government schemes",":"
"2004","Cyprus","Euro per inhabitant","All providers of health care","Government schemes",":"
"2005","Cyprus","Euro per inhabitant","All providers of health care","Government schemes",":"
"2006","Cyprus","Euro per inhabitant","All providers of health care","Government schemes",":"
"2007","Cyprus","Euro per inhabitant","All providers of health care","Government schemes",":"
"2008","Cyprus","Euro per inhabitant","All providers of health care","Government schemes",":"
"2009","Cyprus","Euro per inhabitant","All providers of health care","Government schemes",":"
"2010","Cyprus","Euro per inhabitant","All providers of health care","Government schemes","693.28"
"2011","Cyprus","Euro per inhabitant","All providers of health care","Government schemes","707.25"
"2012","Cyprus","Euro per inhabitant","All providers of health care","Government schemes","673.15"
"2013","Cyprus","Euro per inhabitant","All providers of health care","Government schemes","658.81"
"2014","Cyprus","Euro per inhabitant","All providers of health care","Government schemes","602.93"
"2015","Cyprus","Euro per inhabitant","All providers of health care","Government schemes","601.24"
"2016","Cyprus","Euro per inhabitant","All providers of health care","Government schemes","617.44"
"2017","Cyprus","Euro per inhabitant","All providers of health care","Government schemes","645.44"
"2018","Cyprus","Euro per inhabitant","All providers of health care","Government schemes","703.29"
"2003","Latvia","Euro per inhabitant","All providers of health care","Government schemes",":"
"2004","Latvia","Euro per inhabitant","All providers of health care","Government schemes",":"
"2005","Latvia","Euro per inhabitant","All providers of health care","Government schemes",":"
"2006","Latvia","Euro per inhabitant","All providers of health care","Government schemes",":"
"2007","Latvia","Euro per inhabitant","All providers of health care","Government schemes",":"
"2008","Latvia","Euro per inhabitant","All providers of health care","Government schemes",":"
"2009","Latvia","Euro per inhabitant","All providers of health care","Government schemes",":"
"2010","Latvia","Euro per inhabitant","All providers of health care","Government schemes",":"
"2011","Latvia","Euro per inhabitant","All providers of health care","Government schemes",":"
"2012","Latvia","Euro per inhabitant","All providers of health care","Government schemes",":"
"2013","Latvia","Euro per inhabitant","All providers of health care","Government schemes","367.58"
"2014","Latvia","Euro per inhabitant","All providers of health care","Government schemes","386.32"
"2015","Latvia","Euro per inhabitant","All providers of health care","Government schemes","411.93"
"2016","Latvia","Euro per inhabitant","All providers of health care","Government schemes","443.64"
"2017","Latvia","Euro per inhabitant","All providers of health care","Government schemes","475.15"
"2018","Latvia","Euro per inhabitant","All providers of health care","Government schemes",":"
"2003","Lithuania","Euro per inhabitant","All providers of health care","Government schemes",":"
"2004","Lithuania","Euro per inhabitant","All providers of health care","Government schemes",":"
"2005","Lithuania","Euro per inhabitant","All providers of health care","Government schemes",":"
"2006","Lithuania","Euro per inhabitant","All providers of health care","Government schemes","25.94"
"2007","Lithuania","Euro per inhabitant","All providers of health care","Government schemes","44.76"
"2008","Lithuania","Euro per inhabitant","All providers of health care","Government schemes","66.69"
"2009","Lithuania","Euro per inhabitant","All providers of health care","Government schemes","67.49"
"2010","Lithuania","Euro per inhabitant","All providers of health care","Government schemes","63.85"
"2011","Lithuania","Euro per inhabitant","All providers of health care","Government schemes","64.95"
"2012","Lithuania","Euro per inhabitant","All providers of health care","Government schemes","64.50"
"2013","Lithuania","Euro per inhabitant","All providers of health care","Government schemes","63.90"
"2014","Lithuania","Euro per inhabitant","All providers of health care","Government schemes","78.02"
"2015","Lithuania","Euro per inhabitant","All providers of health care","Government schemes","83.16"
"2016","Lithuania","Euro per inhabitant","All providers of health care","Government schemes","85.50"
"2017","Lithuania","Euro per inhabitant","All providers of health care","Government schemes","86.73"
"2018","Lithuania","Euro per inhabitant","All providers of health care","Government schemes","89.72"
"2003","Luxembourg","Euro per inhabitant","All providers of health care","Government schemes",":"
"2004","Luxembourg","Euro per inhabitant","All providers of health care","Government schemes",":"
"2005","Luxembourg","Euro per inhabitant","All providers of health care","Government schemes",":"
"2006","Luxembourg","Euro per inhabitant","All providers of health care","Government schemes",":"
"2007","Luxembourg","Euro per inhabitant","All providers of health care","Government schemes",":"
"2008","Luxembourg","Euro per inhabitant","All providers of health care","Government schemes",":"
"2009","Luxembourg","Euro per inhabitant","All providers of health care","Government schemes",":"
"2010","Luxembourg","Euro per inhabitant","All providers of health care","Government schemes",":"
"2011","Luxembourg","Euro per inhabitant","All providers of health care","Government schemes","342.10"
"2012","Luxembourg","Euro per inhabitant","All providers of health care","Government schemes","177.36"
"2013","Luxembourg","Euro per inhabitant","All providers of health care","Government schemes","181.23"
"2014","Luxembourg","Euro per inhabitant","All providers of health care","Government schemes","215.08"
"2015","Luxembourg","Euro per inhabitant","All providers of health care","Government schemes","219.19"
"2016","Luxembourg","Euro per inhabitant","All providers of health care","Government schemes","231.11"
"2017","Luxembourg","Euro per inhabitant","All providers of health care","Government schemes","237.64"
"2018","Luxembourg","Euro per inhabitant","All providers of health care","Government schemes","227.57"
"2003","Hungary","Euro per inhabitant","All providers of health care","Government schemes",":"
"2004","Hungary","Euro per inhabitant","All providers of health care","Government schemes",":"
"2005","Hungary","Euro per inhabitant","All providers of health care","Government schemes",":"
"2006","Hungary","Euro per inhabitant","All providers of health care","Government schemes","58.98"
"2007","Hungary","Euro per inhabitant","All providers of health care","Government schemes","72.00"
"2008","Hungary","Euro per inhabitant","All providers of health care","Government schemes","74.11"
"2009","Hungary","Euro per inhabitant","All providers of health care","Government schemes","64.66"
"2010","Hungary","Euro per inhabitant","All providers of health care","Government schemes","60.68"
"2011","Hungary","Euro per inhabitant","All providers of health care","Government schemes","61.65"
"2012","Hungary","Euro per inhabitant","All providers of health care","Government schemes","64.72"
"2013","Hungary","Euro per inhabitant","All providers of health care","Government schemes","66.25"
"2014","Hungary","Euro per inhabitant","All providers of health care","Government schemes","73.29"
"2015","Hungary","Euro per inhabitant","All providers of health care","Government schemes","89.80"
"2016","Hungary","Euro per inhabitant","All providers of health care","Government schemes","70.36"
"2017","Hungary","Euro per inhabitant","All providers of health care","Government schemes","71.54"
"2018","Hungary","Euro per inhabitant","All providers of health care","Government schemes","78.51"
"2003","Malta","Euro per inhabitant","All providers of health care","Government schemes",":"
"2004","Malta","Euro per inhabitant","All providers of health care","Government schemes",":"
"2005","Malta","Euro per inhabitant","All providers of health care","Government schemes",":"
"2006","Malta","Euro per inhabitant","All providers of health care","Government schemes",":"
"2007","Malta","Euro per inhabitant","All providers of health care","Government schemes",":"
"2008","Malta","Euro per inhabitant","All providers of health care","Government schemes",":"
"2009","Malta","Euro per inhabitant","All providers of health care","Government schemes",":"
"2010","Malta","Euro per inhabitant","All providers of health care","Government schemes",":"
"2011","Malta","Euro per inhabitant","All providers of health care","Government schemes",":"
"2012","Malta","Euro per inhabitant","All providers of health care","Government schemes",":"
"2013","Malta","Euro per inhabitant","All providers of health care","Government schemes",":"
"2014","Malta","Euro per inhabitant","All providers of health care","Government schemes","1,121.90"
"2015","Malta","Euro per inhabitant","All providers of health care","Government schemes","1,210.52"
"2016","Malta","Euro per inhabitant","All providers of health care","Government schemes","1,308.19"
"2017","Malta","Euro per inhabitant","All providers of health care","Government schemes","1,423.30"
"2018","Malta","Euro per inhabitant","All providers of health care","Government schemes",":"
"2003","Netherlands","Euro per inhabitant","All providers of health care","Government schemes","136.50"
"2004","Netherlands","Euro per inhabitant","All providers of health care","Government schemes","135.86"
"2005","Netherlands","Euro per inhabitant","All providers of health care","Government schemes","153.59"
"2006","Netherlands","Euro per inhabitant","All providers of health care","Government schemes","168.02"
"2007","Netherlands","Euro per inhabitant","All providers of health care","Government schemes","186.48"
"2008","Netherlands","Euro per inhabitant","All providers of health care","Government schemes","192.78"
"2009","Netherlands","Euro per inhabitant","All providers of health care","Government schemes","202.45"
"2010","Netherlands","Euro per inhabitant","All providers of health care","Government schemes","200.83"
"2011","Netherlands","Euro per inhabitant","All providers of health care","Government schemes","202.31"
"2012","Netherlands","Euro per inhabitant","All providers of health care","Government schemes","207.83"
"2013","Netherlands","Euro per inhabitant","All providers of health care","Government schemes","207.05"
"2014","Netherlands","Euro per inhabitant","All providers of health care","Government schemes","211.36"
"2015","Netherlands","Euro per inhabitant","All providers of health care","Government schemes","261.95"
"2016","Netherlands","Euro per inhabitant","All providers of health care","Government schemes","270.05"
"2017","Netherlands","Euro per inhabitant","All providers of health care","Government schemes","268.63"
"2018","Netherlands","Euro per inhabitant","All providers of health care","Government schemes","287.38"
"2003","Austria","Euro per inhabitant","All providers of health care","Government schemes",":"
"2004","Austria","Euro per inhabitant","All providers of health care","Government schemes","812.97"
"2005","Austria","Euro per inhabitant","All providers of health care","Government schemes","852.86"
"2006","Austria","Euro per inhabitant","All providers of health care","Government schemes","904.95"
"2007","Austria","Euro per inhabitant","All providers of health care","Government schemes","948.44"
"2008","Austria","Euro per inhabitant","All providers of health care","Government schemes","1,031.88"
"2009","Austria","Euro per inhabitant","All providers of health care","Government schemes","1,083.24"
"2010","Austria","Euro per inhabitant","All providers of health care","Government schemes","1,122.00"
"2011","Austria","Euro per inhabitant","All providers of health care","Government schemes","1,144.12"
"2012","Austria","Euro per inhabitant","All providers of health care","Government schemes","1,200.26"
"2013","Austria","Euro per inhabitant","All providers of health care","Government schemes","1,196.25"
"2014","Austria","Euro per inhabitant","All providers of health care","Government schemes","1,220.78"
"2015","Austria","Euro per inhabitant","All providers of health care","Government schemes","1,239.47"
"2016","Austria","Euro per inhabitant","All providers of health care","Government schemes","1,267.60"
"2017","Austria","Euro per inhabitant","All providers of health care","Government schemes","1,297.10"
"2018","Austria","Euro per inhabitant","All providers of health care","Government schemes","1,360.99"
"2003","Poland","Euro per inhabitant","All providers of health care","Government schemes",":"
"2004","Poland","Euro per inhabitant","All providers of health care","Government schemes",":"
"2005","Poland","Euro per inhabitant","All providers of health care","Government schemes",":"
"2006","Poland","Euro per inhabitant","All providers of health care","Government schemes",":"
"2007","Poland","Euro per inhabitant","All providers of health care","Government schemes",":"
"2008","Poland","Euro per inhabitant","All providers of health care","Government schemes",":"
"2009","Poland","Euro per inhabitant","All providers of health care","Government schemes",":"
"2010","Poland","Euro per inhabitant","All providers of health care","Government schemes",":"
"2011","Poland","Euro per inhabitant","All providers of health care","Government schemes",":"
"2012","Poland","Euro per inhabitant","All providers of health care","Government schemes",":"
"2013","Poland","Euro per inhabitant","All providers of health care","Government schemes","65.97"
"2014","Poland","Euro per inhabitant","All providers of health care","Government schemes","62.98"
"2015","Poland","Euro per inhabitant","All providers of health care","Government schemes","66.39"
"2016","Poland","Euro per inhabitant","All providers of health care","Government schemes","73.28"
"2017","Poland","Euro per inhabitant","All providers of health care","Government schemes",":"
"2018","Poland","Euro per inhabitant","All providers of health care","Government schemes",":"
"2003","Portugal","Euro per inhabitant","All providers of health care","Government schemes","873.28"
"2004","Portugal","Euro per inhabitant","All providers of health care","Government schemes","948.94"
"2005","Portugal","Euro per inhabitant","All providers of health care","Government schemes","1,004.66"
"2006","Portugal","Euro per inhabitant","All providers of health care","Government schemes","985.81"
"2007","Portugal","Euro per inhabitant","All providers of health care","Government schemes","1,023.90"
"2008","Portugal","Euro per inhabitant","All providers of health care","Government schemes","1,068.82"
"2009","Portugal","Euro per inhabitant","All providers of health care","Government schemes","1,129.52"
"2010","Portugal","Euro per inhabitant","All providers of health care","Government schemes","1,149.31"
"2011","Portugal","Euro per inhabitant","All providers of health care","Government schemes","1,059.59"
"2012","Portugal","Euro per inhabitant","All providers of health care","Government schemes","964.29"
"2013","Portugal","Euro per inhabitant","All providers of health care","Government schemes","973.07"
"2014","Portugal","Euro per inhabitant","All providers of health care","Government schemes","973.01"
"2015","Portugal","Euro per inhabitant","All providers of health care","Government schemes","1,011.26"
"2016","Portugal","Euro per inhabitant","All providers of health care","Government schemes","1,061.62"
"2017","Portugal","Euro per inhabitant","All providers of health care","Government schemes","1,101.41"
"2018","Portugal","Euro per inhabitant","All providers of health care","Government schemes",":"
"2003","Romania","Euro per inhabitant","All providers of health care","Government schemes",":"
"2004","Romania","Euro per inhabitant","All providers of health care","Government schemes",":"
"2005","Romania","Euro per inhabitant","All providers of health care","Government schemes",":"
"2006","Romania","Euro per inhabitant","All providers of health care","Government schemes",":"
"2007","Romania","Euro per inhabitant","All providers of health care","Government schemes",":"
"2008","Romania","Euro per inhabitant","All providers of health care","Government schemes",":"
"2009","Romania","Euro per inhabitant","All providers of health care","Government schemes",":"
"2010","Romania","Euro per inhabitant","All providers of health care","Government schemes",":"
"2011","Romania","Euro per inhabitant","All providers of health care","Government schemes","30.20"
"2012","Romania","Euro per inhabitant","All providers of health care","Government schemes","31.25"
"2013","Romania","Euro per inhabitant","All providers of health care","Government schemes","48.29"
"2014","Romania","Euro per inhabitant","All providers of health care","Government schemes","50.22"
"2015","Romania","Euro per inhabitant","All providers of health care","Government schemes","53.99"
"2016","Romania","Euro per inhabitant","All providers of health care","Government schemes","56.55"
"2017","Romania","Euro per inhabitant","All providers of health care","Government schemes","76.47"
"2018","Romania","Euro per inhabitant","All providers of health care","Government schemes","93.63"
"2003","Slovenia","Euro per inhabitant","All providers of health care","Government schemes",":"
"2004","Slovenia","Euro per inhabitant","All providers of health care","Government schemes",":"
"2005","Slovenia","Euro per inhabitant","All providers of health care","Government schemes",":"
"2006","Slovenia","Euro per inhabitant","All providers of health care","Government schemes",":"
"2007","Slovenia","Euro per inhabitant","All providers of health care","Government schemes",":"
"2008","Slovenia","Euro per inhabitant","All providers of health care","Government schemes",":"
"2009","Slovenia","Euro per inhabitant","All providers of health care","Government schemes",":"
"2010","Slovenia","Euro per inhabitant","All providers of health care","Government schemes",":"
"2011","Slovenia","Euro per inhabitant","All providers of health care","Government schemes",":"
"2012","Slovenia","Euro per inhabitant","All providers of health care","Government schemes",":"
"2013","Slovenia","Euro per inhabitant","All providers of health care","Government schemes",":"
"2014","Slovenia","Euro per inhabitant","All providers of health care","Government schemes","57.70"
"2015","Slovenia","Euro per inhabitant","All providers of health care","Government schemes","54.30"
"2016","Slovenia","Euro per inhabitant","All providers of health care","Government schemes","66.00"
"2017","Slovenia","Euro per inhabitant","All providers of health care","Government schemes","57.54"
"2018","Slovenia","Euro per inhabitant","All providers of health care","Government schemes",":"
"2003","Slovakia","Euro per inhabitant","All providers of health care","Government schemes",":"
"2004","Slovakia","Euro per inhabitant","All providers of health care","Government schemes",":"
"2005","Slovakia","Euro per inhabitant","All providers of health care","Government schemes",":"
"2006","Slovakia","Euro per inhabitant","All providers of health care","Government schemes",":"
"2007","Slovakia","Euro per inhabitant","All providers of health care","Government schemes",":"
"2008","Slovakia","Euro per inhabitant","All providers of health care","Government schemes",":"
"2009","Slovakia","Euro per inhabitant","All providers of health care","Government schemes",":"
"2010","Slovakia","Euro per inhabitant","All providers of health care","Government schemes",":"
"2011","Slovakia","Euro per inhabitant","All providers of health care","Government schemes",":"
"2012","Slovakia","Euro per inhabitant","All providers of health care","Government schemes","69.70"
"2013","Slovakia","Euro per inhabitant","All providers of health care","Government schemes","68.64"
"2014","Slovakia","Euro per inhabitant","All providers of health care","Government schemes","38.81"
"2015","Slovakia","Euro per inhabitant","All providers of health care","Government schemes","43.30"
"2016","Slovakia","Euro per inhabitant","All providers of health care","Government schemes","27.94"
"2017","Slovakia","Euro per inhabitant","All providers of health care","Government schemes","25.43"
"2018","Slovakia","Euro per inhabitant","All providers of health care","Government schemes",":"
"2003","Finland","Euro per inhabitant","All providers of health care","Government schemes","1,298.06"
"2004","Finland","Euro per inhabitant","All providers of health care","Government schemes","1,382.57"
"2005","Finland","Euro per inhabitant","All providers of health care","Government schemes","1,479.46"
"2006","Finland","Euro per inhabitant","All providers of health care","Government schemes","1,574.94"
"2007","Finland","Euro per inhabitant","All providers of health care","Government schemes","1,659.60"
"2008","Finland","Euro per inhabitant","All providers of health care","Government schemes","1,766.57"
"2009","Finland","Euro per inhabitant","All providers of health care","Government schemes","1,811.41"
"2010","Finland","Euro per inhabitant","All providers of health care","Government schemes","1,862.05"
"2011","Finland","Euro per inhabitant","All providers of health care","Government schemes","1,995.44"
"2012","Finland","Euro per inhabitant","All providers of health care","Government schemes","2,119.61"
"2013","Finland","Euro per inhabitant","All providers of health care","Government schemes","2,211.26"
"2014","Finland","Euro per inhabitant","All providers of health care","Government schemes","2,214.10"
"2015","Finland","Euro per inhabitant","All providers of health care","Government schemes","2,297.65"
"2016","Finland","Euro per inhabitant","All providers of health care","Government schemes","2,263.76"
"2017","Finland","Euro per inhabitant","All providers of health care","Government schemes","2,306.49"
"2018","Finland","Euro per inhabitant","All providers of health care","Government schemes",":"
"2003","Sweden","Euro per inhabitant","All providers of health care","Government schemes",":"
"2004","Sweden","Euro per inhabitant","All providers of health care","Government schemes",":"
"2005","Sweden","Euro per inhabitant","All providers of health care","Government schemes",":"
"2006","Sweden","Euro per inhabitant","All providers of health care","Government schemes",":"
"2007","Sweden","Euro per inhabitant","All providers of health care","Government schemes",":"
"2008","Sweden","Euro per inhabitant","All providers of health care","Government schemes",":"
"2009","Sweden","Euro per inhabitant","All providers of health care","Government schemes",":"
"2010","Sweden","Euro per inhabitant","All providers of health care","Government schemes",":"
"2011","Sweden","Euro per inhabitant","All providers of health care","Government schemes","3,844.80"
"2012","Sweden","Euro per inhabitant","All providers of health care","Government schemes","4,084.16"
"2013","Sweden","Euro per inhabitant","All providers of health care","Government schemes","4,216.89"
"2014","Sweden","Euro per inhabitant","All providers of health care","Government schemes","4,163.52"
"2015","Sweden","Euro per inhabitant","All providers of health care","Government schemes","4,219.74"
"2016","Sweden","Euro per inhabitant","All providers of health care","Government schemes","4,300.05"
"2017","Sweden","Euro per inhabitant","All providers of health care","Government schemes","4,363.22"
"2018","Sweden","Euro per inhabitant","All providers of health care","Government schemes","4,289.75"
"2003","United Kingdom","Euro per inhabitant","All providers of health care","Government schemes",":"
"2004","United Kingdom","Euro per inhabitant","All providers of health care","Government schemes",":"
"2005","United Kingdom","Euro per inhabitant","All providers of health care","Government schemes",":"
"2006","United Kingdom","Euro per inhabitant","All providers of health care","Government schemes",":"
"2007","United Kingdom","Euro per inhabitant","All providers of health care","Government schemes",":"
"2008","United Kingdom","Euro per inhabitant","All providers of health care","Government schemes",":"
"2009","United Kingdom","Euro per inhabitant","All providers of health care","Government schemes",":"
"2010","United Kingdom","Euro per inhabitant","All providers of health care","Government schemes",":"
"2011","United Kingdom","Euro per inhabitant","All providers of health care","Government schemes",":"
"2012","United Kingdom","Euro per inhabitant","All providers of health care","Government schemes",":"
"2013","United Kingdom","Euro per inhabitant","All providers of health care","Government schemes","2,507.28"
"2014","United Kingdom","Euro per inhabitant","All providers of health care","Government schemes","2,745.90"
"2015","United Kingdom","Euro per inhabitant","All providers of health care","Government schemes","3,084.47"
"2016","United Kingdom","Euro per inhabitant","All providers of health care","Government schemes","2,823.86"
"2017","United Kingdom","Euro per inhabitant","All providers of health care","Government schemes","2,686.23"
"2018","United Kingdom","Euro per inhabitant","All providers of health care","Government schemes",":"
"2003","Iceland","Euro per inhabitant","All providers of health care","Government schemes",":"
"2004","Iceland","Euro per inhabitant","All providers of health care","Government schemes",":"
"2005","Iceland","Euro per inhabitant","All providers of health care","Government schemes",":"
"2006","Iceland","Euro per inhabitant","All providers of health care","Government schemes",":"
"2007","Iceland","Euro per inhabitant","All providers of health care","Government schemes",":"
"2008","Iceland","Euro per inhabitant","All providers of health care","Government schemes",":"
"2009","Iceland","Euro per inhabitant","All providers of health care","Government schemes",":"
"2010","Iceland","Euro per inhabitant","All providers of health care","Government schemes",":"
"2011","Iceland","Euro per inhabitant","All providers of health care","Government schemes","2,254.73"
"2012","Iceland","Euro per inhabitant","All providers of health care","Government schemes","2,340.44"
"2013","Iceland","Euro per inhabitant","All providers of health care","Government schemes","2,458.20"
"2014","Iceland","Euro per inhabitant","All providers of health care","Government schemes","2,725.88"
"2015","Iceland","Euro per inhabitant","All providers of health care","Government schemes","3,114.92"
"2016","Iceland","Euro per inhabitant","All providers of health care","Government schemes","3,699.56"
"2017","Iceland","Euro per inhabitant","All providers of health care","Government schemes","4,317.07"
"2018","Iceland","Euro per inhabitant","All providers of health care","Government schemes","4,348.85"
"2003","Liechtenstein","Euro per inhabitant","All providers of health care","Government schemes",":"
"2004","Liechtenstein","Euro per inhabitant","All providers of health care","Government schemes",":"
"2005","Liechtenstein","Euro per inhabitant","All providers of health care","Government schemes",":"
"2006","Liechtenstein","Euro per inhabitant","All providers of health care","Government schemes",":"
"2007","Liechtenstein","Euro per inhabitant","All providers of health care","Government schemes",":"
"2008","Liechtenstein","Euro per inhabitant","All providers of health care","Government schemes",":"
"2009","Liechtenstein","Euro per inhabitant","All providers of health care","Government schemes",":"
"2010","Liechtenstein","Euro per inhabitant","All providers of health care","Government schemes",":"
"2011","Liechtenstein","Euro per inhabitant","All providers of health care","Government schemes",":"
"2012","Liechtenstein","Euro per inhabitant","All providers of health care","Government schemes",":"
"2013","Liechtenstein","Euro per inhabitant","All providers of health care","Government schemes","1,175.11"
"2014","Liechtenstein","Euro per inhabitant","All providers of health care","Government schemes","1,102.45"
"2015","Liechtenstein","Euro per inhabitant","All providers of health care","Government schemes","1,295.17"
"2016","Liechtenstein","Euro per inhabitant","All providers of health care","Government schemes","1,308.12"
"2017","Liechtenstein","Euro per inhabitant","All providers of health care","Government schemes","1,301.33"
"2018","Liechtenstein","Euro per inhabitant","All providers of health care","Government schemes",":"
"2003","Norway","Euro per inhabitant","All providers of health care","Government schemes",":"
"2004","Norway","Euro per inhabitant","All providers of health care","Government schemes",":"
"2005","Norway","Euro per inhabitant","All providers of health care","Government schemes",":"
"2006","Norway","Euro per inhabitant","All providers of health care","Government schemes",":"
"2007","Norway","Euro per inhabitant","All providers of health care","Government schemes",":"
"2008","Norway","Euro per inhabitant","All providers of health care","Government schemes",":"
"2009","Norway","Euro per inhabitant","All providers of health care","Government schemes",":"
"2010","Norway","Euro per inhabitant","All providers of health care","Government schemes",":"
"2011","Norway","Euro per inhabitant","All providers of health care","Government schemes","5,367.89"
"2012","Norway","Euro per inhabitant","All providers of health care","Government schemes","5,878.21"
"2013","Norway","Euro per inhabitant","All providers of health care","Government schemes","5,880.00"
"2014","Norway","Euro per inhabitant","All providers of health care","Government schemes","5,832.66"
"2015","Norway","Euro per inhabitant","All providers of health care","Government schemes","5,804.73"
"2016","Norway","Euro per inhabitant","All providers of health care","Government schemes","5,760.82"
"2017","Norway","Euro per inhabitant","All providers of health care","Government schemes","5,879.24"
"2018","Norway","Euro per inhabitant","All providers of health care","Government schemes","5,938.51"
"2003","Switzerland","Euro per inhabitant","All providers of health care","Government schemes",":"
"2004","Switzerland","Euro per inhabitant","All providers of health care","Government schemes",":"
"2005","Switzerland","Euro per inhabitant","All providers of health care","Government schemes",":"
"2006","Switzerland","Euro per inhabitant","All providers of health care","Government schemes",":"
"2007","Switzerland","Euro per inhabitant","All providers of health care","Government schemes",":"
"2008","Switzerland","Euro per inhabitant","All providers of health care","Government schemes",":"
"2009","Switzerland","Euro per inhabitant","All providers of health care","Government schemes",":"
"2010","Switzerland","Euro per inhabitant","All providers of health care","Government schemes","1,273.34"
"2011","Switzerland","Euro per inhabitant","All providers of health care","Government schemes","1,489.62"
"2012","Switzerland","Euro per inhabitant","All providers of health care","Government schemes","1,653.21"
"2013","Switzerland","Euro per inhabitant","All providers of health care","Government schemes","1,615.77"
"2014","Switzerland","Euro per inhabitant","All providers of health care","Government schemes","1,644.48"
"2015","Switzerland","Euro per inhabitant","All providers of health care","Government schemes","1,901.99"
"2016","Switzerland","Euro per inhabitant","All providers of health care","Government schemes","1,855.30"
"2017","Switzerland","Euro per inhabitant","All providers of health care","Government schemes","1,912.09"
"2018","Switzerland","Euro per inhabitant","All providers of health care","Government schemes",":"
