"TIME","GEO","UNIT","ICHA11_HP","ICHA11_HF","Value"
"2003","Belgium","Euro per inhabitant","All providers of health care","NPISH financing schemes","0.57"
"2004","Belgium","Euro per inhabitant","All providers of health care","NPISH financing schemes","0.59"
"2005","Belgium","Euro per inhabitant","All providers of health care","NPISH financing schemes","0.56"
"2006","Belgium","Euro per inhabitant","All providers of health care","NPISH financing schemes","0.49"
"2007","Belgium","Euro per inhabitant","All providers of health care","NPISH financing schemes","0.51"
"2008","Belgium","Euro per inhabitant","All providers of health care","NPISH financing schemes","0.55"
"2009","Belgium","Euro per inhabitant","All providers of health care","NPISH financing schemes","0.58"
"2010","Belgium","Euro per inhabitant","All providers of health care","NPISH financing schemes","0.58"
"2011","Belgium","Euro per inhabitant","All providers of health care","NPISH financing schemes","0.70"
"2012","Belgium","Euro per inhabitant","All providers of health care","NPISH financing schemes","0.72"
"2013","Belgium","Euro per inhabitant","All providers of health care","NPISH financing schemes","0.66"
"2014","Belgium","Euro per inhabitant","All providers of health care","NPISH financing schemes","0.63"
"2015","Belgium","Euro per inhabitant","All providers of health care","NPISH financing schemes","0.73"
"2016","Belgium","Euro per inhabitant","All providers of health care","NPISH financing schemes","0.74"
"2017","Belgium","Euro per inhabitant","All providers of health care","NPISH financing schemes","0.80"
"2018","Belgium","Euro per inhabitant","All providers of health care","NPISH financing schemes","0.82"
"2003","Bulgaria","Euro per inhabitant","All providers of health care","NPISH financing schemes",":"
"2004","Bulgaria","Euro per inhabitant","All providers of health care","NPISH financing schemes",":"
"2005","Bulgaria","Euro per inhabitant","All providers of health care","NPISH financing schemes",":"
"2006","Bulgaria","Euro per inhabitant","All providers of health care","NPISH financing schemes",":"
"2007","Bulgaria","Euro per inhabitant","All providers of health care","NPISH financing schemes",":"
"2008","Bulgaria","Euro per inhabitant","All providers of health care","NPISH financing schemes",":"
"2009","Bulgaria","Euro per inhabitant","All providers of health care","NPISH financing schemes",":"
"2010","Bulgaria","Euro per inhabitant","All providers of health care","NPISH financing schemes",":"
"2011","Bulgaria","Euro per inhabitant","All providers of health care","NPISH financing schemes","1.77"
"2012","Bulgaria","Euro per inhabitant","All providers of health care","NPISH financing schemes","2.00"
"2013","Bulgaria","Euro per inhabitant","All providers of health care","NPISH financing schemes","2.22"
"2014","Bulgaria","Euro per inhabitant","All providers of health care","NPISH financing schemes","2.30"
"2015","Bulgaria","Euro per inhabitant","All providers of health care","NPISH financing schemes","2.88"
"2016","Bulgaria","Euro per inhabitant","All providers of health care","NPISH financing schemes","3.18"
"2017","Bulgaria","Euro per inhabitant","All providers of health care","NPISH financing schemes","3.05"
"2018","Bulgaria","Euro per inhabitant","All providers of health care","NPISH financing schemes","3.31"
"2003","Czechia","Euro per inhabitant","All providers of health care","NPISH financing schemes",":"
"2004","Czechia","Euro per inhabitant","All providers of health care","NPISH financing schemes",":"
"2005","Czechia","Euro per inhabitant","All providers of health care","NPISH financing schemes",":"
"2006","Czechia","Euro per inhabitant","All providers of health care","NPISH financing schemes",":"
"2007","Czechia","Euro per inhabitant","All providers of health care","NPISH financing schemes",":"
"2008","Czechia","Euro per inhabitant","All providers of health care","NPISH financing schemes",":"
"2009","Czechia","Euro per inhabitant","All providers of health care","NPISH financing schemes",":"
"2010","Czechia","Euro per inhabitant","All providers of health care","NPISH financing schemes",":"
"2011","Czechia","Euro per inhabitant","All providers of health care","NPISH financing schemes",":"
"2012","Czechia","Euro per inhabitant","All providers of health care","NPISH financing schemes",":"
"2013","Czechia","Euro per inhabitant","All providers of health care","NPISH financing schemes","27.43"
"2014","Czechia","Euro per inhabitant","All providers of health care","NPISH financing schemes","26.76"
"2015","Czechia","Euro per inhabitant","All providers of health care","NPISH financing schemes","27.56"
"2016","Czechia","Euro per inhabitant","All providers of health care","NPISH financing schemes","29.68"
"2017","Czechia","Euro per inhabitant","All providers of health care","NPISH financing schemes","32.25"
"2018","Czechia","Euro per inhabitant","All providers of health care","NPISH financing schemes",":"
"2003","Denmark","Euro per inhabitant","All providers of health care","NPISH financing schemes",":"
"2004","Denmark","Euro per inhabitant","All providers of health care","NPISH financing schemes",":"
"2005","Denmark","Euro per inhabitant","All providers of health care","NPISH financing schemes",":"
"2006","Denmark","Euro per inhabitant","All providers of health care","NPISH financing schemes",":"
"2007","Denmark","Euro per inhabitant","All providers of health care","NPISH financing schemes",":"
"2008","Denmark","Euro per inhabitant","All providers of health care","NPISH financing schemes",":"
"2009","Denmark","Euro per inhabitant","All providers of health care","NPISH financing schemes",":"
"2010","Denmark","Euro per inhabitant","All providers of health care","NPISH financing schemes","3.32"
"2011","Denmark","Euro per inhabitant","All providers of health care","NPISH financing schemes","3.57"
"2012","Denmark","Euro per inhabitant","All providers of health care","NPISH financing schemes","3.77"
"2013","Denmark","Euro per inhabitant","All providers of health care","NPISH financing schemes","3.43"
"2014","Denmark","Euro per inhabitant","All providers of health care","NPISH financing schemes","3.17"
"2015","Denmark","Euro per inhabitant","All providers of health care","NPISH financing schemes","3.19"
"2016","Denmark","Euro per inhabitant","All providers of health care","NPISH financing schemes","3.45"
"2017","Denmark","Euro per inhabitant","All providers of health care","NPISH financing schemes","3.54"
"2018","Denmark","Euro per inhabitant","All providers of health care","NPISH financing schemes","4.12"
"2003","Germany (until 1990 former territory of the FRG)","Euro per inhabitant","All providers of health care","NPISH financing schemes","22.14"
"2004","Germany (until 1990 former territory of the FRG)","Euro per inhabitant","All providers of health care","NPISH financing schemes","23.09"
"2005","Germany (until 1990 former territory of the FRG)","Euro per inhabitant","All providers of health care","NPISH financing schemes","23.78"
"2006","Germany (until 1990 former territory of the FRG)","Euro per inhabitant","All providers of health care","NPISH financing schemes","24.68"
"2007","Germany (until 1990 former territory of the FRG)","Euro per inhabitant","All providers of health care","NPISH financing schemes","25.28"
"2008","Germany (until 1990 former territory of the FRG)","Euro per inhabitant","All providers of health care","NPISH financing schemes","26.16"
"2009","Germany (until 1990 former territory of the FRG)","Euro per inhabitant","All providers of health care","NPISH financing schemes","28.44"
"2010","Germany (until 1990 former territory of the FRG)","Euro per inhabitant","All providers of health care","NPISH financing schemes","30.67"
"2011","Germany (until 1990 former territory of the FRG)","Euro per inhabitant","All providers of health care","NPISH financing schemes","36.29"
"2012","Germany (until 1990 former territory of the FRG)","Euro per inhabitant","All providers of health care","NPISH financing schemes","39.80"
"2013","Germany (until 1990 former territory of the FRG)","Euro per inhabitant","All providers of health care","NPISH financing schemes","43.81"
"2014","Germany (until 1990 former territory of the FRG)","Euro per inhabitant","All providers of health care","NPISH financing schemes","48.15"
"2015","Germany (until 1990 former territory of the FRG)","Euro per inhabitant","All providers of health care","NPISH financing schemes","48.99"
"2016","Germany (until 1990 former territory of the FRG)","Euro per inhabitant","All providers of health care","NPISH financing schemes","50.16"
"2017","Germany (until 1990 former territory of the FRG)","Euro per inhabitant","All providers of health care","NPISH financing schemes","57.09"
"2018","Germany (until 1990 former territory of the FRG)","Euro per inhabitant","All providers of health care","NPISH financing schemes",":"
"2003","Estonia","Euro per inhabitant","All providers of health care","NPISH financing schemes","0.00"
"2004","Estonia","Euro per inhabitant","All providers of health care","NPISH financing schemes","0.16"
"2005","Estonia","Euro per inhabitant","All providers of health care","NPISH financing schemes","0.15"
"2006","Estonia","Euro per inhabitant","All providers of health care","NPISH financing schemes","0.15"
"2007","Estonia","Euro per inhabitant","All providers of health care","NPISH financing schemes","0.16"
"2008","Estonia","Euro per inhabitant","All providers of health care","NPISH financing schemes","0.13"
"2009","Estonia","Euro per inhabitant","All providers of health care","NPISH financing schemes","0.11"
"2010","Estonia","Euro per inhabitant","All providers of health care","NPISH financing schemes","0.09"
"2011","Estonia","Euro per inhabitant","All providers of health care","NPISH financing schemes","0.10"
"2012","Estonia","Euro per inhabitant","All providers of health care","NPISH financing schemes","0.11"
"2013","Estonia","Euro per inhabitant","All providers of health care","NPISH financing schemes","0.14"
"2014","Estonia","Euro per inhabitant","All providers of health care","NPISH financing schemes","0.14"
"2015","Estonia","Euro per inhabitant","All providers of health care","NPISH financing schemes","0.60"
"2016","Estonia","Euro per inhabitant","All providers of health care","NPISH financing schemes","0.70"
"2017","Estonia","Euro per inhabitant","All providers of health care","NPISH financing schemes","1.16"
"2018","Estonia","Euro per inhabitant","All providers of health care","NPISH financing schemes",":"
"2003","Ireland","Euro per inhabitant","All providers of health care","NPISH financing schemes",":"
"2004","Ireland","Euro per inhabitant","All providers of health care","NPISH financing schemes",":"
"2005","Ireland","Euro per inhabitant","All providers of health care","NPISH financing schemes",":"
"2006","Ireland","Euro per inhabitant","All providers of health care","NPISH financing schemes",":"
"2007","Ireland","Euro per inhabitant","All providers of health care","NPISH financing schemes",":"
"2008","Ireland","Euro per inhabitant","All providers of health care","NPISH financing schemes",":"
"2009","Ireland","Euro per inhabitant","All providers of health care","NPISH financing schemes",":"
"2010","Ireland","Euro per inhabitant","All providers of health care","NPISH financing schemes",":"
"2011","Ireland","Euro per inhabitant","All providers of health care","NPISH financing schemes",":"
"2012","Ireland","Euro per inhabitant","All providers of health care","NPISH financing schemes",":"
"2013","Ireland","Euro per inhabitant","All providers of health care","NPISH financing schemes",":"
"2014","Ireland","Euro per inhabitant","All providers of health care","NPISH financing schemes",":"
"2015","Ireland","Euro per inhabitant","All providers of health care","NPISH financing schemes",":"
"2016","Ireland","Euro per inhabitant","All providers of health care","NPISH financing schemes",":"
"2017","Ireland","Euro per inhabitant","All providers of health care","NPISH financing schemes",":"
"2018","Ireland","Euro per inhabitant","All providers of health care","NPISH financing schemes",":"
"2003","Greece","Euro per inhabitant","All providers of health care","NPISH financing schemes",":"
"2004","Greece","Euro per inhabitant","All providers of health care","NPISH financing schemes",":"
"2005","Greece","Euro per inhabitant","All providers of health care","NPISH financing schemes",":"
"2006","Greece","Euro per inhabitant","All providers of health care","NPISH financing schemes",":"
"2007","Greece","Euro per inhabitant","All providers of health care","NPISH financing schemes",":"
"2008","Greece","Euro per inhabitant","All providers of health care","NPISH financing schemes",":"
"2009","Greece","Euro per inhabitant","All providers of health care","NPISH financing schemes","4.21"
"2010","Greece","Euro per inhabitant","All providers of health care","NPISH financing schemes","5.87"
"2011","Greece","Euro per inhabitant","All providers of health care","NPISH financing schemes","1.25"
"2012","Greece","Euro per inhabitant","All providers of health care","NPISH financing schemes","2.31"
"2013","Greece","Euro per inhabitant","All providers of health care","NPISH financing schemes","1.02"
"2014","Greece","Euro per inhabitant","All providers of health care","NPISH financing schemes","1.14"
"2015","Greece","Euro per inhabitant","All providers of health care","NPISH financing schemes","0.96"
"2016","Greece","Euro per inhabitant","All providers of health care","NPISH financing schemes","0.88"
"2017","Greece","Euro per inhabitant","All providers of health care","NPISH financing schemes","1.27"
"2018","Greece","Euro per inhabitant","All providers of health care","NPISH financing schemes","1.29"
"2003","Spain","Euro per inhabitant","All providers of health care","NPISH financing schemes","10.57"
"2004","Spain","Euro per inhabitant","All providers of health care","NPISH financing schemes","11.11"
"2005","Spain","Euro per inhabitant","All providers of health care","NPISH financing schemes","12.46"
"2006","Spain","Euro per inhabitant","All providers of health care","NPISH financing schemes","12.37"
"2007","Spain","Euro per inhabitant","All providers of health care","NPISH financing schemes","12.78"
"2008","Spain","Euro per inhabitant","All providers of health care","NPISH financing schemes","6.99"
"2009","Spain","Euro per inhabitant","All providers of health care","NPISH financing schemes","6.99"
"2010","Spain","Euro per inhabitant","All providers of health care","NPISH financing schemes","7.28"
"2011","Spain","Euro per inhabitant","All providers of health care","NPISH financing schemes","7.15"
"2012","Spain","Euro per inhabitant","All providers of health care","NPISH financing schemes","7.18"
"2013","Spain","Euro per inhabitant","All providers of health care","NPISH financing schemes","7.16"
"2014","Spain","Euro per inhabitant","All providers of health care","NPISH financing schemes","7.34"
"2015","Spain","Euro per inhabitant","All providers of health care","NPISH financing schemes","7.43"
"2016","Spain","Euro per inhabitant","All providers of health care","NPISH financing schemes","7.64"
"2017","Spain","Euro per inhabitant","All providers of health care","NPISH financing schemes","8.31"
"2018","Spain","Euro per inhabitant","All providers of health care","NPISH financing schemes",":"
"2003","France","Euro per inhabitant","All providers of health care","NPISH financing schemes",":"
"2004","France","Euro per inhabitant","All providers of health care","NPISH financing schemes",":"
"2005","France","Euro per inhabitant","All providers of health care","NPISH financing schemes",":"
"2006","France","Euro per inhabitant","All providers of health care","NPISH financing schemes","0.10"
"2007","France","Euro per inhabitant","All providers of health care","NPISH financing schemes","0.11"
"2008","France","Euro per inhabitant","All providers of health care","NPISH financing schemes","0.11"
"2009","France","Euro per inhabitant","All providers of health care","NPISH financing schemes","0.12"
"2010","France","Euro per inhabitant","All providers of health care","NPISH financing schemes","0.12"
"2011","France","Euro per inhabitant","All providers of health care","NPISH financing schemes","0.13"
"2012","France","Euro per inhabitant","All providers of health care","NPISH financing schemes","0.13"
"2013","France","Euro per inhabitant","All providers of health care","NPISH financing schemes","0.12"
"2014","France","Euro per inhabitant","All providers of health care","NPISH financing schemes","0.17"
"2015","France","Euro per inhabitant","All providers of health care","NPISH financing schemes","0.18"
"2016","France","Euro per inhabitant","All providers of health care","NPISH financing schemes","0.20"
"2017","France","Euro per inhabitant","All providers of health care","NPISH financing schemes","0.19"
"2018","France","Euro per inhabitant","All providers of health care","NPISH financing schemes","0.19"
"2003","Croatia","Euro per inhabitant","All providers of health care","NPISH financing schemes",":"
"2004","Croatia","Euro per inhabitant","All providers of health care","NPISH financing schemes",":"
"2005","Croatia","Euro per inhabitant","All providers of health care","NPISH financing schemes",":"
"2006","Croatia","Euro per inhabitant","All providers of health care","NPISH financing schemes",":"
"2007","Croatia","Euro per inhabitant","All providers of health care","NPISH financing schemes",":"
"2008","Croatia","Euro per inhabitant","All providers of health care","NPISH financing schemes",":"
"2009","Croatia","Euro per inhabitant","All providers of health care","NPISH financing schemes",":"
"2010","Croatia","Euro per inhabitant","All providers of health care","NPISH financing schemes",":"
"2011","Croatia","Euro per inhabitant","All providers of health care","NPISH financing schemes",":"
"2012","Croatia","Euro per inhabitant","All providers of health care","NPISH financing schemes",":"
"2013","Croatia","Euro per inhabitant","All providers of health care","NPISH financing schemes",":"
"2014","Croatia","Euro per inhabitant","All providers of health care","NPISH financing schemes","0.04"
"2015","Croatia","Euro per inhabitant","All providers of health care","NPISH financing schemes","0.08"
"2016","Croatia","Euro per inhabitant","All providers of health care","NPISH financing schemes","0.09"
"2017","Croatia","Euro per inhabitant","All providers of health care","NPISH financing schemes","0.06"
"2018","Croatia","Euro per inhabitant","All providers of health care","NPISH financing schemes","0.12"
"2003","Italy","Euro per inhabitant","All providers of health care","NPISH financing schemes",":"
"2004","Italy","Euro per inhabitant","All providers of health care","NPISH financing schemes",":"
"2005","Italy","Euro per inhabitant","All providers of health care","NPISH financing schemes",":"
"2006","Italy","Euro per inhabitant","All providers of health care","NPISH financing schemes",":"
"2007","Italy","Euro per inhabitant","All providers of health care","NPISH financing schemes",":"
"2008","Italy","Euro per inhabitant","All providers of health care","NPISH financing schemes",":"
"2009","Italy","Euro per inhabitant","All providers of health care","NPISH financing schemes",":"
"2010","Italy","Euro per inhabitant","All providers of health care","NPISH financing schemes",":"
"2011","Italy","Euro per inhabitant","All providers of health care","NPISH financing schemes",":"
"2012","Italy","Euro per inhabitant","All providers of health care","NPISH financing schemes","2.79"
"2013","Italy","Euro per inhabitant","All providers of health care","NPISH financing schemes","3.10"
"2014","Italy","Euro per inhabitant","All providers of health care","NPISH financing schemes","3.39"
"2015","Italy","Euro per inhabitant","All providers of health care","NPISH financing schemes","3.67"
"2016","Italy","Euro per inhabitant","All providers of health care","NPISH financing schemes","3.66"
"2017","Italy","Euro per inhabitant","All providers of health care","NPISH financing schemes","4.34"
"2018","Italy","Euro per inhabitant","All providers of health care","NPISH financing schemes","4.63"
"2003","Cyprus","Euro per inhabitant","All providers of health care","NPISH financing schemes",":"
"2004","Cyprus","Euro per inhabitant","All providers of health care","NPISH financing schemes",":"
"2005","Cyprus","Euro per inhabitant","All providers of health care","NPISH financing schemes",":"
"2006","Cyprus","Euro per inhabitant","All providers of health care","NPISH financing schemes",":"
"2007","Cyprus","Euro per inhabitant","All providers of health care","NPISH financing schemes",":"
"2008","Cyprus","Euro per inhabitant","All providers of health care","NPISH financing schemes",":"
"2009","Cyprus","Euro per inhabitant","All providers of health care","NPISH financing schemes",":"
"2010","Cyprus","Euro per inhabitant","All providers of health care","NPISH financing schemes","19.61"
"2011","Cyprus","Euro per inhabitant","All providers of health care","NPISH financing schemes","13.85"
"2012","Cyprus","Euro per inhabitant","All providers of health care","NPISH financing schemes","15.30"
"2013","Cyprus","Euro per inhabitant","All providers of health care","NPISH financing schemes","12.57"
"2014","Cyprus","Euro per inhabitant","All providers of health care","NPISH financing schemes","10.18"
"2015","Cyprus","Euro per inhabitant","All providers of health care","NPISH financing schemes","14.99"
"2016","Cyprus","Euro per inhabitant","All providers of health care","NPISH financing schemes","15.63"
"2017","Cyprus","Euro per inhabitant","All providers of health care","NPISH financing schemes","16.71"
"2018","Cyprus","Euro per inhabitant","All providers of health care","NPISH financing schemes","17.61"
"2003","Latvia","Euro per inhabitant","All providers of health care","NPISH financing schemes",":"
"2004","Latvia","Euro per inhabitant","All providers of health care","NPISH financing schemes",":"
"2005","Latvia","Euro per inhabitant","All providers of health care","NPISH financing schemes",":"
"2006","Latvia","Euro per inhabitant","All providers of health care","NPISH financing schemes",":"
"2007","Latvia","Euro per inhabitant","All providers of health care","NPISH financing schemes",":"
"2008","Latvia","Euro per inhabitant","All providers of health care","NPISH financing schemes",":"
"2009","Latvia","Euro per inhabitant","All providers of health care","NPISH financing schemes",":"
"2010","Latvia","Euro per inhabitant","All providers of health care","NPISH financing schemes",":"
"2011","Latvia","Euro per inhabitant","All providers of health care","NPISH financing schemes",":"
"2012","Latvia","Euro per inhabitant","All providers of health care","NPISH financing schemes",":"
"2013","Latvia","Euro per inhabitant","All providers of health care","NPISH financing schemes","1.11"
"2014","Latvia","Euro per inhabitant","All providers of health care","NPISH financing schemes","2.20"
"2015","Latvia","Euro per inhabitant","All providers of health care","NPISH financing schemes","0.58"
"2016","Latvia","Euro per inhabitant","All providers of health care","NPISH financing schemes","1.41"
"2017","Latvia","Euro per inhabitant","All providers of health care","NPISH financing schemes","2.17"
"2018","Latvia","Euro per inhabitant","All providers of health care","NPISH financing schemes",":"
"2003","Lithuania","Euro per inhabitant","All providers of health care","NPISH financing schemes",":"
"2004","Lithuania","Euro per inhabitant","All providers of health care","NPISH financing schemes",":"
"2005","Lithuania","Euro per inhabitant","All providers of health care","NPISH financing schemes",":"
"2006","Lithuania","Euro per inhabitant","All providers of health care","NPISH financing schemes","0.09"
"2007","Lithuania","Euro per inhabitant","All providers of health care","NPISH financing schemes","0.09"
"2008","Lithuania","Euro per inhabitant","All providers of health care","NPISH financing schemes","0.12"
"2009","Lithuania","Euro per inhabitant","All providers of health care","NPISH financing schemes","0.07"
"2010","Lithuania","Euro per inhabitant","All providers of health care","NPISH financing schemes","0.00"
"2011","Lithuania","Euro per inhabitant","All providers of health care","NPISH financing schemes","0.04"
"2012","Lithuania","Euro per inhabitant","All providers of health care","NPISH financing schemes","0.03"
"2013","Lithuania","Euro per inhabitant","All providers of health care","NPISH financing schemes","0.04"
"2014","Lithuania","Euro per inhabitant","All providers of health care","NPISH financing schemes","0.05"
"2015","Lithuania","Euro per inhabitant","All providers of health care","NPISH financing schemes","0.05"
"2016","Lithuania","Euro per inhabitant","All providers of health care","NPISH financing schemes","0.05"
"2017","Lithuania","Euro per inhabitant","All providers of health care","NPISH financing schemes","0.06"
"2018","Lithuania","Euro per inhabitant","All providers of health care","NPISH financing schemes","0.06"
"2003","Luxembourg","Euro per inhabitant","All providers of health care","NPISH financing schemes",":"
"2004","Luxembourg","Euro per inhabitant","All providers of health care","NPISH financing schemes",":"
"2005","Luxembourg","Euro per inhabitant","All providers of health care","NPISH financing schemes",":"
"2006","Luxembourg","Euro per inhabitant","All providers of health care","NPISH financing schemes",":"
"2007","Luxembourg","Euro per inhabitant","All providers of health care","NPISH financing schemes",":"
"2008","Luxembourg","Euro per inhabitant","All providers of health care","NPISH financing schemes",":"
"2009","Luxembourg","Euro per inhabitant","All providers of health care","NPISH financing schemes",":"
"2010","Luxembourg","Euro per inhabitant","All providers of health care","NPISH financing schemes",":"
"2011","Luxembourg","Euro per inhabitant","All providers of health care","NPISH financing schemes","65.93"
"2012","Luxembourg","Euro per inhabitant","All providers of health care","NPISH financing schemes","41.03"
"2013","Luxembourg","Euro per inhabitant","All providers of health care","NPISH financing schemes","41.89"
"2014","Luxembourg","Euro per inhabitant","All providers of health care","NPISH financing schemes","44.45"
"2015","Luxembourg","Euro per inhabitant","All providers of health care","NPISH financing schemes","46.65"
"2016","Luxembourg","Euro per inhabitant","All providers of health care","NPISH financing schemes","45.90"
"2017","Luxembourg","Euro per inhabitant","All providers of health care","NPISH financing schemes","47.07"
"2018","Luxembourg","Euro per inhabitant","All providers of health care","NPISH financing schemes","50.24"
"2003","Hungary","Euro per inhabitant","All providers of health care","NPISH financing schemes",":"
"2004","Hungary","Euro per inhabitant","All providers of health care","NPISH financing schemes",":"
"2005","Hungary","Euro per inhabitant","All providers of health care","NPISH financing schemes",":"
"2006","Hungary","Euro per inhabitant","All providers of health care","NPISH financing schemes","12.20"
"2007","Hungary","Euro per inhabitant","All providers of health care","NPISH financing schemes","12.93"
"2008","Hungary","Euro per inhabitant","All providers of health care","NPISH financing schemes","12.94"
"2009","Hungary","Euro per inhabitant","All providers of health care","NPISH financing schemes","12.79"
"2010","Hungary","Euro per inhabitant","All providers of health care","NPISH financing schemes","14.22"
"2011","Hungary","Euro per inhabitant","All providers of health care","NPISH financing schemes","14.33"
"2012","Hungary","Euro per inhabitant","All providers of health care","NPISH financing schemes","12.48"
"2013","Hungary","Euro per inhabitant","All providers of health care","NPISH financing schemes","11.97"
"2014","Hungary","Euro per inhabitant","All providers of health care","NPISH financing schemes","10.56"
"2015","Hungary","Euro per inhabitant","All providers of health care","NPISH financing schemes","10.60"
"2016","Hungary","Euro per inhabitant","All providers of health care","NPISH financing schemes","11.22"
"2017","Hungary","Euro per inhabitant","All providers of health care","NPISH financing schemes","10.96"
"2018","Hungary","Euro per inhabitant","All providers of health care","NPISH financing schemes","10.92"
"2003","Malta","Euro per inhabitant","All providers of health care","NPISH financing schemes",":"
"2004","Malta","Euro per inhabitant","All providers of health care","NPISH financing schemes",":"
"2005","Malta","Euro per inhabitant","All providers of health care","NPISH financing schemes",":"
"2006","Malta","Euro per inhabitant","All providers of health care","NPISH financing schemes",":"
"2007","Malta","Euro per inhabitant","All providers of health care","NPISH financing schemes",":"
"2008","Malta","Euro per inhabitant","All providers of health care","NPISH financing schemes",":"
"2009","Malta","Euro per inhabitant","All providers of health care","NPISH financing schemes",":"
"2010","Malta","Euro per inhabitant","All providers of health care","NPISH financing schemes",":"
"2011","Malta","Euro per inhabitant","All providers of health care","NPISH financing schemes",":"
"2012","Malta","Euro per inhabitant","All providers of health care","NPISH financing schemes",":"
"2013","Malta","Euro per inhabitant","All providers of health care","NPISH financing schemes",":"
"2014","Malta","Euro per inhabitant","All providers of health care","NPISH financing schemes",":"
"2015","Malta","Euro per inhabitant","All providers of health care","NPISH financing schemes",":"
"2016","Malta","Euro per inhabitant","All providers of health care","NPISH financing schemes",":"
"2017","Malta","Euro per inhabitant","All providers of health care","NPISH financing schemes",":"
"2018","Malta","Euro per inhabitant","All providers of health care","NPISH financing schemes",":"
"2003","Netherlands","Euro per inhabitant","All providers of health care","NPISH financing schemes","0.00"
"2004","Netherlands","Euro per inhabitant","All providers of health care","NPISH financing schemes","0.00"
"2005","Netherlands","Euro per inhabitant","All providers of health care","NPISH financing schemes","0.00"
"2006","Netherlands","Euro per inhabitant","All providers of health care","NPISH financing schemes","0.00"
"2007","Netherlands","Euro per inhabitant","All providers of health care","NPISH financing schemes","0.00"
"2008","Netherlands","Euro per inhabitant","All providers of health care","NPISH financing schemes","0.00"
"2009","Netherlands","Euro per inhabitant","All providers of health care","NPISH financing schemes","0.00"
"2010","Netherlands","Euro per inhabitant","All providers of health care","NPISH financing schemes","0.00"
"2011","Netherlands","Euro per inhabitant","All providers of health care","NPISH financing schemes","0.00"
"2012","Netherlands","Euro per inhabitant","All providers of health care","NPISH financing schemes","0.00"
"2013","Netherlands","Euro per inhabitant","All providers of health care","NPISH financing schemes","0.00"
"2014","Netherlands","Euro per inhabitant","All providers of health care","NPISH financing schemes","0.00"
"2015","Netherlands","Euro per inhabitant","All providers of health care","NPISH financing schemes","0.00"
"2016","Netherlands","Euro per inhabitant","All providers of health care","NPISH financing schemes","0.00"
"2017","Netherlands","Euro per inhabitant","All providers of health care","NPISH financing schemes","0.00"
"2018","Netherlands","Euro per inhabitant","All providers of health care","NPISH financing schemes","0.00"
"2003","Austria","Euro per inhabitant","All providers of health care","NPISH financing schemes",":"
"2004","Austria","Euro per inhabitant","All providers of health care","NPISH financing schemes","39.67"
"2005","Austria","Euro per inhabitant","All providers of health care","NPISH financing schemes","42.02"
"2006","Austria","Euro per inhabitant","All providers of health care","NPISH financing schemes","46.61"
"2007","Austria","Euro per inhabitant","All providers of health care","NPISH financing schemes","54.32"
"2008","Austria","Euro per inhabitant","All providers of health care","NPISH financing schemes","57.73"
"2009","Austria","Euro per inhabitant","All providers of health care","NPISH financing schemes","61.56"
"2010","Austria","Euro per inhabitant","All providers of health care","NPISH financing schemes","61.16"
"2011","Austria","Euro per inhabitant","All providers of health care","NPISH financing schemes","57.74"
"2012","Austria","Euro per inhabitant","All providers of health care","NPISH financing schemes","59.66"
"2013","Austria","Euro per inhabitant","All providers of health care","NPISH financing schemes","60.84"
"2014","Austria","Euro per inhabitant","All providers of health care","NPISH financing schemes","63.57"
"2015","Austria","Euro per inhabitant","All providers of health care","NPISH financing schemes","64.70"
"2016","Austria","Euro per inhabitant","All providers of health care","NPISH financing schemes","62.53"
"2017","Austria","Euro per inhabitant","All providers of health care","NPISH financing schemes","67.59"
"2018","Austria","Euro per inhabitant","All providers of health care","NPISH financing schemes","71.63"
"2003","Poland","Euro per inhabitant","All providers of health care","NPISH financing schemes",":"
"2004","Poland","Euro per inhabitant","All providers of health care","NPISH financing schemes",":"
"2005","Poland","Euro per inhabitant","All providers of health care","NPISH financing schemes",":"
"2006","Poland","Euro per inhabitant","All providers of health care","NPISH financing schemes",":"
"2007","Poland","Euro per inhabitant","All providers of health care","NPISH financing schemes",":"
"2008","Poland","Euro per inhabitant","All providers of health care","NPISH financing schemes",":"
"2009","Poland","Euro per inhabitant","All providers of health care","NPISH financing schemes",":"
"2010","Poland","Euro per inhabitant","All providers of health care","NPISH financing schemes",":"
"2011","Poland","Euro per inhabitant","All providers of health care","NPISH financing schemes",":"
"2012","Poland","Euro per inhabitant","All providers of health care","NPISH financing schemes",":"
"2013","Poland","Euro per inhabitant","All providers of health care","NPISH financing schemes","7.31"
"2014","Poland","Euro per inhabitant","All providers of health care","NPISH financing schemes","7.11"
"2015","Poland","Euro per inhabitant","All providers of health care","NPISH financing schemes","7.55"
"2016","Poland","Euro per inhabitant","All providers of health care","NPISH financing schemes","6.57"
"2017","Poland","Euro per inhabitant","All providers of health care","NPISH financing schemes",":"
"2018","Poland","Euro per inhabitant","All providers of health care","NPISH financing schemes",":"
"2003","Portugal","Euro per inhabitant","All providers of health care","NPISH financing schemes","0.91"
"2004","Portugal","Euro per inhabitant","All providers of health care","NPISH financing schemes","1.09"
"2005","Portugal","Euro per inhabitant","All providers of health care","NPISH financing schemes","0.70"
"2006","Portugal","Euro per inhabitant","All providers of health care","NPISH financing schemes","0.62"
"2007","Portugal","Euro per inhabitant","All providers of health care","NPISH financing schemes","0.69"
"2008","Portugal","Euro per inhabitant","All providers of health care","NPISH financing schemes","1.02"
"2009","Portugal","Euro per inhabitant","All providers of health care","NPISH financing schemes","0.81"
"2010","Portugal","Euro per inhabitant","All providers of health care","NPISH financing schemes","0.96"
"2011","Portugal","Euro per inhabitant","All providers of health care","NPISH financing schemes","0.90"
"2012","Portugal","Euro per inhabitant","All providers of health care","NPISH financing schemes","0.63"
"2013","Portugal","Euro per inhabitant","All providers of health care","NPISH financing schemes","0.73"
"2014","Portugal","Euro per inhabitant","All providers of health care","NPISH financing schemes","0.61"
"2015","Portugal","Euro per inhabitant","All providers of health care","NPISH financing schemes","0.82"
"2016","Portugal","Euro per inhabitant","All providers of health care","NPISH financing schemes","0.88"
"2017","Portugal","Euro per inhabitant","All providers of health care","NPISH financing schemes","0.92"
"2018","Portugal","Euro per inhabitant","All providers of health care","NPISH financing schemes",":"
"2003","Romania","Euro per inhabitant","All providers of health care","NPISH financing schemes",":"
"2004","Romania","Euro per inhabitant","All providers of health care","NPISH financing schemes",":"
"2005","Romania","Euro per inhabitant","All providers of health care","NPISH financing schemes",":"
"2006","Romania","Euro per inhabitant","All providers of health care","NPISH financing schemes",":"
"2007","Romania","Euro per inhabitant","All providers of health care","NPISH financing schemes",":"
"2008","Romania","Euro per inhabitant","All providers of health care","NPISH financing schemes",":"
"2009","Romania","Euro per inhabitant","All providers of health care","NPISH financing schemes",":"
"2010","Romania","Euro per inhabitant","All providers of health care","NPISH financing schemes",":"
"2011","Romania","Euro per inhabitant","All providers of health care","NPISH financing schemes","0.59"
"2012","Romania","Euro per inhabitant","All providers of health care","NPISH financing schemes","1.05"
"2013","Romania","Euro per inhabitant","All providers of health care","NPISH financing schemes","0.82"
"2014","Romania","Euro per inhabitant","All providers of health care","NPISH financing schemes","1.31"
"2015","Romania","Euro per inhabitant","All providers of health care","NPISH financing schemes","1.42"
"2016","Romania","Euro per inhabitant","All providers of health care","NPISH financing schemes","1.62"
"2017","Romania","Euro per inhabitant","All providers of health care","NPISH financing schemes","1.04"
"2018","Romania","Euro per inhabitant","All providers of health care","NPISH financing schemes","1.01"
"2003","Slovenia","Euro per inhabitant","All providers of health care","NPISH financing schemes",":"
"2004","Slovenia","Euro per inhabitant","All providers of health care","NPISH financing schemes",":"
"2005","Slovenia","Euro per inhabitant","All providers of health care","NPISH financing schemes",":"
"2006","Slovenia","Euro per inhabitant","All providers of health care","NPISH financing schemes",":"
"2007","Slovenia","Euro per inhabitant","All providers of health care","NPISH financing schemes",":"
"2008","Slovenia","Euro per inhabitant","All providers of health care","NPISH financing schemes",":"
"2009","Slovenia","Euro per inhabitant","All providers of health care","NPISH financing schemes",":"
"2010","Slovenia","Euro per inhabitant","All providers of health care","NPISH financing schemes",":"
"2011","Slovenia","Euro per inhabitant","All providers of health care","NPISH financing schemes",":"
"2012","Slovenia","Euro per inhabitant","All providers of health care","NPISH financing schemes",":"
"2013","Slovenia","Euro per inhabitant","All providers of health care","NPISH financing schemes",":"
"2014","Slovenia","Euro per inhabitant","All providers of health care","NPISH financing schemes","1.31"
"2015","Slovenia","Euro per inhabitant","All providers of health care","NPISH financing schemes","1.79"
"2016","Slovenia","Euro per inhabitant","All providers of health care","NPISH financing schemes","1.88"
"2017","Slovenia","Euro per inhabitant","All providers of health care","NPISH financing schemes","1.80"
"2018","Slovenia","Euro per inhabitant","All providers of health care","NPISH financing schemes",":"
"2003","Slovakia","Euro per inhabitant","All providers of health care","NPISH financing schemes",":"
"2004","Slovakia","Euro per inhabitant","All providers of health care","NPISH financing schemes",":"
"2005","Slovakia","Euro per inhabitant","All providers of health care","NPISH financing schemes",":"
"2006","Slovakia","Euro per inhabitant","All providers of health care","NPISH financing schemes",":"
"2007","Slovakia","Euro per inhabitant","All providers of health care","NPISH financing schemes",":"
"2008","Slovakia","Euro per inhabitant","All providers of health care","NPISH financing schemes",":"
"2009","Slovakia","Euro per inhabitant","All providers of health care","NPISH financing schemes",":"
"2010","Slovakia","Euro per inhabitant","All providers of health care","NPISH financing schemes",":"
"2011","Slovakia","Euro per inhabitant","All providers of health care","NPISH financing schemes",":"
"2012","Slovakia","Euro per inhabitant","All providers of health care","NPISH financing schemes","15.71"
"2013","Slovakia","Euro per inhabitant","All providers of health care","NPISH financing schemes","15.11"
"2014","Slovakia","Euro per inhabitant","All providers of health care","NPISH financing schemes","13.16"
"2015","Slovakia","Euro per inhabitant","All providers of health care","NPISH financing schemes","15.47"
"2016","Slovakia","Euro per inhabitant","All providers of health care","NPISH financing schemes","8.70"
"2017","Slovakia","Euro per inhabitant","All providers of health care","NPISH financing schemes","9.79"
"2018","Slovakia","Euro per inhabitant","All providers of health care","NPISH financing schemes",":"
"2003","Finland","Euro per inhabitant","All providers of health care","NPISH financing schemes","16.32"
"2004","Finland","Euro per inhabitant","All providers of health care","NPISH financing schemes","16.87"
"2005","Finland","Euro per inhabitant","All providers of health care","NPISH financing schemes","17.21"
"2006","Finland","Euro per inhabitant","All providers of health care","NPISH financing schemes","17.90"
"2007","Finland","Euro per inhabitant","All providers of health care","NPISH financing schemes","19.11"
"2008","Finland","Euro per inhabitant","All providers of health care","NPISH financing schemes","19.58"
"2009","Finland","Euro per inhabitant","All providers of health care","NPISH financing schemes","18.95"
"2010","Finland","Euro per inhabitant","All providers of health care","NPISH financing schemes","18.10"
"2011","Finland","Euro per inhabitant","All providers of health care","NPISH financing schemes","17.80"
"2012","Finland","Euro per inhabitant","All providers of health care","NPISH financing schemes","19.21"
"2013","Finland","Euro per inhabitant","All providers of health care","NPISH financing schemes","16.70"
"2014","Finland","Euro per inhabitant","All providers of health care","NPISH financing schemes","15.87"
"2015","Finland","Euro per inhabitant","All providers of health care","NPISH financing schemes","16.14"
"2016","Finland","Euro per inhabitant","All providers of health care","NPISH financing schemes","17.44"
"2017","Finland","Euro per inhabitant","All providers of health care","NPISH financing schemes","16.22"
"2018","Finland","Euro per inhabitant","All providers of health care","NPISH financing schemes",":"
"2003","Sweden","Euro per inhabitant","All providers of health care","NPISH financing schemes",":"
"2004","Sweden","Euro per inhabitant","All providers of health care","NPISH financing schemes",":"
"2005","Sweden","Euro per inhabitant","All providers of health care","NPISH financing schemes",":"
"2006","Sweden","Euro per inhabitant","All providers of health care","NPISH financing schemes",":"
"2007","Sweden","Euro per inhabitant","All providers of health care","NPISH financing schemes",":"
"2008","Sweden","Euro per inhabitant","All providers of health care","NPISH financing schemes",":"
"2009","Sweden","Euro per inhabitant","All providers of health care","NPISH financing schemes",":"
"2010","Sweden","Euro per inhabitant","All providers of health care","NPISH financing schemes",":"
"2011","Sweden","Euro per inhabitant","All providers of health care","NPISH financing schemes","1.66"
"2012","Sweden","Euro per inhabitant","All providers of health care","NPISH financing schemes","2.12"
"2013","Sweden","Euro per inhabitant","All providers of health care","NPISH financing schemes","2.85"
"2014","Sweden","Euro per inhabitant","All providers of health care","NPISH financing schemes","3.99"
"2015","Sweden","Euro per inhabitant","All providers of health care","NPISH financing schemes","3.91"
"2016","Sweden","Euro per inhabitant","All providers of health care","NPISH financing schemes","3.97"
"2017","Sweden","Euro per inhabitant","All providers of health care","NPISH financing schemes","3.68"
"2018","Sweden","Euro per inhabitant","All providers of health care","NPISH financing schemes","3.55"
"2003","United Kingdom","Euro per inhabitant","All providers of health care","NPISH financing schemes",":"
"2004","United Kingdom","Euro per inhabitant","All providers of health care","NPISH financing schemes",":"
"2005","United Kingdom","Euro per inhabitant","All providers of health care","NPISH financing schemes",":"
"2006","United Kingdom","Euro per inhabitant","All providers of health care","NPISH financing schemes",":"
"2007","United Kingdom","Euro per inhabitant","All providers of health care","NPISH financing schemes",":"
"2008","United Kingdom","Euro per inhabitant","All providers of health care","NPISH financing schemes",":"
"2009","United Kingdom","Euro per inhabitant","All providers of health care","NPISH financing schemes",":"
"2010","United Kingdom","Euro per inhabitant","All providers of health care","NPISH financing schemes",":"
"2011","United Kingdom","Euro per inhabitant","All providers of health care","NPISH financing schemes",":"
"2012","United Kingdom","Euro per inhabitant","All providers of health care","NPISH financing schemes",":"
"2013","United Kingdom","Euro per inhabitant","All providers of health care","NPISH financing schemes","47.90"
"2014","United Kingdom","Euro per inhabitant","All providers of health care","NPISH financing schemes","53.59"
"2015","United Kingdom","Euro per inhabitant","All providers of health care","NPISH financing schemes","62.96"
"2016","United Kingdom","Euro per inhabitant","All providers of health care","NPISH financing schemes","57.75"
"2017","United Kingdom","Euro per inhabitant","All providers of health care","NPISH financing schemes","55.26"
"2018","United Kingdom","Euro per inhabitant","All providers of health care","NPISH financing schemes",":"
"2003","Iceland","Euro per inhabitant","All providers of health care","NPISH financing schemes",":"
"2004","Iceland","Euro per inhabitant","All providers of health care","NPISH financing schemes",":"
"2005","Iceland","Euro per inhabitant","All providers of health care","NPISH financing schemes",":"
"2006","Iceland","Euro per inhabitant","All providers of health care","NPISH financing schemes",":"
"2007","Iceland","Euro per inhabitant","All providers of health care","NPISH financing schemes",":"
"2008","Iceland","Euro per inhabitant","All providers of health care","NPISH financing schemes",":"
"2009","Iceland","Euro per inhabitant","All providers of health care","NPISH financing schemes",":"
"2010","Iceland","Euro per inhabitant","All providers of health care","NPISH financing schemes",":"
"2011","Iceland","Euro per inhabitant","All providers of health care","NPISH financing schemes","41.48"
"2012","Iceland","Euro per inhabitant","All providers of health care","NPISH financing schemes","43.79"
"2013","Iceland","Euro per inhabitant","All providers of health care","NPISH financing schemes","45.93"
"2014","Iceland","Euro per inhabitant","All providers of health care","NPISH financing schemes","51.46"
"2015","Iceland","Euro per inhabitant","All providers of health care","NPISH financing schemes","59.39"
"2016","Iceland","Euro per inhabitant","All providers of health care","NPISH financing schemes","73.56"
"2017","Iceland","Euro per inhabitant","All providers of health care","NPISH financing schemes","89.00"
"2018","Iceland","Euro per inhabitant","All providers of health care","NPISH financing schemes","88.83"
"2003","Liechtenstein","Euro per inhabitant","All providers of health care","NPISH financing schemes",":"
"2004","Liechtenstein","Euro per inhabitant","All providers of health care","NPISH financing schemes",":"
"2005","Liechtenstein","Euro per inhabitant","All providers of health care","NPISH financing schemes",":"
"2006","Liechtenstein","Euro per inhabitant","All providers of health care","NPISH financing schemes",":"
"2007","Liechtenstein","Euro per inhabitant","All providers of health care","NPISH financing schemes",":"
"2008","Liechtenstein","Euro per inhabitant","All providers of health care","NPISH financing schemes",":"
"2009","Liechtenstein","Euro per inhabitant","All providers of health care","NPISH financing schemes",":"
"2010","Liechtenstein","Euro per inhabitant","All providers of health care","NPISH financing schemes",":"
"2011","Liechtenstein","Euro per inhabitant","All providers of health care","NPISH financing schemes",":"
"2012","Liechtenstein","Euro per inhabitant","All providers of health care","NPISH financing schemes",":"
"2013","Liechtenstein","Euro per inhabitant","All providers of health care","NPISH financing schemes","21.04"
"2014","Liechtenstein","Euro per inhabitant","All providers of health care","NPISH financing schemes","17.69"
"2015","Liechtenstein","Euro per inhabitant","All providers of health care","NPISH financing schemes","19.24"
"2016","Liechtenstein","Euro per inhabitant","All providers of health care","NPISH financing schemes","21.21"
"2017","Liechtenstein","Euro per inhabitant","All providers of health care","NPISH financing schemes","22.72"
"2018","Liechtenstein","Euro per inhabitant","All providers of health care","NPISH financing schemes",":"
"2003","Norway","Euro per inhabitant","All providers of health care","NPISH financing schemes",":"
"2004","Norway","Euro per inhabitant","All providers of health care","NPISH financing schemes",":"
"2005","Norway","Euro per inhabitant","All providers of health care","NPISH financing schemes",":"
"2006","Norway","Euro per inhabitant","All providers of health care","NPISH financing schemes",":"
"2007","Norway","Euro per inhabitant","All providers of health care","NPISH financing schemes",":"
"2008","Norway","Euro per inhabitant","All providers of health care","NPISH financing schemes",":"
"2009","Norway","Euro per inhabitant","All providers of health care","NPISH financing schemes",":"
"2010","Norway","Euro per inhabitant","All providers of health care","NPISH financing schemes",":"
"2011","Norway","Euro per inhabitant","All providers of health care","NPISH financing schemes",":"
"2012","Norway","Euro per inhabitant","All providers of health care","NPISH financing schemes",":"
"2013","Norway","Euro per inhabitant","All providers of health care","NPISH financing schemes",":"
"2014","Norway","Euro per inhabitant","All providers of health care","NPISH financing schemes",":"
"2015","Norway","Euro per inhabitant","All providers of health care","NPISH financing schemes",":"
"2016","Norway","Euro per inhabitant","All providers of health care","NPISH financing schemes","0.00"
"2017","Norway","Euro per inhabitant","All providers of health care","NPISH financing schemes","0.00"
"2018","Norway","Euro per inhabitant","All providers of health care","NPISH financing schemes","0.00"
"2003","Switzerland","Euro per inhabitant","All providers of health care","NPISH financing schemes",":"
"2004","Switzerland","Euro per inhabitant","All providers of health care","NPISH financing schemes",":"
"2005","Switzerland","Euro per inhabitant","All providers of health care","NPISH financing schemes",":"
"2006","Switzerland","Euro per inhabitant","All providers of health care","NPISH financing schemes",":"
"2007","Switzerland","Euro per inhabitant","All providers of health care","NPISH financing schemes",":"
"2008","Switzerland","Euro per inhabitant","All providers of health care","NPISH financing schemes",":"
"2009","Switzerland","Euro per inhabitant","All providers of health care","NPISH financing schemes",":"
"2010","Switzerland","Euro per inhabitant","All providers of health care","NPISH financing schemes","24.42"
"2011","Switzerland","Euro per inhabitant","All providers of health care","NPISH financing schemes","29.45"
"2012","Switzerland","Euro per inhabitant","All providers of health care","NPISH financing schemes","26.05"
"2013","Switzerland","Euro per inhabitant","All providers of health care","NPISH financing schemes","28.26"
"2014","Switzerland","Euro per inhabitant","All providers of health care","NPISH financing schemes","28.74"
"2015","Switzerland","Euro per inhabitant","All providers of health care","NPISH financing schemes","35.89"
"2016","Switzerland","Euro per inhabitant","All providers of health care","NPISH financing schemes","34.57"
"2017","Switzerland","Euro per inhabitant","All providers of health care","NPISH financing schemes","35.30"
"2018","Switzerland","Euro per inhabitant","All providers of health care","NPISH financing schemes",":"
