"TIME","GEO","UNIT","ICHA11_HP","ICHA11_HF","Value"
"2003","Belgium","Euro per inhabitant","All providers of health care","All financing schemes","2,480.38"
"2004","Belgium","Euro per inhabitant","All providers of health care","All financing schemes","2,615.60"
"2005","Belgium","Euro per inhabitant","All providers of health care","All financing schemes","2,677.36"
"2006","Belgium","Euro per inhabitant","All providers of health care","All financing schemes","2,824.31"
"2007","Belgium","Euro per inhabitant","All providers of health care","All financing schemes","2,964.50"
"2008","Belgium","Euro per inhabitant","All providers of health care","All financing schemes","3,163.52"
"2009","Belgium","Euro per inhabitant","All providers of health care","All financing schemes","3,323.25"
"2010","Belgium","Euro per inhabitant","All providers of health care","All financing schemes","3,410.81"
"2011","Belgium","Euro per inhabitant","All providers of health care","All financing schemes","3,539.61"
"2012","Belgium","Euro per inhabitant","All providers of health care","All financing schemes","3,653.10"
"2013","Belgium","Euro per inhabitant","All providers of health care","All financing schemes","3,718.31"
"2014","Belgium","Euro per inhabitant","All providers of health care","All financing schemes","3,753.56"
"2015","Belgium","Euro per inhabitant","All providers of health care","All financing schemes","3,853.90"
"2016","Belgium","Euro per inhabitant","All providers of health care","All financing schemes","3,903.76"
"2017","Belgium","Euro per inhabitant","All providers of health care","All financing schemes","4,079.65"
"2018","Belgium","Euro per inhabitant","All providers of health care","All financing schemes","4,149.58"
"2003","Bulgaria","Euro per inhabitant","All providers of health care","All financing schemes",":"
"2004","Bulgaria","Euro per inhabitant","All providers of health care","All financing schemes",":"
"2005","Bulgaria","Euro per inhabitant","All providers of health care","All financing schemes",":"
"2006","Bulgaria","Euro per inhabitant","All providers of health care","All financing schemes",":"
"2007","Bulgaria","Euro per inhabitant","All providers of health care","All financing schemes",":"
"2008","Bulgaria","Euro per inhabitant","All providers of health care","All financing schemes",":"
"2009","Bulgaria","Euro per inhabitant","All providers of health care","All financing schemes",":"
"2010","Bulgaria","Euro per inhabitant","All providers of health care","All financing schemes",":"
"2011","Bulgaria","Euro per inhabitant","All providers of health care","All financing schemes","400.96"
"2012","Bulgaria","Euro per inhabitant","All providers of health care","All financing schemes","436.06"
"2013","Bulgaria","Euro per inhabitant","All providers of health care","All financing schemes","413.42"
"2014","Bulgaria","Euro per inhabitant","All providers of health care","All financing schemes","457.59"
"2015","Bulgaria","Euro per inhabitant","All providers of health care","All financing schemes","471.74"
"2016","Bulgaria","Euro per inhabitant","All providers of health care","All financing schemes","510.22"
"2017","Bulgaria","Euro per inhabitant","All providers of health care","All financing schemes","550.99"
"2018","Bulgaria","Euro per inhabitant","All providers of health care","All financing schemes","586.55"
"2003","Czechia","Euro per inhabitant","All providers of health care","All financing schemes",":"
"2004","Czechia","Euro per inhabitant","All providers of health care","All financing schemes",":"
"2005","Czechia","Euro per inhabitant","All providers of health care","All financing schemes",":"
"2006","Czechia","Euro per inhabitant","All providers of health care","All financing schemes",":"
"2007","Czechia","Euro per inhabitant","All providers of health care","All financing schemes",":"
"2008","Czechia","Euro per inhabitant","All providers of health care","All financing schemes",":"
"2009","Czechia","Euro per inhabitant","All providers of health care","All financing schemes",":"
"2010","Czechia","Euro per inhabitant","All providers of health care","All financing schemes",":"
"2011","Czechia","Euro per inhabitant","All providers of health care","All financing schemes",":"
"2012","Czechia","Euro per inhabitant","All providers of health care","All financing schemes",":"
"2013","Czechia","Euro per inhabitant","All providers of health care","All financing schemes","1,171.21"
"2014","Czechia","Euro per inhabitant","All providers of health care","All financing schemes","1,139.09"
"2015","Czechia","Euro per inhabitant","All providers of health care","All financing schemes","1,157.03"
"2016","Czechia","Euro per inhabitant","All providers of health care","All financing schemes","1,193.39"
"2017","Czechia","Euro per inhabitant","All providers of health care","All financing schemes","1,308.62"
"2018","Czechia","Euro per inhabitant","All providers of health care","All financing schemes",":"
"2003","Denmark","Euro per inhabitant","All providers of health care","All financing schemes",":"
"2004","Denmark","Euro per inhabitant","All providers of health care","All financing schemes",":"
"2005","Denmark","Euro per inhabitant","All providers of health care","All financing schemes",":"
"2006","Denmark","Euro per inhabitant","All providers of health care","All financing schemes",":"
"2007","Denmark","Euro per inhabitant","All providers of health care","All financing schemes",":"
"2008","Denmark","Euro per inhabitant","All providers of health care","All financing schemes",":"
"2009","Denmark","Euro per inhabitant","All providers of health care","All financing schemes",":"
"2010","Denmark","Euro per inhabitant","All providers of health care","All financing schemes","4,529.22"
"2011","Denmark","Euro per inhabitant","All providers of health care","All financing schemes","4,517.85"
"2012","Denmark","Euro per inhabitant","All providers of health care","All financing schemes","4,662.77"
"2013","Denmark","Euro per inhabitant","All providers of health care","All financing schemes","4,686.26"
"2014","Denmark","Euro per inhabitant","All providers of health care","All financing schemes","4,790.05"
"2015","Denmark","Euro per inhabitant","All providers of health care","All financing schemes","4,912.83"
"2016","Denmark","Euro per inhabitant","All providers of health care","All financing schemes","5,014.00"
"2017","Denmark","Euro per inhabitant","All providers of health care","All financing schemes","5,134.04"
"2018","Denmark","Euro per inhabitant","All providers of health care","All financing schemes","5,255.75"
"2003","Germany (until 1990 former territory of the FRG)","Euro per inhabitant","All providers of health care","All financing schemes","2,780.69"
"2004","Germany (until 1990 former territory of the FRG)","Euro per inhabitant","All providers of health care","All financing schemes","2,773.83"
"2005","Germany (until 1990 former territory of the FRG)","Euro per inhabitant","All providers of health care","All financing schemes","2,853.48"
"2006","Germany (until 1990 former territory of the FRG)","Euro per inhabitant","All providers of health care","All financing schemes","2,939.20"
"2007","Germany (until 1990 former territory of the FRG)","Euro per inhabitant","All providers of health care","All financing schemes","3,046.19"
"2008","Germany (until 1990 former territory of the FRG)","Euro per inhabitant","All providers of health care","All financing schemes","3,168.99"
"2009","Germany (until 1990 former territory of the FRG)","Euro per inhabitant","All providers of health care","All financing schemes","3,346.32"
"2010","Germany (until 1990 former territory of the FRG)","Euro per inhabitant","All providers of health care","All financing schemes","3,472.20"
"2011","Germany (until 1990 former territory of the FRG)","Euro per inhabitant","All providers of health care","All financing schemes","3,609.95"
"2012","Germany (until 1990 former territory of the FRG)","Euro per inhabitant","All providers of health care","All financing schemes","3,696.01"
"2013","Germany (until 1990 former territory of the FRG)","Euro per inhabitant","All providers of health care","All financing schemes","3,831.11"
"2014","Germany (until 1990 former territory of the FRG)","Euro per inhabitant","All providers of health care","All financing schemes","3,977.19"
"2015","Germany (until 1990 former territory of the FRG)","Euro per inhabitant","All providers of health care","All financing schemes","4,138.48"
"2016","Germany (until 1990 former territory of the FRG)","Euro per inhabitant","All providers of health care","All financing schemes","4,270.88"
"2017","Germany (until 1990 former territory of the FRG)","Euro per inhabitant","All providers of health care","All financing schemes","4,459.36"
"2018","Germany (until 1990 former territory of the FRG)","Euro per inhabitant","All providers of health care","All financing schemes",":"
"2003","Estonia","Euro per inhabitant","All providers of health care","All financing schemes","310.09"
"2004","Estonia","Euro per inhabitant","All providers of health care","All financing schemes","367.34"
"2005","Estonia","Euro per inhabitant","All providers of health care","All financing schemes","423.21"
"2006","Estonia","Euro per inhabitant","All providers of health care","All financing schemes","479.81"
"2007","Estonia","Euro per inhabitant","All providers of health care","All financing schemes","609.57"
"2008","Estonia","Euro per inhabitant","All providers of health care","All financing schemes","710.58"
"2009","Estonia","Euro per inhabitant","All providers of health care","All financing schemes","693.54"
"2010","Estonia","Euro per inhabitant","All providers of health care","All financing schemes","700.05"
"2011","Estonia","Euro per inhabitant","All providers of health care","All financing schemes","731.10"
"2012","Estonia","Euro per inhabitant","All providers of health care","All financing schemes","790.17"
"2013","Estonia","Euro per inhabitant","All providers of health care","All financing schemes","863.26"
"2014","Estonia","Euro per inhabitant","All providers of health care","All financing schemes","933.47"
"2015","Estonia","Euro per inhabitant","All providers of health care","All financing schemes","1,002.66"
"2016","Estonia","Euro per inhabitant","All providers of health care","All financing schemes","1,071.71"
"2017","Estonia","Euro per inhabitant","All providers of health care","All financing schemes","1,152.52"
"2018","Estonia","Euro per inhabitant","All providers of health care","All financing schemes",":"
"2003","Ireland","Euro per inhabitant","All providers of health care","All financing schemes",":"
"2004","Ireland","Euro per inhabitant","All providers of health care","All financing schemes",":"
"2005","Ireland","Euro per inhabitant","All providers of health care","All financing schemes",":"
"2006","Ireland","Euro per inhabitant","All providers of health care","All financing schemes",":"
"2007","Ireland","Euro per inhabitant","All providers of health care","All financing schemes",":"
"2008","Ireland","Euro per inhabitant","All providers of health care","All financing schemes",":"
"2009","Ireland","Euro per inhabitant","All providers of health care","All financing schemes",":"
"2010","Ireland","Euro per inhabitant","All providers of health care","All financing schemes",":"
"2011","Ireland","Euro per inhabitant","All providers of health care","All financing schemes","3,993.96"
"2012","Ireland","Euro per inhabitant","All providers of health care","All financing schemes","4,068.81"
"2013","Ireland","Euro per inhabitant","All providers of health care","All financing schemes","4,002.21"
"2014","Ireland","Euro per inhabitant","All providers of health care","All financing schemes","4,047.07"
"2015","Ireland","Euro per inhabitant","All providers of health care","All financing schemes","4,090.20"
"2016","Ireland","Euro per inhabitant","All providers of health care","All financing schemes","4,235.92"
"2017","Ireland","Euro per inhabitant","All providers of health care","All financing schemes","4,422.21"
"2018","Ireland","Euro per inhabitant","All providers of health care","All financing schemes","4,612.74"
"2003","Greece","Euro per inhabitant","All providers of health care","All financing schemes",":"
"2004","Greece","Euro per inhabitant","All providers of health care","All financing schemes",":"
"2005","Greece","Euro per inhabitant","All providers of health care","All financing schemes",":"
"2006","Greece","Euro per inhabitant","All providers of health care","All financing schemes",":"
"2007","Greece","Euro per inhabitant","All providers of health care","All financing schemes",":"
"2008","Greece","Euro per inhabitant","All providers of health care","All financing schemes",":"
"2009","Greece","Euro per inhabitant","All providers of health care","All financing schemes","2,011.75"
"2010","Greece","Euro per inhabitant","All providers of health care","All financing schemes","1,933.97"
"2011","Greece","Euro per inhabitant","All providers of health care","All financing schemes","1,683.11"
"2012","Greece","Euro per inhabitant","All providers of health care","All financing schemes","1,522.08"
"2013","Greece","Euro per inhabitant","All providers of health care","All financing schemes","1,370.53"
"2014","Greece","Euro per inhabitant","All providers of health care","All financing schemes","1,287.54"
"2015","Greece","Euro per inhabitant","All providers of health care","All financing schemes","1,313.22"
"2016","Greece","Euro per inhabitant","All providers of health care","All financing schemes","1,345.44"
"2017","Greece","Euro per inhabitant","All providers of health care","All financing schemes","1,334.74"
"2018","Greece","Euro per inhabitant","All providers of health care","All financing schemes","1,327.83"
"2003","Spain","Euro per inhabitant","All providers of health care","All financing schemes","1,433.90"
"2004","Spain","Euro per inhabitant","All providers of health care","All financing schemes","1,528.42"
"2005","Spain","Euro per inhabitant","All providers of health care","All financing schemes","1,635.65"
"2006","Spain","Euro per inhabitant","All providers of health care","All financing schemes","1,760.49"
"2007","Spain","Euro per inhabitant","All providers of health care","All financing schemes","1,871.70"
"2008","Spain","Euro per inhabitant","All providers of health care","All financing schemes","2,013.32"
"2009","Spain","Euro per inhabitant","All providers of health care","All financing schemes","2,090.99"
"2010","Spain","Euro per inhabitant","All providers of health care","All financing schemes","2,091.29"
"2011","Spain","Euro per inhabitant","All providers of health care","All financing schemes","2,079.00"
"2012","Spain","Euro per inhabitant","All providers of health care","All financing schemes","2,016.70"
"2013","Spain","Euro per inhabitant","All providers of health care","All financing schemes","1,984.53"
"2014","Spain","Euro per inhabitant","All providers of health care","All financing schemes","2,014.80"
"2015","Spain","Euro per inhabitant","All providers of health care","All financing schemes","2,120.50"
"2016","Spain","Euro per inhabitant","All providers of health care","All financing schemes","2,159.16"
"2017","Spain","Euro per inhabitant","All providers of health care","All financing schemes","2,221.11"
"2018","Spain","Euro per inhabitant","All providers of health care","All financing schemes",":"
"2003","France","Euro per inhabitant","All providers of health care","All financing schemes",":"
"2004","France","Euro per inhabitant","All providers of health care","All financing schemes",":"
"2005","France","Euro per inhabitant","All providers of health care","All financing schemes",":"
"2006","France","Euro per inhabitant","All providers of health care","All financing schemes","3,027.87"
"2007","France","Euro per inhabitant","All providers of health care","All financing schemes","3,142.32"
"2008","France","Euro per inhabitant","All providers of health care","All financing schemes","3,263.41"
"2009","France","Euro per inhabitant","All providers of health care","All financing schemes","3,391.26"
"2010","France","Euro per inhabitant","All providers of health care","All financing schemes","3,460.00"
"2011","France","Euro per inhabitant","All providers of health care","All financing schemes","3,540.34"
"2012","France","Euro per inhabitant","All providers of health care","All financing schemes","3,611.19"
"2013","France","Euro per inhabitant","All providers of health care","All financing schemes","3,681.29"
"2014","France","Euro per inhabitant","All providers of health care","All financing schemes","3,754.35"
"2015","France","Euro per inhabitant","All providers of health care","All financing schemes","3,787.87"
"2016","France","Euro per inhabitant","All providers of health care","All financing schemes","3,851.01"
"2017","France","Euro per inhabitant","All providers of health care","All financing schemes","3,913.41"
"2018","France","Euro per inhabitant","All providers of health care","All financing schemes","3,968.64"
"2003","Croatia","Euro per inhabitant","All providers of health care","All financing schemes",":"
"2004","Croatia","Euro per inhabitant","All providers of health care","All financing schemes",":"
"2005","Croatia","Euro per inhabitant","All providers of health care","All financing schemes",":"
"2006","Croatia","Euro per inhabitant","All providers of health care","All financing schemes",":"
"2007","Croatia","Euro per inhabitant","All providers of health care","All financing schemes",":"
"2008","Croatia","Euro per inhabitant","All providers of health care","All financing schemes",":"
"2009","Croatia","Euro per inhabitant","All providers of health care","All financing schemes",":"
"2010","Croatia","Euro per inhabitant","All providers of health care","All financing schemes",":"
"2011","Croatia","Euro per inhabitant","All providers of health care","All financing schemes",":"
"2012","Croatia","Euro per inhabitant","All providers of health care","All financing schemes",":"
"2013","Croatia","Euro per inhabitant","All providers of health care","All financing schemes","671.11"
"2014","Croatia","Euro per inhabitant","All providers of health care","All financing schemes","686.44"
"2015","Croatia","Euro per inhabitant","All providers of health care","All financing schemes","719.53"
"2016","Croatia","Euro per inhabitant","All providers of health care","All financing schemes","763.03"
"2017","Croatia","Euro per inhabitant","All providers of health care","All financing schemes","805.78"
"2018","Croatia","Euro per inhabitant","All providers of health care","All financing schemes","861.54"
"2003","Italy","Euro per inhabitant","All providers of health care","All financing schemes",":"
"2004","Italy","Euro per inhabitant","All providers of health care","All financing schemes",":"
"2005","Italy","Euro per inhabitant","All providers of health care","All financing schemes",":"
"2006","Italy","Euro per inhabitant","All providers of health care","All financing schemes",":"
"2007","Italy","Euro per inhabitant","All providers of health care","All financing schemes",":"
"2008","Italy","Euro per inhabitant","All providers of health care","All financing schemes",":"
"2009","Italy","Euro per inhabitant","All providers of health care","All financing schemes",":"
"2010","Italy","Euro per inhabitant","All providers of health care","All financing schemes",":"
"2011","Italy","Euro per inhabitant","All providers of health care","All financing schemes",":"
"2012","Italy","Euro per inhabitant","All providers of health care","All financing schemes","2,396.32"
"2013","Italy","Euro per inhabitant","All providers of health care","All financing schemes","2,349.61"
"2014","Italy","Euro per inhabitant","All providers of health care","All financing schemes","2,374.06"
"2015","Italy","Euro per inhabitant","All providers of health care","All financing schemes","2,414.15"
"2016","Italy","Euro per inhabitant","All providers of health care","All financing schemes","2,440.53"
"2017","Italy","Euro per inhabitant","All providers of health care","All financing schemes","2,489.35"
"2018","Italy","Euro per inhabitant","All providers of health care","All financing schemes","2,533.61"
"2003","Cyprus","Euro per inhabitant","All providers of health care","All financing schemes",":"
"2004","Cyprus","Euro per inhabitant","All providers of health care","All financing schemes",":"
"2005","Cyprus","Euro per inhabitant","All providers of health care","All financing schemes",":"
"2006","Cyprus","Euro per inhabitant","All providers of health care","All financing schemes",":"
"2007","Cyprus","Euro per inhabitant","All providers of health care","All financing schemes",":"
"2008","Cyprus","Euro per inhabitant","All providers of health care","All financing schemes",":"
"2009","Cyprus","Euro per inhabitant","All providers of health care","All financing schemes",":"
"2010","Cyprus","Euro per inhabitant","All providers of health care","All financing schemes","1,525.21"
"2011","Cyprus","Euro per inhabitant","All providers of health care","All financing schemes","1,500.98"
"2012","Cyprus","Euro per inhabitant","All providers of health care","All financing schemes","1,474.97"
"2013","Cyprus","Euro per inhabitant","All providers of health care","All financing schemes","1,449.97"
"2014","Cyprus","Euro per inhabitant","All providers of health care","All financing schemes","1,421.46"
"2015","Cyprus","Euro per inhabitant","All providers of health care","All financing schemes","1,456.51"
"2016","Cyprus","Euro per inhabitant","All providers of health care","All financing schemes","1,514.65"
"2017","Cyprus","Euro per inhabitant","All providers of health care","All financing schemes","1,571.03"
"2018","Cyprus","Euro per inhabitant","All providers of health care","All financing schemes","1,644.67"
"2003","Latvia","Euro per inhabitant","All providers of health care","All financing schemes",":"
"2004","Latvia","Euro per inhabitant","All providers of health care","All financing schemes",":"
"2005","Latvia","Euro per inhabitant","All providers of health care","All financing schemes",":"
"2006","Latvia","Euro per inhabitant","All providers of health care","All financing schemes",":"
"2007","Latvia","Euro per inhabitant","All providers of health care","All financing schemes",":"
"2008","Latvia","Euro per inhabitant","All providers of health care","All financing schemes",":"
"2009","Latvia","Euro per inhabitant","All providers of health care","All financing schemes",":"
"2010","Latvia","Euro per inhabitant","All providers of health care","All financing schemes",":"
"2011","Latvia","Euro per inhabitant","All providers of health care","All financing schemes",":"
"2012","Latvia","Euro per inhabitant","All providers of health care","All financing schemes",":"
"2013","Latvia","Euro per inhabitant","All providers of health care","All financing schemes","612.48"
"2014","Latvia","Euro per inhabitant","All providers of health care","All financing schemes","647.40"
"2015","Latvia","Euro per inhabitant","All providers of health care","All financing schemes","702.31"
"2016","Latvia","Euro per inhabitant","All providers of health care","All financing schemes","794.11"
"2017","Latvia","Euro per inhabitant","All providers of health care","All financing schemes","828.80"
"2018","Latvia","Euro per inhabitant","All providers of health care","All financing schemes",":"
"2003","Lithuania","Euro per inhabitant","All providers of health care","All financing schemes",":"
"2004","Lithuania","Euro per inhabitant","All providers of health care","All financing schemes",":"
"2005","Lithuania","Euro per inhabitant","All providers of health care","All financing schemes",":"
"2006","Lithuania","Euro per inhabitant","All providers of health care","All financing schemes","429.90"
"2007","Lithuania","Euro per inhabitant","All providers of health care","All financing schemes","517.53"
"2008","Lithuania","Euro per inhabitant","All providers of health care","All financing schemes","642.78"
"2009","Lithuania","Euro per inhabitant","All providers of health care","All financing schemes","626.40"
"2010","Lithuania","Euro per inhabitant","All providers of health care","All financing schemes","616.80"
"2011","Lithuania","Euro per inhabitant","All providers of health care","All financing schemes","670.97"
"2012","Lithuania","Euro per inhabitant","All providers of health care","All financing schemes","701.81"
"2013","Lithuania","Euro per inhabitant","All providers of health care","All financing schemes","725.74"
"2014","Lithuania","Euro per inhabitant","All providers of health care","All financing schemes","772.61"
"2015","Lithuania","Euro per inhabitant","All providers of health care","All financing schemes","834.41"
"2016","Lithuania","Euro per inhabitant","All providers of health care","All financing schemes","899.98"
"2017","Lithuania","Euro per inhabitant","All providers of health care","All financing schemes","966.21"
"2018","Lithuania","Euro per inhabitant","All providers of health care","All financing schemes","1,061.15"
"2003","Luxembourg","Euro per inhabitant","All providers of health care","All financing schemes",":"
"2004","Luxembourg","Euro per inhabitant","All providers of health care","All financing schemes",":"
"2005","Luxembourg","Euro per inhabitant","All providers of health care","All financing schemes",":"
"2006","Luxembourg","Euro per inhabitant","All providers of health care","All financing schemes",":"
"2007","Luxembourg","Euro per inhabitant","All providers of health care","All financing schemes",":"
"2008","Luxembourg","Euro per inhabitant","All providers of health care","All financing schemes",":"
"2009","Luxembourg","Euro per inhabitant","All providers of health care","All financing schemes",":"
"2010","Luxembourg","Euro per inhabitant","All providers of health care","All financing schemes",":"
"2011","Luxembourg","Euro per inhabitant","All providers of health care","All financing schemes","5,089.73"
"2012","Luxembourg","Euro per inhabitant","All providers of health care","All financing schemes","4,639.11"
"2013","Luxembourg","Euro per inhabitant","All providers of health care","All financing schemes","4,730.53"
"2014","Luxembourg","Euro per inhabitant","All providers of health care","All financing schemes","4,869.32"
"2015","Luxembourg","Euro per inhabitant","All providers of health care","All financing schemes","4,829.75"
"2016","Luxembourg","Euro per inhabitant","All providers of health care","All financing schemes","4,897.36"
"2017","Luxembourg","Euro per inhabitant","All providers of health care","All financing schemes","5,009.21"
"2018","Luxembourg","Euro per inhabitant","All providers of health care","All financing schemes","5,221.36"
"2003","Hungary","Euro per inhabitant","All providers of health care","All financing schemes",":"
"2004","Hungary","Euro per inhabitant","All providers of health care","All financing schemes",":"
"2005","Hungary","Euro per inhabitant","All providers of health care","All financing schemes",":"
"2006","Hungary","Euro per inhabitant","All providers of health care","All financing schemes","711.49"
"2007","Hungary","Euro per inhabitant","All providers of health care","All financing schemes","733.69"
"2008","Hungary","Euro per inhabitant","All providers of health care","All financing schemes","765.07"
"2009","Hungary","Euro per inhabitant","All providers of health care","All financing schemes","681.72"
"2010","Hungary","Euro per inhabitant","All providers of health care","All financing schemes","743.16"
"2011","Hungary","Euro per inhabitant","All providers of health care","All financing schemes","766.40"
"2012","Hungary","Euro per inhabitant","All providers of health care","All financing schemes","748.86"
"2013","Hungary","Euro per inhabitant","All providers of health care","All financing schemes","747.64"
"2014","Hungary","Euro per inhabitant","All providers of health care","All financing schemes","758.94"
"2015","Hungary","Euro per inhabitant","All providers of health care","All financing schemes","785.40"
"2016","Hungary","Euro per inhabitant","All providers of health care","All financing schemes","827.76"
"2017","Hungary","Euro per inhabitant","All providers of health care","All financing schemes","871.61"
"2018","Hungary","Euro per inhabitant","All providers of health care","All financing schemes","916.93"
"2003","Malta","Euro per inhabitant","All providers of health care","All financing schemes",":"
"2004","Malta","Euro per inhabitant","All providers of health care","All financing schemes",":"
"2005","Malta","Euro per inhabitant","All providers of health care","All financing schemes",":"
"2006","Malta","Euro per inhabitant","All providers of health care","All financing schemes",":"
"2007","Malta","Euro per inhabitant","All providers of health care","All financing schemes",":"
"2008","Malta","Euro per inhabitant","All providers of health care","All financing schemes",":"
"2009","Malta","Euro per inhabitant","All providers of health care","All financing schemes",":"
"2010","Malta","Euro per inhabitant","All providers of health care","All financing schemes",":"
"2011","Malta","Euro per inhabitant","All providers of health care","All financing schemes",":"
"2012","Malta","Euro per inhabitant","All providers of health care","All financing schemes",":"
"2013","Malta","Euro per inhabitant","All providers of health care","All financing schemes",":"
"2014","Malta","Euro per inhabitant","All providers of health care","All financing schemes","1,829.54"
"2015","Malta","Euro per inhabitant","All providers of health care","All financing schemes","1,998.56"
"2016","Malta","Euro per inhabitant","All providers of health care","All financing schemes","2,075.55"
"2017","Malta","Euro per inhabitant","All providers of health care","All financing schemes","2,249.54"
"2018","Malta","Euro per inhabitant","All providers of health care","All financing schemes",":"
"2003","Netherlands","Euro per inhabitant","All providers of health care","All financing schemes","2,862.38"
"2004","Netherlands","Euro per inhabitant","All providers of health care","All financing schemes","2,961.69"
"2005","Netherlands","Euro per inhabitant","All providers of health care","All financing schemes","3,070.63"
"2006","Netherlands","Euro per inhabitant","All providers of health care","All financing schemes","3,247.27"
"2007","Netherlands","Euro per inhabitant","All providers of health care","All financing schemes","3,421.68"
"2008","Netherlands","Euro per inhabitant","All providers of health care","All financing schemes","3,650.72"
"2009","Netherlands","Euro per inhabitant","All providers of health care","All financing schemes","3,777.28"
"2010","Netherlands","Euro per inhabitant","All providers of health care","All financing schemes","3,906.64"
"2011","Netherlands","Euro per inhabitant","All providers of health care","All financing schemes","3,986.96"
"2012","Netherlands","Euro per inhabitant","All providers of health care","All financing schemes","4,107.23"
"2013","Netherlands","Euro per inhabitant","All providers of health care","All financing schemes","4,159.65"
"2014","Netherlands","Euro per inhabitant","All providers of health care","All financing schemes","4,207.78"
"2015","Netherlands","Euro per inhabitant","All providers of health care","All financing schemes","4,205.23"
"2016","Netherlands","Euro per inhabitant","All providers of health care","All financing schemes","4,264.69"
"2017","Netherlands","Euro per inhabitant","All providers of health care","All financing schemes","4,334.52"
"2018","Netherlands","Euro per inhabitant","All providers of health care","All financing schemes","4,480.25"
"2003","Austria","Euro per inhabitant","All providers of health care","All financing schemes",":"
"2004","Austria","Euro per inhabitant","All providers of health care","All financing schemes","2,879.42"
"2005","Austria","Euro per inhabitant","All providers of health care","All financing schemes","2,972.82"
"2006","Austria","Euro per inhabitant","All providers of health care","All financing schemes","3,087.17"
"2007","Austria","Euro per inhabitant","All providers of health care","All financing schemes","3,263.11"
"2008","Austria","Euro per inhabitant","All providers of health care","All financing schemes","3,433.31"
"2009","Austria","Euro per inhabitant","All providers of health care","All financing schemes","3,530.35"
"2010","Austria","Euro per inhabitant","All providers of health care","All financing schemes","3,616.19"
"2011","Austria","Euro per inhabitant","All providers of health care","All financing schemes","3,705.34"
"2012","Austria","Euro per inhabitant","All providers of health care","All financing schemes","3,855.27"
"2013","Austria","Euro per inhabitant","All providers of health care","All financing schemes","3,928.93"
"2014","Austria","Euro per inhabitant","All providers of health care","All financing schemes","4,041.59"
"2015","Austria","Euro per inhabitant","All providers of health care","All financing schemes","4,129.77"
"2016","Austria","Euro per inhabitant","All providers of health care","All financing schemes","4,237.37"
"2017","Austria","Euro per inhabitant","All providers of health care","All financing schemes","4,358.85"
"2018","Austria","Euro per inhabitant","All providers of health care","All financing schemes","4,500.97"
"2003","Poland","Euro per inhabitant","All providers of health care","All financing schemes",":"
"2004","Poland","Euro per inhabitant","All providers of health care","All financing schemes",":"
"2005","Poland","Euro per inhabitant","All providers of health care","All financing schemes",":"
"2006","Poland","Euro per inhabitant","All providers of health care","All financing schemes",":"
"2007","Poland","Euro per inhabitant","All providers of health care","All financing schemes",":"
"2008","Poland","Euro per inhabitant","All providers of health care","All financing schemes",":"
"2009","Poland","Euro per inhabitant","All providers of health care","All financing schemes",":"
"2010","Poland","Euro per inhabitant","All providers of health care","All financing schemes",":"
"2011","Poland","Euro per inhabitant","All providers of health care","All financing schemes",":"
"2012","Poland","Euro per inhabitant","All providers of health care","All financing schemes",":"
"2013","Poland","Euro per inhabitant","All providers of health care","All financing schemes","661.57"
"2014","Poland","Euro per inhabitant","All providers of health care","All financing schemes","675.61"
"2015","Poland","Euro per inhabitant","All providers of health care","All financing schemes","718.15"
"2016","Poland","Euro per inhabitant","All providers of health care","All financing schemes","731.01"
"2017","Poland","Euro per inhabitant","All providers of health care","All financing schemes",":"
"2018","Poland","Euro per inhabitant","All providers of health care","All financing schemes",":"
"2003","Portugal","Euro per inhabitant","All providers of health care","All financing schemes","1,243.95"
"2004","Portugal","Euro per inhabitant","All providers of health care","All financing schemes","1,351.00"
"2005","Portugal","Euro per inhabitant","All providers of health care","All financing schemes","1,424.91"
"2006","Portugal","Euro per inhabitant","All providers of health care","All financing schemes","1,443.49"
"2007","Portugal","Euro per inhabitant","All providers of health care","All financing schemes","1,508.83"
"2008","Portugal","Euro per inhabitant","All providers of health care","All financing schemes","1,584.47"
"2009","Portugal","Euro per inhabitant","All providers of health care","All financing schemes","1,640.05"
"2010","Portugal","Euro per inhabitant","All providers of health care","All financing schemes","1,671.05"
"2011","Portugal","Euro per inhabitant","All providers of health care","All financing schemes","1,590.40"
"2012","Portugal","Euro per inhabitant","All providers of health care","All financing schemes","1,497.15"
"2013","Portugal","Euro per inhabitant","All providers of health care","All financing schemes","1,479.99"
"2014","Portugal","Euro per inhabitant","All providers of health care","All financing schemes","1,501.36"
"2015","Portugal","Euro per inhabitant","All providers of health care","All financing schemes","1,557.45"
"2016","Portugal","Euro per inhabitant","All providers of health care","All financing schemes","1,632.26"
"2017","Portugal","Euro per inhabitant","All providers of health care","All financing schemes","1,694.76"
"2018","Portugal","Euro per inhabitant","All providers of health care","All financing schemes",":"
"2003","Romania","Euro per inhabitant","All providers of health care","All financing schemes",":"
"2004","Romania","Euro per inhabitant","All providers of health care","All financing schemes",":"
"2005","Romania","Euro per inhabitant","All providers of health care","All financing schemes",":"
"2006","Romania","Euro per inhabitant","All providers of health care","All financing schemes",":"
"2007","Romania","Euro per inhabitant","All providers of health care","All financing schemes",":"
"2008","Romania","Euro per inhabitant","All providers of health care","All financing schemes",":"
"2009","Romania","Euro per inhabitant","All providers of health care","All financing schemes",":"
"2010","Romania","Euro per inhabitant","All providers of health care","All financing schemes",":"
"2011","Romania","Euro per inhabitant","All providers of health care","All financing schemes","307.69"
"2012","Romania","Euro per inhabitant","All providers of health care","All financing schemes","313.18"
"2013","Romania","Euro per inhabitant","All providers of health care","All financing schemes","373.66"
"2014","Romania","Euro per inhabitant","All providers of health care","All financing schemes","380.14"
"2015","Romania","Euro per inhabitant","All providers of health care","All financing schemes","399.83"
"2016","Romania","Euro per inhabitant","All providers of health care","All financing schemes","431.88"
"2017","Romania","Euro per inhabitant","All providers of health care","All financing schemes","493.78"
"2018","Romania","Euro per inhabitant","All providers of health care","All financing schemes","583.95"
"2003","Slovenia","Euro per inhabitant","All providers of health care","All financing schemes",":"
"2004","Slovenia","Euro per inhabitant","All providers of health care","All financing schemes",":"
"2005","Slovenia","Euro per inhabitant","All providers of health care","All financing schemes",":"
"2006","Slovenia","Euro per inhabitant","All providers of health care","All financing schemes",":"
"2007","Slovenia","Euro per inhabitant","All providers of health care","All financing schemes",":"
"2008","Slovenia","Euro per inhabitant","All providers of health care","All financing schemes",":"
"2009","Slovenia","Euro per inhabitant","All providers of health care","All financing schemes",":"
"2010","Slovenia","Euro per inhabitant","All providers of health care","All financing schemes",":"
"2011","Slovenia","Euro per inhabitant","All providers of health care","All financing schemes",":"
"2012","Slovenia","Euro per inhabitant","All providers of health care","All financing schemes",":"
"2013","Slovenia","Euro per inhabitant","All providers of health care","All financing schemes",":"
"2014","Slovenia","Euro per inhabitant","All providers of health care","All financing schemes","1,551.74"
"2015","Slovenia","Euro per inhabitant","All providers of health care","All financing schemes","1,603.66"
"2016","Slovenia","Euro per inhabitant","All providers of health care","All financing schemes","1,660.39"
"2017","Slovenia","Euro per inhabitant","All providers of health care","All financing schemes","1,703.65"
"2018","Slovenia","Euro per inhabitant","All providers of health care","All financing schemes",":"
"2003","Slovakia","Euro per inhabitant","All providers of health care","All financing schemes",":"
"2004","Slovakia","Euro per inhabitant","All providers of health care","All financing schemes",":"
"2005","Slovakia","Euro per inhabitant","All providers of health care","All financing schemes",":"
"2006","Slovakia","Euro per inhabitant","All providers of health care","All financing schemes",":"
"2007","Slovakia","Euro per inhabitant","All providers of health care","All financing schemes",":"
"2008","Slovakia","Euro per inhabitant","All providers of health care","All financing schemes",":"
"2009","Slovakia","Euro per inhabitant","All providers of health care","All financing schemes",":"
"2010","Slovakia","Euro per inhabitant","All providers of health care","All financing schemes",":"
"2011","Slovakia","Euro per inhabitant","All providers of health care","All financing schemes",":"
"2012","Slovakia","Euro per inhabitant","All providers of health care","All financing schemes","1,026.35"
"2013","Slovakia","Euro per inhabitant","All providers of health care","All financing schemes","1,031.40"
"2014","Slovakia","Euro per inhabitant","All providers of health care","All financing schemes","970.05"
"2015","Slovakia","Euro per inhabitant","All providers of health care","All financing schemes","998.98"
"2016","Slovakia","Euro per inhabitant","All providers of health care","All financing schemes","1,043.40"
"2017","Slovakia","Euro per inhabitant","All providers of health care","All financing schemes","1,051.83"
"2018","Slovakia","Euro per inhabitant","All providers of health care","All financing schemes",":"
"2003","Finland","Euro per inhabitant","All providers of health care","All financing schemes","2,229.96"
"2004","Finland","Euro per inhabitant","All providers of health care","All financing schemes","2,363.48"
"2005","Finland","Euro per inhabitant","All providers of health care","All financing schemes","2,508.03"
"2006","Finland","Euro per inhabitant","All providers of health care","All financing schemes","2,625.37"
"2007","Finland","Euro per inhabitant","All providers of health care","All financing schemes","2,762.85"
"2008","Finland","Euro per inhabitant","All providers of health care","All financing schemes","2,949.67"
"2009","Finland","Euro per inhabitant","All providers of health care","All financing schemes","3,010.95"
"2010","Finland","Euro per inhabitant","All providers of health care","All financing schemes","3,096.80"
"2011","Finland","Euro per inhabitant","All providers of health care","All financing schemes","3,272.82"
"2012","Finland","Euro per inhabitant","All providers of health care","All financing schemes","3,432.56"
"2013","Finland","Euro per inhabitant","All providers of health care","All financing schemes","3,553.58"
"2014","Finland","Euro per inhabitant","All providers of health care","All financing schemes","3,571.49"
"2015","Finland","Euro per inhabitant","All providers of health care","All financing schemes","3,718.19"
"2016","Finland","Euro per inhabitant","All providers of health care","All financing schemes","3,707.20"
"2017","Finland","Euro per inhabitant","All providers of health care","All financing schemes","3,742.34"
"2018","Finland","Euro per inhabitant","All providers of health care","All financing schemes",":"
"2003","Sweden","Euro per inhabitant","All providers of health care","All financing schemes",":"
"2004","Sweden","Euro per inhabitant","All providers of health care","All financing schemes",":"
"2005","Sweden","Euro per inhabitant","All providers of health care","All financing schemes",":"
"2006","Sweden","Euro per inhabitant","All providers of health care","All financing schemes",":"
"2007","Sweden","Euro per inhabitant","All providers of health care","All financing schemes",":"
"2008","Sweden","Euro per inhabitant","All providers of health care","All financing schemes",":"
"2009","Sweden","Euro per inhabitant","All providers of health care","All financing schemes",":"
"2010","Sweden","Euro per inhabitant","All providers of health care","All financing schemes",":"
"2011","Sweden","Euro per inhabitant","All providers of health care","All financing schemes","4,553.25"
"2012","Sweden","Euro per inhabitant","All providers of health care","All financing schemes","4,849.76"
"2013","Sweden","Euro per inhabitant","All providers of health care","All financing schemes","5,018.34"
"2014","Sweden","Euro per inhabitant","All providers of health care","All financing schemes","4,954.96"
"2015","Sweden","Euro per inhabitant","All providers of health care","All financing schemes","5,018.83"
"2016","Sweden","Euro per inhabitant","All providers of health care","All financing schemes","5,093.73"
"2017","Sweden","Euro per inhabitant","All providers of health care","All financing schemes","5,147.82"
"2018","Sweden","Euro per inhabitant","All providers of health care","All financing schemes","5,041.30"
"2003","United Kingdom","Euro per inhabitant","All providers of health care","All financing schemes",":"
"2004","United Kingdom","Euro per inhabitant","All providers of health care","All financing schemes",":"
"2005","United Kingdom","Euro per inhabitant","All providers of health care","All financing schemes",":"
"2006","United Kingdom","Euro per inhabitant","All providers of health care","All financing schemes",":"
"2007","United Kingdom","Euro per inhabitant","All providers of health care","All financing schemes",":"
"2008","United Kingdom","Euro per inhabitant","All providers of health care","All financing schemes",":"
"2009","United Kingdom","Euro per inhabitant","All providers of health care","All financing schemes",":"
"2010","United Kingdom","Euro per inhabitant","All providers of health care","All financing schemes",":"
"2011","United Kingdom","Euro per inhabitant","All providers of health care","All financing schemes",":"
"2012","United Kingdom","Euro per inhabitant","All providers of health care","All financing schemes",":"
"2013","United Kingdom","Euro per inhabitant","All providers of health care","All financing schemes","3,158.36"
"2014","United Kingdom","Euro per inhabitant","All providers of health care","All financing schemes","3,455.30"
"2015","United Kingdom","Euro per inhabitant","All providers of health care","All financing schemes","3,885.57"
"2016","United Kingdom","Euro per inhabitant","All providers of health care","All financing schemes","3,552.80"
"2017","United Kingdom","Euro per inhabitant","All providers of health care","All financing schemes","3,408.88"
"2018","United Kingdom","Euro per inhabitant","All providers of health care","All financing schemes",":"
"2003","Iceland","Euro per inhabitant","All providers of health care","All financing schemes",":"
"2004","Iceland","Euro per inhabitant","All providers of health care","All financing schemes",":"
"2005","Iceland","Euro per inhabitant","All providers of health care","All financing schemes",":"
"2006","Iceland","Euro per inhabitant","All providers of health care","All financing schemes",":"
"2007","Iceland","Euro per inhabitant","All providers of health care","All financing schemes",":"
"2008","Iceland","Euro per inhabitant","All providers of health care","All financing schemes",":"
"2009","Iceland","Euro per inhabitant","All providers of health care","All financing schemes",":"
"2010","Iceland","Euro per inhabitant","All providers of health care","All financing schemes",":"
"2011","Iceland","Euro per inhabitant","All providers of health care","All financing schemes","2,816.43"
"2012","Iceland","Euro per inhabitant","All providers of health care","All financing schemes","2,927.97"
"2013","Iceland","Euro per inhabitant","All providers of health care","All financing schemes","3,063.45"
"2014","Iceland","Euro per inhabitant","All providers of health care","All financing schemes","3,386.21"
"2015","Iceland","Euro per inhabitant","All providers of health care","All financing schemes","3,854.02"
"2016","Iceland","Euro per inhabitant","All providers of health care","All financing schemes","4,538.77"
"2017","Iceland","Euro per inhabitant","All providers of health care","All financing schemes","5,273.43"
"2018","Iceland","Euro per inhabitant","All providers of health care","All financing schemes","5,279.54"
"2003","Liechtenstein","Euro per inhabitant","All providers of health care","All financing schemes",":"
"2004","Liechtenstein","Euro per inhabitant","All providers of health care","All financing schemes",":"
"2005","Liechtenstein","Euro per inhabitant","All providers of health care","All financing schemes",":"
"2006","Liechtenstein","Euro per inhabitant","All providers of health care","All financing schemes",":"
"2007","Liechtenstein","Euro per inhabitant","All providers of health care","All financing schemes",":"
"2008","Liechtenstein","Euro per inhabitant","All providers of health care","All financing schemes",":"
"2009","Liechtenstein","Euro per inhabitant","All providers of health care","All financing schemes",":"
"2010","Liechtenstein","Euro per inhabitant","All providers of health care","All financing schemes",":"
"2011","Liechtenstein","Euro per inhabitant","All providers of health care","All financing schemes",":"
"2012","Liechtenstein","Euro per inhabitant","All providers of health care","All financing schemes",":"
"2013","Liechtenstein","Euro per inhabitant","All providers of health care","All financing schemes","7,801.41"
"2014","Liechtenstein","Euro per inhabitant","All providers of health care","All financing schemes","7,934.60"
"2015","Liechtenstein","Euro per inhabitant","All providers of health care","All financing schemes","9,049.79"
"2016","Liechtenstein","Euro per inhabitant","All providers of health care","All financing schemes","9,081.15"
"2017","Liechtenstein","Euro per inhabitant","All providers of health care","All financing schemes","8,885.87"
"2018","Liechtenstein","Euro per inhabitant","All providers of health care","All financing schemes",":"
"2003","Norway","Euro per inhabitant","All providers of health care","All financing schemes",":"
"2004","Norway","Euro per inhabitant","All providers of health care","All financing schemes",":"
"2005","Norway","Euro per inhabitant","All providers of health care","All financing schemes",":"
"2006","Norway","Euro per inhabitant","All providers of health care","All financing schemes",":"
"2007","Norway","Euro per inhabitant","All providers of health care","All financing schemes",":"
"2008","Norway","Euro per inhabitant","All providers of health care","All financing schemes",":"
"2009","Norway","Euro per inhabitant","All providers of health care","All financing schemes",":"
"2010","Norway","Euro per inhabitant","All providers of health care","All financing schemes",":"
"2011","Norway","Euro per inhabitant","All providers of health care","All financing schemes","6,358.32"
"2012","Norway","Euro per inhabitant","All providers of health care","All financing schemes","6,935.51"
"2013","Norway","Euro per inhabitant","All providers of health care","All financing schemes","6,915.78"
"2014","Norway","Euro per inhabitant","All providers of health care","All financing schemes","6,838.71"
"2015","Norway","Euro per inhabitant","All providers of health care","All financing schemes","6,787.99"
"2016","Norway","Euro per inhabitant","All providers of health care","All financing schemes","6,747.31"
"2017","Norway","Euro per inhabitant","All providers of health care","All financing schemes","6,906.95"
"2018","Norway","Euro per inhabitant","All providers of health care","All financing schemes","6,960.03"
"2003","Switzerland","Euro per inhabitant","All providers of health care","All financing schemes",":"
"2004","Switzerland","Euro per inhabitant","All providers of health care","All financing schemes",":"
"2005","Switzerland","Euro per inhabitant","All providers of health care","All financing schemes",":"
"2006","Switzerland","Euro per inhabitant","All providers of health care","All financing schemes",":"
"2007","Switzerland","Euro per inhabitant","All providers of health care","All financing schemes",":"
"2008","Switzerland","Euro per inhabitant","All providers of health care","All financing schemes",":"
"2009","Switzerland","Euro per inhabitant","All providers of health care","All financing schemes",":"
"2010","Switzerland","Euro per inhabitant","All providers of health care","All financing schemes","6,030.70"
"2011","Switzerland","Euro per inhabitant","All providers of health care","All financing schemes","6,859.56"
"2012","Switzerland","Euro per inhabitant","All providers of health care","All financing schemes","7,186.51"
"2013","Switzerland","Euro per inhabitant","All providers of health care","All financing schemes","7,250.06"
"2014","Switzerland","Euro per inhabitant","All providers of health care","All financing schemes","7,508.67"
"2015","Switzerland","Euro per inhabitant","All providers of health care","All financing schemes","8,790.99"
"2016","Switzerland","Euro per inhabitant","All providers of health care","All financing schemes","8,841.31"
"2017","Switzerland","Euro per inhabitant","All providers of health care","All financing schemes","8,785.06"
"2018","Switzerland","Euro per inhabitant","All providers of health care","All financing schemes",":"
