"TIME","GEO","UNIT","ICHA11_HP","ICHA11_HF","Value"
"2003","Belgium","Euro per inhabitant","All providers of health care","Compulsory contributory health insurance schemes and compulsory medical saving accounts (CMSA)","1,576.38"
"2004","Belgium","Euro per inhabitant","All providers of health care","Compulsory contributory health insurance schemes and compulsory medical saving accounts (CMSA)","1,707.99"
"2005","Belgium","Euro per inhabitant","All providers of health care","Compulsory contributory health insurance schemes and compulsory medical saving accounts (CMSA)","1,741.38"
"2006","Belgium","Euro per inhabitant","All providers of health care","Compulsory contributory health insurance schemes and compulsory medical saving accounts (CMSA)","1,779.26"
"2007","Belgium","Euro per inhabitant","All providers of health care","Compulsory contributory health insurance schemes and compulsory medical saving accounts (CMSA)","1,877.10"
"2008","Belgium","Euro per inhabitant","All providers of health care","Compulsory contributory health insurance schemes and compulsory medical saving accounts (CMSA)","2,062.08"
"2009","Belgium","Euro per inhabitant","All providers of health care","Compulsory contributory health insurance schemes and compulsory medical saving accounts (CMSA)","2,176.10"
"2010","Belgium","Euro per inhabitant","All providers of health care","Compulsory contributory health insurance schemes and compulsory medical saving accounts (CMSA)","2,235.26"
"2011","Belgium","Euro per inhabitant","All providers of health care","Compulsory contributory health insurance schemes and compulsory medical saving accounts (CMSA)","2,323.80"
"2012","Belgium","Euro per inhabitant","All providers of health care","Compulsory contributory health insurance schemes and compulsory medical saving accounts (CMSA)","2,400.61"
"2013","Belgium","Euro per inhabitant","All providers of health care","Compulsory contributory health insurance schemes and compulsory medical saving accounts (CMSA)","2,428.41"
"2014","Belgium","Euro per inhabitant","All providers of health care","Compulsory contributory health insurance schemes and compulsory medical saving accounts (CMSA)","2,492.51"
"2015","Belgium","Euro per inhabitant","All providers of health care","Compulsory contributory health insurance schemes and compulsory medical saving accounts (CMSA)","2,231.44"
"2016","Belgium","Euro per inhabitant","All providers of health care","Compulsory contributory health insurance schemes and compulsory medical saving accounts (CMSA)","2,187.78"
"2017","Belgium","Euro per inhabitant","All providers of health care","Compulsory contributory health insurance schemes and compulsory medical saving accounts (CMSA)","2,258.92"
"2018","Belgium","Euro per inhabitant","All providers of health care","Compulsory contributory health insurance schemes and compulsory medical saving accounts (CMSA)","2,299.88"
"2003","Bulgaria","Euro per inhabitant","All providers of health care","Compulsory contributory health insurance schemes and compulsory medical saving accounts (CMSA)",":"
"2004","Bulgaria","Euro per inhabitant","All providers of health care","Compulsory contributory health insurance schemes and compulsory medical saving accounts (CMSA)",":"
"2005","Bulgaria","Euro per inhabitant","All providers of health care","Compulsory contributory health insurance schemes and compulsory medical saving accounts (CMSA)",":"
"2006","Bulgaria","Euro per inhabitant","All providers of health care","Compulsory contributory health insurance schemes and compulsory medical saving accounts (CMSA)",":"
"2007","Bulgaria","Euro per inhabitant","All providers of health care","Compulsory contributory health insurance schemes and compulsory medical saving accounts (CMSA)",":"
"2008","Bulgaria","Euro per inhabitant","All providers of health care","Compulsory contributory health insurance schemes and compulsory medical saving accounts (CMSA)",":"
"2009","Bulgaria","Euro per inhabitant","All providers of health care","Compulsory contributory health insurance schemes and compulsory medical saving accounts (CMSA)",":"
"2010","Bulgaria","Euro per inhabitant","All providers of health care","Compulsory contributory health insurance schemes and compulsory medical saving accounts (CMSA)",":"
"2011","Bulgaria","Euro per inhabitant","All providers of health care","Compulsory contributory health insurance schemes and compulsory medical saving accounts (CMSA)","155.74"
"2012","Bulgaria","Euro per inhabitant","All providers of health care","Compulsory contributory health insurance schemes and compulsory medical saving accounts (CMSA)","174.49"
"2013","Bulgaria","Euro per inhabitant","All providers of health care","Compulsory contributory health insurance schemes and compulsory medical saving accounts (CMSA)","192.12"
"2014","Bulgaria","Euro per inhabitant","All providers of health care","Compulsory contributory health insurance schemes and compulsory medical saving accounts (CMSA)","222.89"
"2015","Bulgaria","Euro per inhabitant","All providers of health care","Compulsory contributory health insurance schemes and compulsory medical saving accounts (CMSA)","216.79"
"2016","Bulgaria","Euro per inhabitant","All providers of health care","Compulsory contributory health insurance schemes and compulsory medical saving accounts (CMSA)","230.17"
"2017","Bulgaria","Euro per inhabitant","All providers of health care","Compulsory contributory health insurance schemes and compulsory medical saving accounts (CMSA)","253.17"
"2018","Bulgaria","Euro per inhabitant","All providers of health care","Compulsory contributory health insurance schemes and compulsory medical saving accounts (CMSA)","285.51"
"2003","Czechia","Euro per inhabitant","All providers of health care","Compulsory contributory health insurance schemes and compulsory medical saving accounts (CMSA)",":"
"2004","Czechia","Euro per inhabitant","All providers of health care","Compulsory contributory health insurance schemes and compulsory medical saving accounts (CMSA)",":"
"2005","Czechia","Euro per inhabitant","All providers of health care","Compulsory contributory health insurance schemes and compulsory medical saving accounts (CMSA)",":"
"2006","Czechia","Euro per inhabitant","All providers of health care","Compulsory contributory health insurance schemes and compulsory medical saving accounts (CMSA)",":"
"2007","Czechia","Euro per inhabitant","All providers of health care","Compulsory contributory health insurance schemes and compulsory medical saving accounts (CMSA)",":"
"2008","Czechia","Euro per inhabitant","All providers of health care","Compulsory contributory health insurance schemes and compulsory medical saving accounts (CMSA)",":"
"2009","Czechia","Euro per inhabitant","All providers of health care","Compulsory contributory health insurance schemes and compulsory medical saving accounts (CMSA)",":"
"2010","Czechia","Euro per inhabitant","All providers of health care","Compulsory contributory health insurance schemes and compulsory medical saving accounts (CMSA)",":"
"2011","Czechia","Euro per inhabitant","All providers of health care","Compulsory contributory health insurance schemes and compulsory medical saving accounts (CMSA)",":"
"2012","Czechia","Euro per inhabitant","All providers of health care","Compulsory contributory health insurance schemes and compulsory medical saving accounts (CMSA)",":"
"2013","Czechia","Euro per inhabitant","All providers of health care","Compulsory contributory health insurance schemes and compulsory medical saving accounts (CMSA)","829.22"
"2014","Czechia","Euro per inhabitant","All providers of health care","Compulsory contributory health insurance schemes and compulsory medical saving accounts (CMSA)","808.66"
"2015","Czechia","Euro per inhabitant","All providers of health care","Compulsory contributory health insurance schemes and compulsory medical saving accounts (CMSA)","814.04"
"2016","Czechia","Euro per inhabitant","All providers of health care","Compulsory contributory health insurance schemes and compulsory medical saving accounts (CMSA)","831.25"
"2017","Czechia","Euro per inhabitant","All providers of health care","Compulsory contributory health insurance schemes and compulsory medical saving accounts (CMSA)","903.22"
"2018","Czechia","Euro per inhabitant","All providers of health care","Compulsory contributory health insurance schemes and compulsory medical saving accounts (CMSA)",":"
"2003","Denmark","Euro per inhabitant","All providers of health care","Compulsory contributory health insurance schemes and compulsory medical saving accounts (CMSA)",":"
"2004","Denmark","Euro per inhabitant","All providers of health care","Compulsory contributory health insurance schemes and compulsory medical saving accounts (CMSA)",":"
"2005","Denmark","Euro per inhabitant","All providers of health care","Compulsory contributory health insurance schemes and compulsory medical saving accounts (CMSA)",":"
"2006","Denmark","Euro per inhabitant","All providers of health care","Compulsory contributory health insurance schemes and compulsory medical saving accounts (CMSA)",":"
"2007","Denmark","Euro per inhabitant","All providers of health care","Compulsory contributory health insurance schemes and compulsory medical saving accounts (CMSA)",":"
"2008","Denmark","Euro per inhabitant","All providers of health care","Compulsory contributory health insurance schemes and compulsory medical saving accounts (CMSA)",":"
"2009","Denmark","Euro per inhabitant","All providers of health care","Compulsory contributory health insurance schemes and compulsory medical saving accounts (CMSA)",":"
"2010","Denmark","Euro per inhabitant","All providers of health care","Compulsory contributory health insurance schemes and compulsory medical saving accounts (CMSA)","0.00"
"2011","Denmark","Euro per inhabitant","All providers of health care","Compulsory contributory health insurance schemes and compulsory medical saving accounts (CMSA)","0.00"
"2012","Denmark","Euro per inhabitant","All providers of health care","Compulsory contributory health insurance schemes and compulsory medical saving accounts (CMSA)","0.00"
"2013","Denmark","Euro per inhabitant","All providers of health care","Compulsory contributory health insurance schemes and compulsory medical saving accounts (CMSA)","0.00"
"2014","Denmark","Euro per inhabitant","All providers of health care","Compulsory contributory health insurance schemes and compulsory medical saving accounts (CMSA)","0.00"
"2015","Denmark","Euro per inhabitant","All providers of health care","Compulsory contributory health insurance schemes and compulsory medical saving accounts (CMSA)","0.00"
"2016","Denmark","Euro per inhabitant","All providers of health care","Compulsory contributory health insurance schemes and compulsory medical saving accounts (CMSA)","0.00"
"2017","Denmark","Euro per inhabitant","All providers of health care","Compulsory contributory health insurance schemes and compulsory medical saving accounts (CMSA)","0.00"
"2018","Denmark","Euro per inhabitant","All providers of health care","Compulsory contributory health insurance schemes and compulsory medical saving accounts (CMSA)","0.00"
"2003","Germany (until 1990 former territory of the FRG)","Euro per inhabitant","All providers of health care","Compulsory contributory health insurance schemes and compulsory medical saving accounts (CMSA)","1,934.96"
"2004","Germany (until 1990 former territory of the FRG)","Euro per inhabitant","All providers of health care","Compulsory contributory health insurance schemes and compulsory medical saving accounts (CMSA)","1,887.58"
"2005","Germany (until 1990 former territory of the FRG)","Euro per inhabitant","All providers of health care","Compulsory contributory health insurance schemes and compulsory medical saving accounts (CMSA)","1,943.54"
"2006","Germany (until 1990 former territory of the FRG)","Euro per inhabitant","All providers of health care","Compulsory contributory health insurance schemes and compulsory medical saving accounts (CMSA)","1,996.23"
"2007","Germany (until 1990 former territory of the FRG)","Euro per inhabitant","All providers of health care","Compulsory contributory health insurance schemes and compulsory medical saving accounts (CMSA)","2,071.61"
"2008","Germany (until 1990 former territory of the FRG)","Euro per inhabitant","All providers of health care","Compulsory contributory health insurance schemes and compulsory medical saving accounts (CMSA)","2,163.75"
"2009","Germany (until 1990 former territory of the FRG)","Euro per inhabitant","All providers of health care","Compulsory contributory health insurance schemes and compulsory medical saving accounts (CMSA)","2,567.19"
"2010","Germany (until 1990 former territory of the FRG)","Euro per inhabitant","All providers of health care","Compulsory contributory health insurance schemes and compulsory medical saving accounts (CMSA)","2,660.86"
"2011","Germany (until 1990 former territory of the FRG)","Euro per inhabitant","All providers of health care","Compulsory contributory health insurance schemes and compulsory medical saving accounts (CMSA)","2,760.45"
"2012","Germany (until 1990 former territory of the FRG)","Euro per inhabitant","All providers of health care","Compulsory contributory health insurance schemes and compulsory medical saving accounts (CMSA)","2,821.02"
"2013","Germany (until 1990 former territory of the FRG)","Euro per inhabitant","All providers of health care","Compulsory contributory health insurance schemes and compulsory medical saving accounts (CMSA)","2,951.58"
"2014","Germany (until 1990 former territory of the FRG)","Euro per inhabitant","All providers of health care","Compulsory contributory health insurance schemes and compulsory medical saving accounts (CMSA)","3,081.31"
"2015","Germany (until 1990 former territory of the FRG)","Euro per inhabitant","All providers of health care","Compulsory contributory health insurance schemes and compulsory medical saving accounts (CMSA)","3,203.03"
"2016","Germany (until 1990 former territory of the FRG)","Euro per inhabitant","All providers of health care","Compulsory contributory health insurance schemes and compulsory medical saving accounts (CMSA)","3,306.02"
"2017","Germany (until 1990 former territory of the FRG)","Euro per inhabitant","All providers of health care","Compulsory contributory health insurance schemes and compulsory medical saving accounts (CMSA)","3,480.75"
"2018","Germany (until 1990 former territory of the FRG)","Euro per inhabitant","All providers of health care","Compulsory contributory health insurance schemes and compulsory medical saving accounts (CMSA)",":"
"2003","Estonia","Euro per inhabitant","All providers of health care","Compulsory contributory health insurance schemes and compulsory medical saving accounts (CMSA)","207.69"
"2004","Estonia","Euro per inhabitant","All providers of health care","Compulsory contributory health insurance schemes and compulsory medical saving accounts (CMSA)","239.82"
"2005","Estonia","Euro per inhabitant","All providers of health care","Compulsory contributory health insurance schemes and compulsory medical saving accounts (CMSA)","274.42"
"2006","Estonia","Euro per inhabitant","All providers of health care","Compulsory contributory health insurance schemes and compulsory medical saving accounts (CMSA)","309.59"
"2007","Estonia","Euro per inhabitant","All providers of health care","Compulsory contributory health insurance schemes and compulsory medical saving accounts (CMSA)","396.73"
"2008","Estonia","Euro per inhabitant","All providers of health care","Compulsory contributory health insurance schemes and compulsory medical saving accounts (CMSA)","469.56"
"2009","Estonia","Euro per inhabitant","All providers of health care","Compulsory contributory health insurance schemes and compulsory medical saving accounts (CMSA)","466.22"
"2010","Estonia","Euro per inhabitant","All providers of health care","Compulsory contributory health insurance schemes and compulsory medical saving accounts (CMSA)","457.91"
"2011","Estonia","Euro per inhabitant","All providers of health care","Compulsory contributory health insurance schemes and compulsory medical saving accounts (CMSA)","480.24"
"2012","Estonia","Euro per inhabitant","All providers of health care","Compulsory contributory health insurance schemes and compulsory medical saving accounts (CMSA)","520.10"
"2013","Estonia","Euro per inhabitant","All providers of health care","Compulsory contributory health insurance schemes and compulsory medical saving accounts (CMSA)","558.36"
"2014","Estonia","Euro per inhabitant","All providers of health care","Compulsory contributory health insurance schemes and compulsory medical saving accounts (CMSA)","610.56"
"2015","Estonia","Euro per inhabitant","All providers of health care","Compulsory contributory health insurance schemes and compulsory medical saving accounts (CMSA)","649.93"
"2016","Estonia","Euro per inhabitant","All providers of health care","Compulsory contributory health insurance schemes and compulsory medical saving accounts (CMSA)","696.48"
"2017","Estonia","Euro per inhabitant","All providers of health care","Compulsory contributory health insurance schemes and compulsory medical saving accounts (CMSA)","741.97"
"2018","Estonia","Euro per inhabitant","All providers of health care","Compulsory contributory health insurance schemes and compulsory medical saving accounts (CMSA)",":"
"2003","Ireland","Euro per inhabitant","All providers of health care","Compulsory contributory health insurance schemes and compulsory medical saving accounts (CMSA)",":"
"2004","Ireland","Euro per inhabitant","All providers of health care","Compulsory contributory health insurance schemes and compulsory medical saving accounts (CMSA)",":"
"2005","Ireland","Euro per inhabitant","All providers of health care","Compulsory contributory health insurance schemes and compulsory medical saving accounts (CMSA)",":"
"2006","Ireland","Euro per inhabitant","All providers of health care","Compulsory contributory health insurance schemes and compulsory medical saving accounts (CMSA)",":"
"2007","Ireland","Euro per inhabitant","All providers of health care","Compulsory contributory health insurance schemes and compulsory medical saving accounts (CMSA)",":"
"2008","Ireland","Euro per inhabitant","All providers of health care","Compulsory contributory health insurance schemes and compulsory medical saving accounts (CMSA)",":"
"2009","Ireland","Euro per inhabitant","All providers of health care","Compulsory contributory health insurance schemes and compulsory medical saving accounts (CMSA)",":"
"2010","Ireland","Euro per inhabitant","All providers of health care","Compulsory contributory health insurance schemes and compulsory medical saving accounts (CMSA)",":"
"2011","Ireland","Euro per inhabitant","All providers of health care","Compulsory contributory health insurance schemes and compulsory medical saving accounts (CMSA)","12.27"
"2012","Ireland","Euro per inhabitant","All providers of health care","Compulsory contributory health insurance schemes and compulsory medical saving accounts (CMSA)","11.44"
"2013","Ireland","Euro per inhabitant","All providers of health care","Compulsory contributory health insurance schemes and compulsory medical saving accounts (CMSA)","13.00"
"2014","Ireland","Euro per inhabitant","All providers of health care","Compulsory contributory health insurance schemes and compulsory medical saving accounts (CMSA)","13.72"
"2015","Ireland","Euro per inhabitant","All providers of health care","Compulsory contributory health insurance schemes and compulsory medical saving accounts (CMSA)","12.78"
"2016","Ireland","Euro per inhabitant","All providers of health care","Compulsory contributory health insurance schemes and compulsory medical saving accounts (CMSA)","13.43"
"2017","Ireland","Euro per inhabitant","All providers of health care","Compulsory contributory health insurance schemes and compulsory medical saving accounts (CMSA)","16.13"
"2018","Ireland","Euro per inhabitant","All providers of health care","Compulsory contributory health insurance schemes and compulsory medical saving accounts (CMSA)","28.05"
"2003","Greece","Euro per inhabitant","All providers of health care","Compulsory contributory health insurance schemes and compulsory medical saving accounts (CMSA)",":"
"2004","Greece","Euro per inhabitant","All providers of health care","Compulsory contributory health insurance schemes and compulsory medical saving accounts (CMSA)",":"
"2005","Greece","Euro per inhabitant","All providers of health care","Compulsory contributory health insurance schemes and compulsory medical saving accounts (CMSA)",":"
"2006","Greece","Euro per inhabitant","All providers of health care","Compulsory contributory health insurance schemes and compulsory medical saving accounts (CMSA)",":"
"2007","Greece","Euro per inhabitant","All providers of health care","Compulsory contributory health insurance schemes and compulsory medical saving accounts (CMSA)",":"
"2008","Greece","Euro per inhabitant","All providers of health care","Compulsory contributory health insurance schemes and compulsory medical saving accounts (CMSA)",":"
"2009","Greece","Euro per inhabitant","All providers of health care","Compulsory contributory health insurance schemes and compulsory medical saving accounts (CMSA)","823.84"
"2010","Greece","Euro per inhabitant","All providers of health care","Compulsory contributory health insurance schemes and compulsory medical saving accounts (CMSA)","750.37"
"2011","Greece","Euro per inhabitant","All providers of health care","Compulsory contributory health insurance schemes and compulsory medical saving accounts (CMSA)","727.44"
"2012","Greece","Euro per inhabitant","All providers of health care","Compulsory contributory health insurance schemes and compulsory medical saving accounts (CMSA)","546.05"
"2013","Greece","Euro per inhabitant","All providers of health care","Compulsory contributory health insurance schemes and compulsory medical saving accounts (CMSA)","422.61"
"2014","Greece","Euro per inhabitant","All providers of health care","Compulsory contributory health insurance schemes and compulsory medical saving accounts (CMSA)","356.01"
"2015","Greece","Euro per inhabitant","All providers of health care","Compulsory contributory health insurance schemes and compulsory medical saving accounts (CMSA)","378.45"
"2016","Greece","Euro per inhabitant","All providers of health care","Compulsory contributory health insurance schemes and compulsory medical saving accounts (CMSA)","397.82"
"2017","Greece","Euro per inhabitant","All providers of health care","Compulsory contributory health insurance schemes and compulsory medical saving accounts (CMSA)","436.40"
"2018","Greece","Euro per inhabitant","All providers of health care","Compulsory contributory health insurance schemes and compulsory medical saving accounts (CMSA)","415.22"
"2003","Spain","Euro per inhabitant","All providers of health care","Compulsory contributory health insurance schemes and compulsory medical saving accounts (CMSA)","69.50"
"2004","Spain","Euro per inhabitant","All providers of health care","Compulsory contributory health insurance schemes and compulsory medical saving accounts (CMSA)","74.53"
"2005","Spain","Euro per inhabitant","All providers of health care","Compulsory contributory health insurance schemes and compulsory medical saving accounts (CMSA)","79.74"
"2006","Spain","Euro per inhabitant","All providers of health care","Compulsory contributory health insurance schemes and compulsory medical saving accounts (CMSA)","84.86"
"2007","Spain","Euro per inhabitant","All providers of health care","Compulsory contributory health insurance schemes and compulsory medical saving accounts (CMSA)","85.62"
"2008","Spain","Euro per inhabitant","All providers of health care","Compulsory contributory health insurance schemes and compulsory medical saving accounts (CMSA)","88.90"
"2009","Spain","Euro per inhabitant","All providers of health care","Compulsory contributory health insurance schemes and compulsory medical saving accounts (CMSA)","86.28"
"2010","Spain","Euro per inhabitant","All providers of health care","Compulsory contributory health insurance schemes and compulsory medical saving accounts (CMSA)","87.25"
"2011","Spain","Euro per inhabitant","All providers of health care","Compulsory contributory health insurance schemes and compulsory medical saving accounts (CMSA)","86.12"
"2012","Spain","Euro per inhabitant","All providers of health care","Compulsory contributory health insurance schemes and compulsory medical saving accounts (CMSA)","85.68"
"2013","Spain","Euro per inhabitant","All providers of health care","Compulsory contributory health insurance schemes and compulsory medical saving accounts (CMSA)","87.08"
"2014","Spain","Euro per inhabitant","All providers of health care","Compulsory contributory health insurance schemes and compulsory medical saving accounts (CMSA)","88.60"
"2015","Spain","Euro per inhabitant","All providers of health care","Compulsory contributory health insurance schemes and compulsory medical saving accounts (CMSA)","90.87"
"2016","Spain","Euro per inhabitant","All providers of health care","Compulsory contributory health insurance schemes and compulsory medical saving accounts (CMSA)","92.36"
"2017","Spain","Euro per inhabitant","All providers of health care","Compulsory contributory health insurance schemes and compulsory medical saving accounts (CMSA)","91.65"
"2018","Spain","Euro per inhabitant","All providers of health care","Compulsory contributory health insurance schemes and compulsory medical saving accounts (CMSA)",":"
"2003","France","Euro per inhabitant","All providers of health care","Compulsory contributory health insurance schemes and compulsory medical saving accounts (CMSA)",":"
"2004","France","Euro per inhabitant","All providers of health care","Compulsory contributory health insurance schemes and compulsory medical saving accounts (CMSA)",":"
"2005","France","Euro per inhabitant","All providers of health care","Compulsory contributory health insurance schemes and compulsory medical saving accounts (CMSA)",":"
"2006","France","Euro per inhabitant","All providers of health care","Compulsory contributory health insurance schemes and compulsory medical saving accounts (CMSA)","2,212.33"
"2007","France","Euro per inhabitant","All providers of health care","Compulsory contributory health insurance schemes and compulsory medical saving accounts (CMSA)","2,284.88"
"2008","France","Euro per inhabitant","All providers of health care","Compulsory contributory health insurance schemes and compulsory medical saving accounts (CMSA)","2,348.45"
"2009","France","Euro per inhabitant","All providers of health care","Compulsory contributory health insurance schemes and compulsory medical saving accounts (CMSA)","2,427.66"
"2010","France","Euro per inhabitant","All providers of health care","Compulsory contributory health insurance schemes and compulsory medical saving accounts (CMSA)","2,469.51"
"2011","France","Euro per inhabitant","All providers of health care","Compulsory contributory health insurance schemes and compulsory medical saving accounts (CMSA)","2,519.47"
"2012","France","Euro per inhabitant","All providers of health care","Compulsory contributory health insurance schemes and compulsory medical saving accounts (CMSA)","2,568.74"
"2013","France","Euro per inhabitant","All providers of health care","Compulsory contributory health insurance schemes and compulsory medical saving accounts (CMSA)","2,621.55"
"2014","France","Euro per inhabitant","All providers of health care","Compulsory contributory health insurance schemes and compulsory medical saving accounts (CMSA)","2,681.54"
"2015","France","Euro per inhabitant","All providers of health care","Compulsory contributory health insurance schemes and compulsory medical saving accounts (CMSA)","2,709.27"
"2016","France","Euro per inhabitant","All providers of health care","Compulsory contributory health insurance schemes and compulsory medical saving accounts (CMSA)","3,000.99"
"2017","France","Euro per inhabitant","All providers of health care","Compulsory contributory health insurance schemes and compulsory medical saving accounts (CMSA)","3,051.61"
"2018","France","Euro per inhabitant","All providers of health care","Compulsory contributory health insurance schemes and compulsory medical saving accounts (CMSA)","3,104.98"
"2003","Croatia","Euro per inhabitant","All providers of health care","Compulsory contributory health insurance schemes and compulsory medical saving accounts (CMSA)",":"
"2004","Croatia","Euro per inhabitant","All providers of health care","Compulsory contributory health insurance schemes and compulsory medical saving accounts (CMSA)",":"
"2005","Croatia","Euro per inhabitant","All providers of health care","Compulsory contributory health insurance schemes and compulsory medical saving accounts (CMSA)",":"
"2006","Croatia","Euro per inhabitant","All providers of health care","Compulsory contributory health insurance schemes and compulsory medical saving accounts (CMSA)",":"
"2007","Croatia","Euro per inhabitant","All providers of health care","Compulsory contributory health insurance schemes and compulsory medical saving accounts (CMSA)",":"
"2008","Croatia","Euro per inhabitant","All providers of health care","Compulsory contributory health insurance schemes and compulsory medical saving accounts (CMSA)",":"
"2009","Croatia","Euro per inhabitant","All providers of health care","Compulsory contributory health insurance schemes and compulsory medical saving accounts (CMSA)",":"
"2010","Croatia","Euro per inhabitant","All providers of health care","Compulsory contributory health insurance schemes and compulsory medical saving accounts (CMSA)",":"
"2011","Croatia","Euro per inhabitant","All providers of health care","Compulsory contributory health insurance schemes and compulsory medical saving accounts (CMSA)",":"
"2012","Croatia","Euro per inhabitant","All providers of health care","Compulsory contributory health insurance schemes and compulsory medical saving accounts (CMSA)",":"
"2013","Croatia","Euro per inhabitant","All providers of health care","Compulsory contributory health insurance schemes and compulsory medical saving accounts (CMSA)","551.35"
"2014","Croatia","Euro per inhabitant","All providers of health care","Compulsory contributory health insurance schemes and compulsory medical saving accounts (CMSA)","548.91"
"2015","Croatia","Euro per inhabitant","All providers of health care","Compulsory contributory health insurance schemes and compulsory medical saving accounts (CMSA)","573.90"
"2016","Croatia","Euro per inhabitant","All providers of health care","Compulsory contributory health insurance schemes and compulsory medical saving accounts (CMSA)","611.23"
"2017","Croatia","Euro per inhabitant","All providers of health care","Compulsory contributory health insurance schemes and compulsory medical saving accounts (CMSA)","611.56"
"2018","Croatia","Euro per inhabitant","All providers of health care","Compulsory contributory health insurance schemes and compulsory medical saving accounts (CMSA)","678.05"
"2003","Italy","Euro per inhabitant","All providers of health care","Compulsory contributory health insurance schemes and compulsory medical saving accounts (CMSA)",":"
"2004","Italy","Euro per inhabitant","All providers of health care","Compulsory contributory health insurance schemes and compulsory medical saving accounts (CMSA)",":"
"2005","Italy","Euro per inhabitant","All providers of health care","Compulsory contributory health insurance schemes and compulsory medical saving accounts (CMSA)",":"
"2006","Italy","Euro per inhabitant","All providers of health care","Compulsory contributory health insurance schemes and compulsory medical saving accounts (CMSA)",":"
"2007","Italy","Euro per inhabitant","All providers of health care","Compulsory contributory health insurance schemes and compulsory medical saving accounts (CMSA)",":"
"2008","Italy","Euro per inhabitant","All providers of health care","Compulsory contributory health insurance schemes and compulsory medical saving accounts (CMSA)",":"
"2009","Italy","Euro per inhabitant","All providers of health care","Compulsory contributory health insurance schemes and compulsory medical saving accounts (CMSA)",":"
"2010","Italy","Euro per inhabitant","All providers of health care","Compulsory contributory health insurance schemes and compulsory medical saving accounts (CMSA)",":"
"2011","Italy","Euro per inhabitant","All providers of health care","Compulsory contributory health insurance schemes and compulsory medical saving accounts (CMSA)",":"
"2012","Italy","Euro per inhabitant","All providers of health care","Compulsory contributory health insurance schemes and compulsory medical saving accounts (CMSA)","5.48"
"2013","Italy","Euro per inhabitant","All providers of health care","Compulsory contributory health insurance schemes and compulsory medical saving accounts (CMSA)","5.66"
"2014","Italy","Euro per inhabitant","All providers of health care","Compulsory contributory health insurance schemes and compulsory medical saving accounts (CMSA)","5.77"
"2015","Italy","Euro per inhabitant","All providers of health care","Compulsory contributory health insurance schemes and compulsory medical saving accounts (CMSA)","5.65"
"2016","Italy","Euro per inhabitant","All providers of health care","Compulsory contributory health insurance schemes and compulsory medical saving accounts (CMSA)","4.40"
"2017","Italy","Euro per inhabitant","All providers of health care","Compulsory contributory health insurance schemes and compulsory medical saving accounts (CMSA)","4.29"
"2018","Italy","Euro per inhabitant","All providers of health care","Compulsory contributory health insurance schemes and compulsory medical saving accounts (CMSA)","3.76"
"2003","Cyprus","Euro per inhabitant","All providers of health care","Compulsory contributory health insurance schemes and compulsory medical saving accounts (CMSA)",":"
"2004","Cyprus","Euro per inhabitant","All providers of health care","Compulsory contributory health insurance schemes and compulsory medical saving accounts (CMSA)",":"
"2005","Cyprus","Euro per inhabitant","All providers of health care","Compulsory contributory health insurance schemes and compulsory medical saving accounts (CMSA)",":"
"2006","Cyprus","Euro per inhabitant","All providers of health care","Compulsory contributory health insurance schemes and compulsory medical saving accounts (CMSA)",":"
"2007","Cyprus","Euro per inhabitant","All providers of health care","Compulsory contributory health insurance schemes and compulsory medical saving accounts (CMSA)",":"
"2008","Cyprus","Euro per inhabitant","All providers of health care","Compulsory contributory health insurance schemes and compulsory medical saving accounts (CMSA)",":"
"2009","Cyprus","Euro per inhabitant","All providers of health care","Compulsory contributory health insurance schemes and compulsory medical saving accounts (CMSA)",":"
"2010","Cyprus","Euro per inhabitant","All providers of health care","Compulsory contributory health insurance schemes and compulsory medical saving accounts (CMSA)","10.44"
"2011","Cyprus","Euro per inhabitant","All providers of health care","Compulsory contributory health insurance schemes and compulsory medical saving accounts (CMSA)","10.81"
"2012","Cyprus","Euro per inhabitant","All providers of health care","Compulsory contributory health insurance schemes and compulsory medical saving accounts (CMSA)","10.39"
"2013","Cyprus","Euro per inhabitant","All providers of health care","Compulsory contributory health insurance schemes and compulsory medical saving accounts (CMSA)","9.49"
"2014","Cyprus","Euro per inhabitant","All providers of health care","Compulsory contributory health insurance schemes and compulsory medical saving accounts (CMSA)","8.94"
"2015","Cyprus","Euro per inhabitant","All providers of health care","Compulsory contributory health insurance schemes and compulsory medical saving accounts (CMSA)","4.68"
"2016","Cyprus","Euro per inhabitant","All providers of health care","Compulsory contributory health insurance schemes and compulsory medical saving accounts (CMSA)","4.86"
"2017","Cyprus","Euro per inhabitant","All providers of health care","Compulsory contributory health insurance schemes and compulsory medical saving accounts (CMSA)","4.20"
"2018","Cyprus","Euro per inhabitant","All providers of health care","Compulsory contributory health insurance schemes and compulsory medical saving accounts (CMSA)","3.80"
"2003","Latvia","Euro per inhabitant","All providers of health care","Compulsory contributory health insurance schemes and compulsory medical saving accounts (CMSA)",":"
"2004","Latvia","Euro per inhabitant","All providers of health care","Compulsory contributory health insurance schemes and compulsory medical saving accounts (CMSA)",":"
"2005","Latvia","Euro per inhabitant","All providers of health care","Compulsory contributory health insurance schemes and compulsory medical saving accounts (CMSA)",":"
"2006","Latvia","Euro per inhabitant","All providers of health care","Compulsory contributory health insurance schemes and compulsory medical saving accounts (CMSA)",":"
"2007","Latvia","Euro per inhabitant","All providers of health care","Compulsory contributory health insurance schemes and compulsory medical saving accounts (CMSA)",":"
"2008","Latvia","Euro per inhabitant","All providers of health care","Compulsory contributory health insurance schemes and compulsory medical saving accounts (CMSA)",":"
"2009","Latvia","Euro per inhabitant","All providers of health care","Compulsory contributory health insurance schemes and compulsory medical saving accounts (CMSA)",":"
"2010","Latvia","Euro per inhabitant","All providers of health care","Compulsory contributory health insurance schemes and compulsory medical saving accounts (CMSA)",":"
"2011","Latvia","Euro per inhabitant","All providers of health care","Compulsory contributory health insurance schemes and compulsory medical saving accounts (CMSA)",":"
"2012","Latvia","Euro per inhabitant","All providers of health care","Compulsory contributory health insurance schemes and compulsory medical saving accounts (CMSA)",":"
"2013","Latvia","Euro per inhabitant","All providers of health care","Compulsory contributory health insurance schemes and compulsory medical saving accounts (CMSA)",":"
"2014","Latvia","Euro per inhabitant","All providers of health care","Compulsory contributory health insurance schemes and compulsory medical saving accounts (CMSA)",":"
"2015","Latvia","Euro per inhabitant","All providers of health care","Compulsory contributory health insurance schemes and compulsory medical saving accounts (CMSA)","0.00"
"2016","Latvia","Euro per inhabitant","All providers of health care","Compulsory contributory health insurance schemes and compulsory medical saving accounts (CMSA)","0.00"
"2017","Latvia","Euro per inhabitant","All providers of health care","Compulsory contributory health insurance schemes and compulsory medical saving accounts (CMSA)","0.00"
"2018","Latvia","Euro per inhabitant","All providers of health care","Compulsory contributory health insurance schemes and compulsory medical saving accounts (CMSA)",":"
"2003","Lithuania","Euro per inhabitant","All providers of health care","Compulsory contributory health insurance schemes and compulsory medical saving accounts (CMSA)",":"
"2004","Lithuania","Euro per inhabitant","All providers of health care","Compulsory contributory health insurance schemes and compulsory medical saving accounts (CMSA)",":"
"2005","Lithuania","Euro per inhabitant","All providers of health care","Compulsory contributory health insurance schemes and compulsory medical saving accounts (CMSA)",":"
"2006","Lithuania","Euro per inhabitant","All providers of health care","Compulsory contributory health insurance schemes and compulsory medical saving accounts (CMSA)","264.69"
"2007","Lithuania","Euro per inhabitant","All providers of health care","Compulsory contributory health insurance schemes and compulsory medical saving accounts (CMSA)","323.20"
"2008","Lithuania","Euro per inhabitant","All providers of health care","Compulsory contributory health insurance schemes and compulsory medical saving accounts (CMSA)","391.21"
"2009","Lithuania","Euro per inhabitant","All providers of health care","Compulsory contributory health insurance schemes and compulsory medical saving accounts (CMSA)","386.40"
"2010","Lithuania","Euro per inhabitant","All providers of health care","Compulsory contributory health insurance schemes and compulsory medical saving accounts (CMSA)","378.47"
"2011","Lithuania","Euro per inhabitant","All providers of health care","Compulsory contributory health insurance schemes and compulsory medical saving accounts (CMSA)","411.40"
"2012","Lithuania","Euro per inhabitant","All providers of health care","Compulsory contributory health insurance schemes and compulsory medical saving accounts (CMSA)","407.98"
"2013","Lithuania","Euro per inhabitant","All providers of health care","Compulsory contributory health insurance schemes and compulsory medical saving accounts (CMSA)","416.90"
"2014","Lithuania","Euro per inhabitant","All providers of health care","Compulsory contributory health insurance schemes and compulsory medical saving accounts (CMSA)","443.96"
"2015","Lithuania","Euro per inhabitant","All providers of health care","Compulsory contributory health insurance schemes and compulsory medical saving accounts (CMSA)","477.06"
"2016","Lithuania","Euro per inhabitant","All providers of health care","Compulsory contributory health insurance schemes and compulsory medical saving accounts (CMSA)","513.84"
"2017","Lithuania","Euro per inhabitant","All providers of health care","Compulsory contributory health insurance schemes and compulsory medical saving accounts (CMSA)","552.29"
"2018","Lithuania","Euro per inhabitant","All providers of health care","Compulsory contributory health insurance schemes and compulsory medical saving accounts (CMSA)","621.76"
"2003","Luxembourg","Euro per inhabitant","All providers of health care","Compulsory contributory health insurance schemes and compulsory medical saving accounts (CMSA)",":"
"2004","Luxembourg","Euro per inhabitant","All providers of health care","Compulsory contributory health insurance schemes and compulsory medical saving accounts (CMSA)",":"
"2005","Luxembourg","Euro per inhabitant","All providers of health care","Compulsory contributory health insurance schemes and compulsory medical saving accounts (CMSA)",":"
"2006","Luxembourg","Euro per inhabitant","All providers of health care","Compulsory contributory health insurance schemes and compulsory medical saving accounts (CMSA)",":"
"2007","Luxembourg","Euro per inhabitant","All providers of health care","Compulsory contributory health insurance schemes and compulsory medical saving accounts (CMSA)",":"
"2008","Luxembourg","Euro per inhabitant","All providers of health care","Compulsory contributory health insurance schemes and compulsory medical saving accounts (CMSA)",":"
"2009","Luxembourg","Euro per inhabitant","All providers of health care","Compulsory contributory health insurance schemes and compulsory medical saving accounts (CMSA)",":"
"2010","Luxembourg","Euro per inhabitant","All providers of health care","Compulsory contributory health insurance schemes and compulsory medical saving accounts (CMSA)",":"
"2011","Luxembourg","Euro per inhabitant","All providers of health care","Compulsory contributory health insurance schemes and compulsory medical saving accounts (CMSA)","3,890.36"
"2012","Luxembourg","Euro per inhabitant","All providers of health care","Compulsory contributory health insurance schemes and compulsory medical saving accounts (CMSA)","3,666.11"
"2013","Luxembourg","Euro per inhabitant","All providers of health care","Compulsory contributory health insurance schemes and compulsory medical saving accounts (CMSA)","3,749.43"
"2014","Luxembourg","Euro per inhabitant","All providers of health care","Compulsory contributory health insurance schemes and compulsory medical saving accounts (CMSA)","3,849.66"
"2015","Luxembourg","Euro per inhabitant","All providers of health care","Compulsory contributory health insurance schemes and compulsory medical saving accounts (CMSA)","3,821.32"
"2016","Luxembourg","Euro per inhabitant","All providers of health care","Compulsory contributory health insurance schemes and compulsory medical saving accounts (CMSA)","3,863.46"
"2017","Luxembourg","Euro per inhabitant","All providers of health care","Compulsory contributory health insurance schemes and compulsory medical saving accounts (CMSA)","3,967.71"
"2018","Luxembourg","Euro per inhabitant","All providers of health care","Compulsory contributory health insurance schemes and compulsory medical saving accounts (CMSA)","4,162.35"
"2003","Hungary","Euro per inhabitant","All providers of health care","Compulsory contributory health insurance schemes and compulsory medical saving accounts (CMSA)",":"
"2004","Hungary","Euro per inhabitant","All providers of health care","Compulsory contributory health insurance schemes and compulsory medical saving accounts (CMSA)",":"
"2005","Hungary","Euro per inhabitant","All providers of health care","Compulsory contributory health insurance schemes and compulsory medical saving accounts (CMSA)",":"
"2006","Hungary","Euro per inhabitant","All providers of health care","Compulsory contributory health insurance schemes and compulsory medical saving accounts (CMSA)","444.64"
"2007","Hungary","Euro per inhabitant","All providers of health care","Compulsory contributory health insurance schemes and compulsory medical saving accounts (CMSA)","433.54"
"2008","Hungary","Euro per inhabitant","All providers of health care","Compulsory contributory health insurance schemes and compulsory medical saving accounts (CMSA)","453.05"
"2009","Hungary","Euro per inhabitant","All providers of health care","Compulsory contributory health insurance schemes and compulsory medical saving accounts (CMSA)","401.20"
"2010","Hungary","Euro per inhabitant","All providers of health care","Compulsory contributory health insurance schemes and compulsory medical saving accounts (CMSA)","438.02"
"2011","Hungary","Euro per inhabitant","All providers of health care","Compulsory contributory health insurance schemes and compulsory medical saving accounts (CMSA)","448.19"
"2012","Hungary","Euro per inhabitant","All providers of health care","Compulsory contributory health insurance schemes and compulsory medical saving accounts (CMSA)","426.04"
"2013","Hungary","Euro per inhabitant","All providers of health care","Compulsory contributory health insurance schemes and compulsory medical saving accounts (CMSA)","432.04"
"2014","Hungary","Euro per inhabitant","All providers of health care","Compulsory contributory health insurance schemes and compulsory medical saving accounts (CMSA)","435.94"
"2015","Hungary","Euro per inhabitant","All providers of health care","Compulsory contributory health insurance schemes and compulsory medical saving accounts (CMSA)","445.76"
"2016","Hungary","Euro per inhabitant","All providers of health care","Compulsory contributory health insurance schemes and compulsory medical saving accounts (CMSA)","493.35"
"2017","Hungary","Euro per inhabitant","All providers of health care","Compulsory contributory health insurance schemes and compulsory medical saving accounts (CMSA)","531.10"
"2018","Hungary","Euro per inhabitant","All providers of health care","Compulsory contributory health insurance schemes and compulsory medical saving accounts (CMSA)","558.31"
"2003","Malta","Euro per inhabitant","All providers of health care","Compulsory contributory health insurance schemes and compulsory medical saving accounts (CMSA)",":"
"2004","Malta","Euro per inhabitant","All providers of health care","Compulsory contributory health insurance schemes and compulsory medical saving accounts (CMSA)",":"
"2005","Malta","Euro per inhabitant","All providers of health care","Compulsory contributory health insurance schemes and compulsory medical saving accounts (CMSA)",":"
"2006","Malta","Euro per inhabitant","All providers of health care","Compulsory contributory health insurance schemes and compulsory medical saving accounts (CMSA)",":"
"2007","Malta","Euro per inhabitant","All providers of health care","Compulsory contributory health insurance schemes and compulsory medical saving accounts (CMSA)",":"
"2008","Malta","Euro per inhabitant","All providers of health care","Compulsory contributory health insurance schemes and compulsory medical saving accounts (CMSA)",":"
"2009","Malta","Euro per inhabitant","All providers of health care","Compulsory contributory health insurance schemes and compulsory medical saving accounts (CMSA)",":"
"2010","Malta","Euro per inhabitant","All providers of health care","Compulsory contributory health insurance schemes and compulsory medical saving accounts (CMSA)",":"
"2011","Malta","Euro per inhabitant","All providers of health care","Compulsory contributory health insurance schemes and compulsory medical saving accounts (CMSA)",":"
"2012","Malta","Euro per inhabitant","All providers of health care","Compulsory contributory health insurance schemes and compulsory medical saving accounts (CMSA)",":"
"2013","Malta","Euro per inhabitant","All providers of health care","Compulsory contributory health insurance schemes and compulsory medical saving accounts (CMSA)",":"
"2014","Malta","Euro per inhabitant","All providers of health care","Compulsory contributory health insurance schemes and compulsory medical saving accounts (CMSA)","0.00"
"2015","Malta","Euro per inhabitant","All providers of health care","Compulsory contributory health insurance schemes and compulsory medical saving accounts (CMSA)","0.00"
"2016","Malta","Euro per inhabitant","All providers of health care","Compulsory contributory health insurance schemes and compulsory medical saving accounts (CMSA)","0.00"
"2017","Malta","Euro per inhabitant","All providers of health care","Compulsory contributory health insurance schemes and compulsory medical saving accounts (CMSA)","0.00"
"2018","Malta","Euro per inhabitant","All providers of health care","Compulsory contributory health insurance schemes and compulsory medical saving accounts (CMSA)",":"
"2003","Netherlands","Euro per inhabitant","All providers of health care","Compulsory contributory health insurance schemes and compulsory medical saving accounts (CMSA)","1,871.88"
"2004","Netherlands","Euro per inhabitant","All providers of health care","Compulsory contributory health insurance schemes and compulsory medical saving accounts (CMSA)","1,895.80"
"2005","Netherlands","Euro per inhabitant","All providers of health care","Compulsory contributory health insurance schemes and compulsory medical saving accounts (CMSA)","1,947.39"
"2006","Netherlands","Euro per inhabitant","All providers of health care","Compulsory contributory health insurance schemes and compulsory medical saving accounts (CMSA)","2,551.55"
"2007","Netherlands","Euro per inhabitant","All providers of health care","Compulsory contributory health insurance schemes and compulsory medical saving accounts (CMSA)","2,690.28"
"2008","Netherlands","Euro per inhabitant","All providers of health care","Compulsory contributory health insurance schemes and compulsory medical saving accounts (CMSA)","2,825.46"
"2009","Netherlands","Euro per inhabitant","All providers of health care","Compulsory contributory health insurance schemes and compulsory medical saving accounts (CMSA)","2,939.45"
"2010","Netherlands","Euro per inhabitant","All providers of health care","Compulsory contributory health insurance schemes and compulsory medical saving accounts (CMSA)","3,056.37"
"2011","Netherlands","Euro per inhabitant","All providers of health care","Compulsory contributory health insurance schemes and compulsory medical saving accounts (CMSA)","3,093.43"
"2012","Netherlands","Euro per inhabitant","All providers of health care","Compulsory contributory health insurance schemes and compulsory medical saving accounts (CMSA)","3,164.67"
"2013","Netherlands","Euro per inhabitant","All providers of health care","Compulsory contributory health insurance schemes and compulsory medical saving accounts (CMSA)","3,168.37"
"2014","Netherlands","Euro per inhabitant","All providers of health care","Compulsory contributory health insurance schemes and compulsory medical saving accounts (CMSA)","3,200.30"
"2015","Netherlands","Euro per inhabitant","All providers of health care","Compulsory contributory health insurance schemes and compulsory medical saving accounts (CMSA)","3,160.29"
"2016","Netherlands","Euro per inhabitant","All providers of health care","Compulsory contributory health insurance schemes and compulsory medical saving accounts (CMSA)","3,190.37"
"2017","Netherlands","Euro per inhabitant","All providers of health care","Compulsory contributory health insurance schemes and compulsory medical saving accounts (CMSA)","3,270.56"
"2018","Netherlands","Euro per inhabitant","All providers of health care","Compulsory contributory health insurance schemes and compulsory medical saving accounts (CMSA)","3,389.35"
"2003","Austria","Euro per inhabitant","All providers of health care","Compulsory contributory health insurance schemes and compulsory medical saving accounts (CMSA)",":"
"2004","Austria","Euro per inhabitant","All providers of health care","Compulsory contributory health insurance schemes and compulsory medical saving accounts (CMSA)","1,299.95"
"2005","Austria","Euro per inhabitant","All providers of health care","Compulsory contributory health insurance schemes and compulsory medical saving accounts (CMSA)","1,346.30"
"2006","Austria","Euro per inhabitant","All providers of health care","Compulsory contributory health insurance schemes and compulsory medical saving accounts (CMSA)","1,391.92"
"2007","Austria","Euro per inhabitant","All providers of health care","Compulsory contributory health insurance schemes and compulsory medical saving accounts (CMSA)","1,478.16"
"2008","Austria","Euro per inhabitant","All providers of health care","Compulsory contributory health insurance schemes and compulsory medical saving accounts (CMSA)","1,541.69"
"2009","Austria","Euro per inhabitant","All providers of health care","Compulsory contributory health insurance schemes and compulsory medical saving accounts (CMSA)","1,568.05"
"2010","Austria","Euro per inhabitant","All providers of health care","Compulsory contributory health insurance schemes and compulsory medical saving accounts (CMSA)","1,577.38"
"2011","Austria","Euro per inhabitant","All providers of health care","Compulsory contributory health insurance schemes and compulsory medical saving accounts (CMSA)","1,620.60"
"2012","Austria","Euro per inhabitant","All providers of health care","Compulsory contributory health insurance schemes and compulsory medical saving accounts (CMSA)","1,678.79"
"2013","Austria","Euro per inhabitant","All providers of health care","Compulsory contributory health insurance schemes and compulsory medical saving accounts (CMSA)","1,711.40"
"2014","Austria","Euro per inhabitant","All providers of health care","Compulsory contributory health insurance schemes and compulsory medical saving accounts (CMSA)","1,770.42"
"2015","Austria","Euro per inhabitant","All providers of health care","Compulsory contributory health insurance schemes and compulsory medical saving accounts (CMSA)","1,818.96"
"2016","Austria","Euro per inhabitant","All providers of health care","Compulsory contributory health insurance schemes and compulsory medical saving accounts (CMSA)","1,866.41"
"2017","Austria","Euro per inhabitant","All providers of health care","Compulsory contributory health insurance schemes and compulsory medical saving accounts (CMSA)","1,927.49"
"2018","Austria","Euro per inhabitant","All providers of health care","Compulsory contributory health insurance schemes and compulsory medical saving accounts (CMSA)","2,001.32"
"2003","Poland","Euro per inhabitant","All providers of health care","Compulsory contributory health insurance schemes and compulsory medical saving accounts (CMSA)",":"
"2004","Poland","Euro per inhabitant","All providers of health care","Compulsory contributory health insurance schemes and compulsory medical saving accounts (CMSA)",":"
"2005","Poland","Euro per inhabitant","All providers of health care","Compulsory contributory health insurance schemes and compulsory medical saving accounts (CMSA)",":"
"2006","Poland","Euro per inhabitant","All providers of health care","Compulsory contributory health insurance schemes and compulsory medical saving accounts (CMSA)",":"
"2007","Poland","Euro per inhabitant","All providers of health care","Compulsory contributory health insurance schemes and compulsory medical saving accounts (CMSA)",":"
"2008","Poland","Euro per inhabitant","All providers of health care","Compulsory contributory health insurance schemes and compulsory medical saving accounts (CMSA)",":"
"2009","Poland","Euro per inhabitant","All providers of health care","Compulsory contributory health insurance schemes and compulsory medical saving accounts (CMSA)",":"
"2010","Poland","Euro per inhabitant","All providers of health care","Compulsory contributory health insurance schemes and compulsory medical saving accounts (CMSA)",":"
"2011","Poland","Euro per inhabitant","All providers of health care","Compulsory contributory health insurance schemes and compulsory medical saving accounts (CMSA)",":"
"2012","Poland","Euro per inhabitant","All providers of health care","Compulsory contributory health insurance schemes and compulsory medical saving accounts (CMSA)",":"
"2013","Poland","Euro per inhabitant","All providers of health care","Compulsory contributory health insurance schemes and compulsory medical saving accounts (CMSA)","401.48"
"2014","Poland","Euro per inhabitant","All providers of health care","Compulsory contributory health insurance schemes and compulsory medical saving accounts (CMSA)","414.40"
"2015","Poland","Euro per inhabitant","All providers of health care","Compulsory contributory health insurance schemes and compulsory medical saving accounts (CMSA)","436.23"
"2016","Poland","Euro per inhabitant","All providers of health care","Compulsory contributory health insurance schemes and compulsory medical saving accounts (CMSA)","437.32"
"2017","Poland","Euro per inhabitant","All providers of health care","Compulsory contributory health insurance schemes and compulsory medical saving accounts (CMSA)",":"
"2018","Poland","Euro per inhabitant","All providers of health care","Compulsory contributory health insurance schemes and compulsory medical saving accounts (CMSA)",":"
"2003","Portugal","Euro per inhabitant","All providers of health care","Compulsory contributory health insurance schemes and compulsory medical saving accounts (CMSA)","9.99"
"2004","Portugal","Euro per inhabitant","All providers of health care","Compulsory contributory health insurance schemes and compulsory medical saving accounts (CMSA)","10.54"
"2005","Portugal","Euro per inhabitant","All providers of health care","Compulsory contributory health insurance schemes and compulsory medical saving accounts (CMSA)","10.87"
"2006","Portugal","Euro per inhabitant","All providers of health care","Compulsory contributory health insurance schemes and compulsory medical saving accounts (CMSA)","12.11"
"2007","Portugal","Euro per inhabitant","All providers of health care","Compulsory contributory health insurance schemes and compulsory medical saving accounts (CMSA)","12.84"
"2008","Portugal","Euro per inhabitant","All providers of health care","Compulsory contributory health insurance schemes and compulsory medical saving accounts (CMSA)","14.71"
"2009","Portugal","Euro per inhabitant","All providers of health care","Compulsory contributory health insurance schemes and compulsory medical saving accounts (CMSA)","17.21"
"2010","Portugal","Euro per inhabitant","All providers of health care","Compulsory contributory health insurance schemes and compulsory medical saving accounts (CMSA)","16.56"
"2011","Portugal","Euro per inhabitant","All providers of health care","Compulsory contributory health insurance schemes and compulsory medical saving accounts (CMSA)","17.02"
"2012","Portugal","Euro per inhabitant","All providers of health care","Compulsory contributory health insurance schemes and compulsory medical saving accounts (CMSA)","17.38"
"2013","Portugal","Euro per inhabitant","All providers of health care","Compulsory contributory health insurance schemes and compulsory medical saving accounts (CMSA)","17.38"
"2014","Portugal","Euro per inhabitant","All providers of health care","Compulsory contributory health insurance schemes and compulsory medical saving accounts (CMSA)","19.12"
"2015","Portugal","Euro per inhabitant","All providers of health care","Compulsory contributory health insurance schemes and compulsory medical saving accounts (CMSA)","19.24"
"2016","Portugal","Euro per inhabitant","All providers of health care","Compulsory contributory health insurance schemes and compulsory medical saving accounts (CMSA)","20.72"
"2017","Portugal","Euro per inhabitant","All providers of health care","Compulsory contributory health insurance schemes and compulsory medical saving accounts (CMSA)","22.49"
"2018","Portugal","Euro per inhabitant","All providers of health care","Compulsory contributory health insurance schemes and compulsory medical saving accounts (CMSA)",":"
"2003","Romania","Euro per inhabitant","All providers of health care","Compulsory contributory health insurance schemes and compulsory medical saving accounts (CMSA)",":"
"2004","Romania","Euro per inhabitant","All providers of health care","Compulsory contributory health insurance schemes and compulsory medical saving accounts (CMSA)",":"
"2005","Romania","Euro per inhabitant","All providers of health care","Compulsory contributory health insurance schemes and compulsory medical saving accounts (CMSA)",":"
"2006","Romania","Euro per inhabitant","All providers of health care","Compulsory contributory health insurance schemes and compulsory medical saving accounts (CMSA)",":"
"2007","Romania","Euro per inhabitant","All providers of health care","Compulsory contributory health insurance schemes and compulsory medical saving accounts (CMSA)",":"
"2008","Romania","Euro per inhabitant","All providers of health care","Compulsory contributory health insurance schemes and compulsory medical saving accounts (CMSA)",":"
"2009","Romania","Euro per inhabitant","All providers of health care","Compulsory contributory health insurance schemes and compulsory medical saving accounts (CMSA)",":"
"2010","Romania","Euro per inhabitant","All providers of health care","Compulsory contributory health insurance schemes and compulsory medical saving accounts (CMSA)",":"
"2011","Romania","Euro per inhabitant","All providers of health care","Compulsory contributory health insurance schemes and compulsory medical saving accounts (CMSA)","201.35"
"2012","Romania","Euro per inhabitant","All providers of health care","Compulsory contributory health insurance schemes and compulsory medical saving accounts (CMSA)","209.66"
"2013","Romania","Euro per inhabitant","All providers of health care","Compulsory contributory health insurance schemes and compulsory medical saving accounts (CMSA)","248.16"
"2014","Romania","Euro per inhabitant","All providers of health care","Compulsory contributory health insurance schemes and compulsory medical saving accounts (CMSA)","250.07"
"2015","Romania","Euro per inhabitant","All providers of health care","Compulsory contributory health insurance schemes and compulsory medical saving accounts (CMSA)","257.97"
"2016","Romania","Euro per inhabitant","All providers of health care","Compulsory contributory health insurance schemes and compulsory medical saving accounts (CMSA)","281.73"
"2017","Romania","Euro per inhabitant","All providers of health care","Compulsory contributory health insurance schemes and compulsory medical saving accounts (CMSA)","311.90"
"2018","Romania","Euro per inhabitant","All providers of health care","Compulsory contributory health insurance schemes and compulsory medical saving accounts (CMSA)","371.96"
"2003","Slovenia","Euro per inhabitant","All providers of health care","Compulsory contributory health insurance schemes and compulsory medical saving accounts (CMSA)",":"
"2004","Slovenia","Euro per inhabitant","All providers of health care","Compulsory contributory health insurance schemes and compulsory medical saving accounts (CMSA)",":"
"2005","Slovenia","Euro per inhabitant","All providers of health care","Compulsory contributory health insurance schemes and compulsory medical saving accounts (CMSA)",":"
"2006","Slovenia","Euro per inhabitant","All providers of health care","Compulsory contributory health insurance schemes and compulsory medical saving accounts (CMSA)",":"
"2007","Slovenia","Euro per inhabitant","All providers of health care","Compulsory contributory health insurance schemes and compulsory medical saving accounts (CMSA)",":"
"2008","Slovenia","Euro per inhabitant","All providers of health care","Compulsory contributory health insurance schemes and compulsory medical saving accounts (CMSA)",":"
"2009","Slovenia","Euro per inhabitant","All providers of health care","Compulsory contributory health insurance schemes and compulsory medical saving accounts (CMSA)",":"
"2010","Slovenia","Euro per inhabitant","All providers of health care","Compulsory contributory health insurance schemes and compulsory medical saving accounts (CMSA)",":"
"2011","Slovenia","Euro per inhabitant","All providers of health care","Compulsory contributory health insurance schemes and compulsory medical saving accounts (CMSA)",":"
"2012","Slovenia","Euro per inhabitant","All providers of health care","Compulsory contributory health insurance schemes and compulsory medical saving accounts (CMSA)",":"
"2013","Slovenia","Euro per inhabitant","All providers of health care","Compulsory contributory health insurance schemes and compulsory medical saving accounts (CMSA)",":"
"2014","Slovenia","Euro per inhabitant","All providers of health care","Compulsory contributory health insurance schemes and compulsory medical saving accounts (CMSA)","1,045.80"
"2015","Slovenia","Euro per inhabitant","All providers of health care","Compulsory contributory health insurance schemes and compulsory medical saving accounts (CMSA)","1,097.23"
"2016","Slovenia","Euro per inhabitant","All providers of health care","Compulsory contributory health insurance schemes and compulsory medical saving accounts (CMSA)","1,141.57"
"2017","Slovenia","Euro per inhabitant","All providers of health care","Compulsory contributory health insurance schemes and compulsory medical saving accounts (CMSA)","1,172.44"
"2018","Slovenia","Euro per inhabitant","All providers of health care","Compulsory contributory health insurance schemes and compulsory medical saving accounts (CMSA)",":"
"2003","Slovakia","Euro per inhabitant","All providers of health care","Compulsory contributory health insurance schemes and compulsory medical saving accounts (CMSA)",":"
"2004","Slovakia","Euro per inhabitant","All providers of health care","Compulsory contributory health insurance schemes and compulsory medical saving accounts (CMSA)",":"
"2005","Slovakia","Euro per inhabitant","All providers of health care","Compulsory contributory health insurance schemes and compulsory medical saving accounts (CMSA)",":"
"2006","Slovakia","Euro per inhabitant","All providers of health care","Compulsory contributory health insurance schemes and compulsory medical saving accounts (CMSA)",":"
"2007","Slovakia","Euro per inhabitant","All providers of health care","Compulsory contributory health insurance schemes and compulsory medical saving accounts (CMSA)",":"
"2008","Slovakia","Euro per inhabitant","All providers of health care","Compulsory contributory health insurance schemes and compulsory medical saving accounts (CMSA)",":"
"2009","Slovakia","Euro per inhabitant","All providers of health care","Compulsory contributory health insurance schemes and compulsory medical saving accounts (CMSA)",":"
"2010","Slovakia","Euro per inhabitant","All providers of health care","Compulsory contributory health insurance schemes and compulsory medical saving accounts (CMSA)",":"
"2011","Slovakia","Euro per inhabitant","All providers of health care","Compulsory contributory health insurance schemes and compulsory medical saving accounts (CMSA)",":"
"2012","Slovakia","Euro per inhabitant","All providers of health care","Compulsory contributory health insurance schemes and compulsory medical saving accounts (CMSA)","671.01"
"2013","Slovakia","Euro per inhabitant","All providers of health care","Compulsory contributory health insurance schemes and compulsory medical saving accounts (CMSA)","696.71"
"2014","Slovakia","Euro per inhabitant","All providers of health care","Compulsory contributory health insurance schemes and compulsory medical saving accounts (CMSA)","739.44"
"2015","Slovakia","Euro per inhabitant","All providers of health care","Compulsory contributory health insurance schemes and compulsory medical saving accounts (CMSA)","753.04"
"2016","Slovakia","Euro per inhabitant","All providers of health care","Compulsory contributory health insurance schemes and compulsory medical saving accounts (CMSA)","810.53"
"2017","Slovakia","Euro per inhabitant","All providers of health care","Compulsory contributory health insurance schemes and compulsory medical saving accounts (CMSA)","815.39"
"2018","Slovakia","Euro per inhabitant","All providers of health care","Compulsory contributory health insurance schemes and compulsory medical saving accounts (CMSA)",":"
"2003","Finland","Euro per inhabitant","All providers of health care","Compulsory contributory health insurance schemes and compulsory medical saving accounts (CMSA)","356.82"
"2004","Finland","Euro per inhabitant","All providers of health care","Compulsory contributory health insurance schemes and compulsory medical saving accounts (CMSA)","383.90"
"2005","Finland","Euro per inhabitant","All providers of health care","Compulsory contributory health insurance schemes and compulsory medical saving accounts (CMSA)","405.15"
"2006","Finland","Euro per inhabitant","All providers of health care","Compulsory contributory health insurance schemes and compulsory medical saving accounts (CMSA)","426.52"
"2007","Finland","Euro per inhabitant","All providers of health care","Compulsory contributory health insurance schemes and compulsory medical saving accounts (CMSA)","446.49"
"2008","Finland","Euro per inhabitant","All providers of health care","Compulsory contributory health insurance schemes and compulsory medical saving accounts (CMSA)","483.04"
"2009","Finland","Euro per inhabitant","All providers of health care","Compulsory contributory health insurance schemes and compulsory medical saving accounts (CMSA)","485.91"
"2010","Finland","Euro per inhabitant","All providers of health care","Compulsory contributory health insurance schemes and compulsory medical saving accounts (CMSA)","484.65"
"2011","Finland","Euro per inhabitant","All providers of health care","Compulsory contributory health insurance schemes and compulsory medical saving accounts (CMSA)","500.99"
"2012","Finland","Euro per inhabitant","All providers of health care","Compulsory contributory health insurance schemes and compulsory medical saving accounts (CMSA)","516.20"
"2013","Finland","Euro per inhabitant","All providers of health care","Compulsory contributory health insurance schemes and compulsory medical saving accounts (CMSA)","512.78"
"2014","Finland","Euro per inhabitant","All providers of health care","Compulsory contributory health insurance schemes and compulsory medical saving accounts (CMSA)","520.44"
"2015","Finland","Euro per inhabitant","All providers of health care","Compulsory contributory health insurance schemes and compulsory medical saving accounts (CMSA)","531.88"
"2016","Finland","Euro per inhabitant","All providers of health care","Compulsory contributory health insurance schemes and compulsory medical saving accounts (CMSA)","516.38"
"2017","Finland","Euro per inhabitant","All providers of health care","Compulsory contributory health insurance schemes and compulsory medical saving accounts (CMSA)","506.01"
"2018","Finland","Euro per inhabitant","All providers of health care","Compulsory contributory health insurance schemes and compulsory medical saving accounts (CMSA)",":"
"2003","Sweden","Euro per inhabitant","All providers of health care","Compulsory contributory health insurance schemes and compulsory medical saving accounts (CMSA)",":"
"2004","Sweden","Euro per inhabitant","All providers of health care","Compulsory contributory health insurance schemes and compulsory medical saving accounts (CMSA)",":"
"2005","Sweden","Euro per inhabitant","All providers of health care","Compulsory contributory health insurance schemes and compulsory medical saving accounts (CMSA)",":"
"2006","Sweden","Euro per inhabitant","All providers of health care","Compulsory contributory health insurance schemes and compulsory medical saving accounts (CMSA)",":"
"2007","Sweden","Euro per inhabitant","All providers of health care","Compulsory contributory health insurance schemes and compulsory medical saving accounts (CMSA)",":"
"2008","Sweden","Euro per inhabitant","All providers of health care","Compulsory contributory health insurance schemes and compulsory medical saving accounts (CMSA)",":"
"2009","Sweden","Euro per inhabitant","All providers of health care","Compulsory contributory health insurance schemes and compulsory medical saving accounts (CMSA)",":"
"2010","Sweden","Euro per inhabitant","All providers of health care","Compulsory contributory health insurance schemes and compulsory medical saving accounts (CMSA)",":"
"2011","Sweden","Euro per inhabitant","All providers of health care","Compulsory contributory health insurance schemes and compulsory medical saving accounts (CMSA)","0.00"
"2012","Sweden","Euro per inhabitant","All providers of health care","Compulsory contributory health insurance schemes and compulsory medical saving accounts (CMSA)","0.00"
"2013","Sweden","Euro per inhabitant","All providers of health care","Compulsory contributory health insurance schemes and compulsory medical saving accounts (CMSA)","0.00"
"2014","Sweden","Euro per inhabitant","All providers of health care","Compulsory contributory health insurance schemes and compulsory medical saving accounts (CMSA)","0.00"
"2015","Sweden","Euro per inhabitant","All providers of health care","Compulsory contributory health insurance schemes and compulsory medical saving accounts (CMSA)","0.00"
"2016","Sweden","Euro per inhabitant","All providers of health care","Compulsory contributory health insurance schemes and compulsory medical saving accounts (CMSA)","0.00"
"2017","Sweden","Euro per inhabitant","All providers of health care","Compulsory contributory health insurance schemes and compulsory medical saving accounts (CMSA)","0.00"
"2018","Sweden","Euro per inhabitant","All providers of health care","Compulsory contributory health insurance schemes and compulsory medical saving accounts (CMSA)","0.00"
"2003","United Kingdom","Euro per inhabitant","All providers of health care","Compulsory contributory health insurance schemes and compulsory medical saving accounts (CMSA)",":"
"2004","United Kingdom","Euro per inhabitant","All providers of health care","Compulsory contributory health insurance schemes and compulsory medical saving accounts (CMSA)",":"
"2005","United Kingdom","Euro per inhabitant","All providers of health care","Compulsory contributory health insurance schemes and compulsory medical saving accounts (CMSA)",":"
"2006","United Kingdom","Euro per inhabitant","All providers of health care","Compulsory contributory health insurance schemes and compulsory medical saving accounts (CMSA)",":"
"2007","United Kingdom","Euro per inhabitant","All providers of health care","Compulsory contributory health insurance schemes and compulsory medical saving accounts (CMSA)",":"
"2008","United Kingdom","Euro per inhabitant","All providers of health care","Compulsory contributory health insurance schemes and compulsory medical saving accounts (CMSA)",":"
"2009","United Kingdom","Euro per inhabitant","All providers of health care","Compulsory contributory health insurance schemes and compulsory medical saving accounts (CMSA)",":"
"2010","United Kingdom","Euro per inhabitant","All providers of health care","Compulsory contributory health insurance schemes and compulsory medical saving accounts (CMSA)",":"
"2011","United Kingdom","Euro per inhabitant","All providers of health care","Compulsory contributory health insurance schemes and compulsory medical saving accounts (CMSA)",":"
"2012","United Kingdom","Euro per inhabitant","All providers of health care","Compulsory contributory health insurance schemes and compulsory medical saving accounts (CMSA)",":"
"2013","United Kingdom","Euro per inhabitant","All providers of health care","Compulsory contributory health insurance schemes and compulsory medical saving accounts (CMSA)","0.00"
"2014","United Kingdom","Euro per inhabitant","All providers of health care","Compulsory contributory health insurance schemes and compulsory medical saving accounts (CMSA)","0.00"
"2015","United Kingdom","Euro per inhabitant","All providers of health care","Compulsory contributory health insurance schemes and compulsory medical saving accounts (CMSA)","0.00"
"2016","United Kingdom","Euro per inhabitant","All providers of health care","Compulsory contributory health insurance schemes and compulsory medical saving accounts (CMSA)","0.00"
"2017","United Kingdom","Euro per inhabitant","All providers of health care","Compulsory contributory health insurance schemes and compulsory medical saving accounts (CMSA)","0.00"
"2018","United Kingdom","Euro per inhabitant","All providers of health care","Compulsory contributory health insurance schemes and compulsory medical saving accounts (CMSA)",":"
"2003","Iceland","Euro per inhabitant","All providers of health care","Compulsory contributory health insurance schemes and compulsory medical saving accounts (CMSA)",":"
"2004","Iceland","Euro per inhabitant","All providers of health care","Compulsory contributory health insurance schemes and compulsory medical saving accounts (CMSA)",":"
"2005","Iceland","Euro per inhabitant","All providers of health care","Compulsory contributory health insurance schemes and compulsory medical saving accounts (CMSA)",":"
"2006","Iceland","Euro per inhabitant","All providers of health care","Compulsory contributory health insurance schemes and compulsory medical saving accounts (CMSA)",":"
"2007","Iceland","Euro per inhabitant","All providers of health care","Compulsory contributory health insurance schemes and compulsory medical saving accounts (CMSA)",":"
"2008","Iceland","Euro per inhabitant","All providers of health care","Compulsory contributory health insurance schemes and compulsory medical saving accounts (CMSA)",":"
"2009","Iceland","Euro per inhabitant","All providers of health care","Compulsory contributory health insurance schemes and compulsory medical saving accounts (CMSA)",":"
"2010","Iceland","Euro per inhabitant","All providers of health care","Compulsory contributory health insurance schemes and compulsory medical saving accounts (CMSA)",":"
"2011","Iceland","Euro per inhabitant","All providers of health care","Compulsory contributory health insurance schemes and compulsory medical saving accounts (CMSA)","0.00"
"2012","Iceland","Euro per inhabitant","All providers of health care","Compulsory contributory health insurance schemes and compulsory medical saving accounts (CMSA)","0.00"
"2013","Iceland","Euro per inhabitant","All providers of health care","Compulsory contributory health insurance schemes and compulsory medical saving accounts (CMSA)","0.00"
"2014","Iceland","Euro per inhabitant","All providers of health care","Compulsory contributory health insurance schemes and compulsory medical saving accounts (CMSA)","0.00"
"2015","Iceland","Euro per inhabitant","All providers of health care","Compulsory contributory health insurance schemes and compulsory medical saving accounts (CMSA)","0.00"
"2016","Iceland","Euro per inhabitant","All providers of health care","Compulsory contributory health insurance schemes and compulsory medical saving accounts (CMSA)","0.00"
"2017","Iceland","Euro per inhabitant","All providers of health care","Compulsory contributory health insurance schemes and compulsory medical saving accounts (CMSA)","0.00"
"2018","Iceland","Euro per inhabitant","All providers of health care","Compulsory contributory health insurance schemes and compulsory medical saving accounts (CMSA)","0.00"
"2003","Liechtenstein","Euro per inhabitant","All providers of health care","Compulsory contributory health insurance schemes and compulsory medical saving accounts (CMSA)",":"
"2004","Liechtenstein","Euro per inhabitant","All providers of health care","Compulsory contributory health insurance schemes and compulsory medical saving accounts (CMSA)",":"
"2005","Liechtenstein","Euro per inhabitant","All providers of health care","Compulsory contributory health insurance schemes and compulsory medical saving accounts (CMSA)",":"
"2006","Liechtenstein","Euro per inhabitant","All providers of health care","Compulsory contributory health insurance schemes and compulsory medical saving accounts (CMSA)",":"
"2007","Liechtenstein","Euro per inhabitant","All providers of health care","Compulsory contributory health insurance schemes and compulsory medical saving accounts (CMSA)",":"
"2008","Liechtenstein","Euro per inhabitant","All providers of health care","Compulsory contributory health insurance schemes and compulsory medical saving accounts (CMSA)",":"
"2009","Liechtenstein","Euro per inhabitant","All providers of health care","Compulsory contributory health insurance schemes and compulsory medical saving accounts (CMSA)",":"
"2010","Liechtenstein","Euro per inhabitant","All providers of health care","Compulsory contributory health insurance schemes and compulsory medical saving accounts (CMSA)",":"
"2011","Liechtenstein","Euro per inhabitant","All providers of health care","Compulsory contributory health insurance schemes and compulsory medical saving accounts (CMSA)",":"
"2012","Liechtenstein","Euro per inhabitant","All providers of health care","Compulsory contributory health insurance schemes and compulsory medical saving accounts (CMSA)",":"
"2013","Liechtenstein","Euro per inhabitant","All providers of health care","Compulsory contributory health insurance schemes and compulsory medical saving accounts (CMSA)","3,809.70"
"2014","Liechtenstein","Euro per inhabitant","All providers of health care","Compulsory contributory health insurance schemes and compulsory medical saving accounts (CMSA)","3,884.85"
"2015","Liechtenstein","Euro per inhabitant","All providers of health care","Compulsory contributory health insurance schemes and compulsory medical saving accounts (CMSA)","4,397.33"
"2016","Liechtenstein","Euro per inhabitant","All providers of health care","Compulsory contributory health insurance schemes and compulsory medical saving accounts (CMSA)","4,371.65"
"2017","Liechtenstein","Euro per inhabitant","All providers of health care","Compulsory contributory health insurance schemes and compulsory medical saving accounts (CMSA)","4,118.08"
"2018","Liechtenstein","Euro per inhabitant","All providers of health care","Compulsory contributory health insurance schemes and compulsory medical saving accounts (CMSA)",":"
"2003","Norway","Euro per inhabitant","All providers of health care","Compulsory contributory health insurance schemes and compulsory medical saving accounts (CMSA)",":"
"2004","Norway","Euro per inhabitant","All providers of health care","Compulsory contributory health insurance schemes and compulsory medical saving accounts (CMSA)",":"
"2005","Norway","Euro per inhabitant","All providers of health care","Compulsory contributory health insurance schemes and compulsory medical saving accounts (CMSA)",":"
"2006","Norway","Euro per inhabitant","All providers of health care","Compulsory contributory health insurance schemes and compulsory medical saving accounts (CMSA)",":"
"2007","Norway","Euro per inhabitant","All providers of health care","Compulsory contributory health insurance schemes and compulsory medical saving accounts (CMSA)",":"
"2008","Norway","Euro per inhabitant","All providers of health care","Compulsory contributory health insurance schemes and compulsory medical saving accounts (CMSA)",":"
"2009","Norway","Euro per inhabitant","All providers of health care","Compulsory contributory health insurance schemes and compulsory medical saving accounts (CMSA)",":"
"2010","Norway","Euro per inhabitant","All providers of health care","Compulsory contributory health insurance schemes and compulsory medical saving accounts (CMSA)",":"
"2011","Norway","Euro per inhabitant","All providers of health care","Compulsory contributory health insurance schemes and compulsory medical saving accounts (CMSA)",":"
"2012","Norway","Euro per inhabitant","All providers of health care","Compulsory contributory health insurance schemes and compulsory medical saving accounts (CMSA)",":"
"2013","Norway","Euro per inhabitant","All providers of health care","Compulsory contributory health insurance schemes and compulsory medical saving accounts (CMSA)",":"
"2014","Norway","Euro per inhabitant","All providers of health care","Compulsory contributory health insurance schemes and compulsory medical saving accounts (CMSA)",":"
"2015","Norway","Euro per inhabitant","All providers of health care","Compulsory contributory health insurance schemes and compulsory medical saving accounts (CMSA)",":"
"2016","Norway","Euro per inhabitant","All providers of health care","Compulsory contributory health insurance schemes and compulsory medical saving accounts (CMSA)","0.00"
"2017","Norway","Euro per inhabitant","All providers of health care","Compulsory contributory health insurance schemes and compulsory medical saving accounts (CMSA)","0.00"
"2018","Norway","Euro per inhabitant","All providers of health care","Compulsory contributory health insurance schemes and compulsory medical saving accounts (CMSA)","0.00"
"2003","Switzerland","Euro per inhabitant","All providers of health care","Compulsory contributory health insurance schemes and compulsory medical saving accounts (CMSA)",":"
"2004","Switzerland","Euro per inhabitant","All providers of health care","Compulsory contributory health insurance schemes and compulsory medical saving accounts (CMSA)",":"
"2005","Switzerland","Euro per inhabitant","All providers of health care","Compulsory contributory health insurance schemes and compulsory medical saving accounts (CMSA)",":"
"2006","Switzerland","Euro per inhabitant","All providers of health care","Compulsory contributory health insurance schemes and compulsory medical saving accounts (CMSA)",":"
"2007","Switzerland","Euro per inhabitant","All providers of health care","Compulsory contributory health insurance schemes and compulsory medical saving accounts (CMSA)",":"
"2008","Switzerland","Euro per inhabitant","All providers of health care","Compulsory contributory health insurance schemes and compulsory medical saving accounts (CMSA)",":"
"2009","Switzerland","Euro per inhabitant","All providers of health care","Compulsory contributory health insurance schemes and compulsory medical saving accounts (CMSA)",":"
"2010","Switzerland","Euro per inhabitant","All providers of health care","Compulsory contributory health insurance schemes and compulsory medical saving accounts (CMSA)","2,451.87"
"2011","Switzerland","Euro per inhabitant","All providers of health care","Compulsory contributory health insurance schemes and compulsory medical saving accounts (CMSA)","2,784.38"
"2012","Switzerland","Euro per inhabitant","All providers of health care","Compulsory contributory health insurance schemes and compulsory medical saving accounts (CMSA)","2,913.60"
"2013","Switzerland","Euro per inhabitant","All providers of health care","Compulsory contributory health insurance schemes and compulsory medical saving accounts (CMSA)","3,032.60"
"2014","Switzerland","Euro per inhabitant","All providers of health care","Compulsory contributory health insurance schemes and compulsory medical saving accounts (CMSA)","3,103.28"
"2015","Switzerland","Euro per inhabitant","All providers of health care","Compulsory contributory health insurance schemes and compulsory medical saving accounts (CMSA)","3,667.70"
"2016","Switzerland","Euro per inhabitant","All providers of health care","Compulsory contributory health insurance schemes and compulsory medical saving accounts (CMSA)","3,695.20"
"2017","Switzerland","Euro per inhabitant","All providers of health care","Compulsory contributory health insurance schemes and compulsory medical saving accounts (CMSA)","3,675.25"
"2018","Switzerland","Euro per inhabitant","All providers of health care","Compulsory contributory health insurance schemes and compulsory medical saving accounts (CMSA)",":"
