"TIME","GEO","UNIT","ICHA11_HP","ICHA11_HF","Value"
"2003","Belgium","Purchasing power standard (PPS) per inhabitant","All providers of health care","All financing schemes","2,358.16"
"2004","Belgium","Purchasing power standard (PPS) per inhabitant","All providers of health care","All financing schemes","2,460.63"
"2005","Belgium","Purchasing power standard (PPS) per inhabitant","All providers of health care","All financing schemes","2,535.81"
"2006","Belgium","Purchasing power standard (PPS) per inhabitant","All providers of health care","All financing schemes","2,657.90"
"2007","Belgium","Purchasing power standard (PPS) per inhabitant","All providers of health care","All financing schemes","2,745.16"
"2008","Belgium","Purchasing power standard (PPS) per inhabitant","All providers of health care","All financing schemes","2,846.51"
"2009","Belgium","Purchasing power standard (PPS) per inhabitant","All providers of health care","All financing schemes","2,923.72"
"2010","Belgium","Purchasing power standard (PPS) per inhabitant","All providers of health care","All financing schemes","3,047.95"
"2011","Belgium","Purchasing power standard (PPS) per inhabitant","All providers of health care","All financing schemes","3,149.54"
"2012","Belgium","Purchasing power standard (PPS) per inhabitant","All providers of health care","All financing schemes","3,276.29"
"2013","Belgium","Purchasing power standard (PPS) per inhabitant","All providers of health care","All financing schemes","3,350.50"
"2014","Belgium","Purchasing power standard (PPS) per inhabitant","All providers of health care","All financing schemes","3,447.30"
"2015","Belgium","Purchasing power standard (PPS) per inhabitant","All providers of health care","All financing schemes","3,625.70"
"2016","Belgium","Purchasing power standard (PPS) per inhabitant","All providers of health care","All financing schemes","3,528.54"
"2017","Belgium","Purchasing power standard (PPS) per inhabitant","All providers of health care","All financing schemes","3,617.57"
"2018","Belgium","Purchasing power standard (PPS) per inhabitant","All providers of health care","All financing schemes","3,667.33"
"2003","Bulgaria","Purchasing power standard (PPS) per inhabitant","All providers of health care","All financing schemes",":"
"2004","Bulgaria","Purchasing power standard (PPS) per inhabitant","All providers of health care","All financing schemes",":"
"2005","Bulgaria","Purchasing power standard (PPS) per inhabitant","All providers of health care","All financing schemes",":"
"2006","Bulgaria","Purchasing power standard (PPS) per inhabitant","All providers of health care","All financing schemes",":"
"2007","Bulgaria","Purchasing power standard (PPS) per inhabitant","All providers of health care","All financing schemes",":"
"2008","Bulgaria","Purchasing power standard (PPS) per inhabitant","All providers of health care","All financing schemes",":"
"2009","Bulgaria","Purchasing power standard (PPS) per inhabitant","All providers of health care","All financing schemes",":"
"2010","Bulgaria","Purchasing power standard (PPS) per inhabitant","All providers of health care","All financing schemes",":"
"2011","Bulgaria","Purchasing power standard (PPS) per inhabitant","All providers of health care","All financing schemes","881.35"
"2012","Bulgaria","Purchasing power standard (PPS) per inhabitant","All providers of health care","All financing schemes","969.81"
"2013","Bulgaria","Purchasing power standard (PPS) per inhabitant","All providers of health care","All financing schemes","936.16"
"2014","Bulgaria","Purchasing power standard (PPS) per inhabitant","All providers of health care","All financing schemes","1,073.63"
"2015","Bulgaria","Purchasing power standard (PPS) per inhabitant","All providers of health care","All financing schemes","1,119.53"
"2016","Bulgaria","Purchasing power standard (PPS) per inhabitant","All providers of health care","All financing schemes","1,180.57"
"2017","Bulgaria","Purchasing power standard (PPS) per inhabitant","All providers of health care","All financing schemes","1,217.65"
"2018","Bulgaria","Purchasing power standard (PPS) per inhabitant","All providers of health care","All financing schemes","1,268.51"
"2003","Czechia","Purchasing power standard (PPS) per inhabitant","All providers of health care","All financing schemes",":"
"2004","Czechia","Purchasing power standard (PPS) per inhabitant","All providers of health care","All financing schemes",":"
"2005","Czechia","Purchasing power standard (PPS) per inhabitant","All providers of health care","All financing schemes",":"
"2006","Czechia","Purchasing power standard (PPS) per inhabitant","All providers of health care","All financing schemes",":"
"2007","Czechia","Purchasing power standard (PPS) per inhabitant","All providers of health care","All financing schemes",":"
"2008","Czechia","Purchasing power standard (PPS) per inhabitant","All providers of health care","All financing schemes",":"
"2009","Czechia","Purchasing power standard (PPS) per inhabitant","All providers of health care","All financing schemes",":"
"2010","Czechia","Purchasing power standard (PPS) per inhabitant","All providers of health care","All financing schemes",":"
"2011","Czechia","Purchasing power standard (PPS) per inhabitant","All providers of health care","All financing schemes",":"
"2012","Czechia","Purchasing power standard (PPS) per inhabitant","All providers of health care","All financing schemes",":"
"2013","Czechia","Purchasing power standard (PPS) per inhabitant","All providers of health care","All financing schemes","1,849.01"
"2014","Czechia","Purchasing power standard (PPS) per inhabitant","All providers of health care","All financing schemes","1,954.71"
"2015","Czechia","Purchasing power standard (PPS) per inhabitant","All providers of health care","All financing schemes","1,982.37"
"2016","Czechia","Purchasing power standard (PPS) per inhabitant","All providers of health care","All financing schemes","1,971.31"
"2017","Czechia","Purchasing power standard (PPS) per inhabitant","All providers of health care","All financing schemes","2,095.92"
"2018","Czechia","Purchasing power standard (PPS) per inhabitant","All providers of health care","All financing schemes",":"
"2003","Denmark","Purchasing power standard (PPS) per inhabitant","All providers of health care","All financing schemes",":"
"2004","Denmark","Purchasing power standard (PPS) per inhabitant","All providers of health care","All financing schemes",":"
"2005","Denmark","Purchasing power standard (PPS) per inhabitant","All providers of health care","All financing schemes",":"
"2006","Denmark","Purchasing power standard (PPS) per inhabitant","All providers of health care","All financing schemes",":"
"2007","Denmark","Purchasing power standard (PPS) per inhabitant","All providers of health care","All financing schemes",":"
"2008","Denmark","Purchasing power standard (PPS) per inhabitant","All providers of health care","All financing schemes",":"
"2009","Denmark","Purchasing power standard (PPS) per inhabitant","All providers of health care","All financing schemes",":"
"2010","Denmark","Purchasing power standard (PPS) per inhabitant","All providers of health care","All financing schemes","3,235.50"
"2011","Denmark","Purchasing power standard (PPS) per inhabitant","All providers of health care","All financing schemes","3,230.61"
"2012","Denmark","Purchasing power standard (PPS) per inhabitant","All providers of health care","All financing schemes","3,331.19"
"2013","Denmark","Purchasing power standard (PPS) per inhabitant","All providers of health care","All financing schemes","3,365.40"
"2014","Denmark","Purchasing power standard (PPS) per inhabitant","All providers of health care","All financing schemes","3,458.52"
"2015","Denmark","Purchasing power standard (PPS) per inhabitant","All providers of health care","All financing schemes","3,641.82"
"2016","Denmark","Purchasing power standard (PPS) per inhabitant","All providers of health care","All financing schemes","3,582.11"
"2017","Denmark","Purchasing power standard (PPS) per inhabitant","All providers of health care","All financing schemes","3,684.81"
"2018","Denmark","Purchasing power standard (PPS) per inhabitant","All providers of health care","All financing schemes","3,804.82"
"2003","Germany (until 1990 former territory of the FRG)","Purchasing power standard (PPS) per inhabitant","All providers of health care","All financing schemes","2,669.56"
"2004","Germany (until 1990 former territory of the FRG)","Purchasing power standard (PPS) per inhabitant","All providers of health care","All financing schemes","2,703.54"
"2005","Germany (until 1990 former territory of the FRG)","Purchasing power standard (PPS) per inhabitant","All providers of health care","All financing schemes","2,809.26"
"2006","Germany (until 1990 former territory of the FRG)","Purchasing power standard (PPS) per inhabitant","All providers of health care","All financing schemes","2,905.15"
"2007","Germany (until 1990 former territory of the FRG)","Purchasing power standard (PPS) per inhabitant","All providers of health care","All financing schemes","3,046.41"
"2008","Germany (until 1990 former territory of the FRG)","Purchasing power standard (PPS) per inhabitant","All providers of health care","All financing schemes","3,101.90"
"2009","Germany (until 1990 former territory of the FRG)","Purchasing power standard (PPS) per inhabitant","All providers of health care","All financing schemes","3,200.38"
"2010","Germany (until 1990 former territory of the FRG)","Purchasing power standard (PPS) per inhabitant","All providers of health care","All financing schemes","3,369.04"
"2011","Germany (until 1990 former territory of the FRG)","Purchasing power standard (PPS) per inhabitant","All providers of health care","All financing schemes","3,531.31"
"2012","Germany (until 1990 former territory of the FRG)","Purchasing power standard (PPS) per inhabitant","All providers of health care","All financing schemes","3,654.32"
"2013","Germany (until 1990 former territory of the FRG)","Purchasing power standard (PPS) per inhabitant","All providers of health care","All financing schemes","3,736.32"
"2014","Germany (until 1990 former territory of the FRG)","Purchasing power standard (PPS) per inhabitant","All providers of health care","All financing schemes","3,919.46"
"2015","Germany (until 1990 former territory of the FRG)","Purchasing power standard (PPS) per inhabitant","All providers of health care","All financing schemes","4,120.67"
"2016","Germany (until 1990 former territory of the FRG)","Purchasing power standard (PPS) per inhabitant","All providers of health care","All financing schemes","4,163.78"
"2017","Germany (until 1990 former territory of the FRG)","Purchasing power standard (PPS) per inhabitant","All providers of health care","All financing schemes","4,299.83"
"2018","Germany (until 1990 former territory of the FRG)","Purchasing power standard (PPS) per inhabitant","All providers of health care","All financing schemes",":"
"2003","Estonia","Purchasing power standard (PPS) per inhabitant","All providers of health care","All financing schemes","569.65"
"2004","Estonia","Purchasing power standard (PPS) per inhabitant","All providers of health care","All financing schemes","659.33"
"2005","Estonia","Purchasing power standard (PPS) per inhabitant","All providers of health care","All financing schemes","740.17"
"2006","Estonia","Purchasing power standard (PPS) per inhabitant","All providers of health care","All financing schemes","784.26"
"2007","Estonia","Purchasing power standard (PPS) per inhabitant","All providers of health care","All financing schemes","941.12"
"2008","Estonia","Purchasing power standard (PPS) per inhabitant","All providers of health care","All financing schemes","1,033.29"
"2009","Estonia","Purchasing power standard (PPS) per inhabitant","All providers of health care","All financing schemes","1,027.01"
"2010","Estonia","Purchasing power standard (PPS) per inhabitant","All providers of health care","All financing schemes","1,060.11"
"2011","Estonia","Purchasing power standard (PPS) per inhabitant","All providers of health care","All financing schemes","1,087.44"
"2012","Estonia","Purchasing power standard (PPS) per inhabitant","All providers of health care","All financing schemes","1,169.47"
"2013","Estonia","Purchasing power standard (PPS) per inhabitant","All providers of health care","All financing schemes","1,235.50"
"2014","Estonia","Purchasing power standard (PPS) per inhabitant","All providers of health care","All financing schemes","1,335.47"
"2015","Estonia","Purchasing power standard (PPS) per inhabitant","All providers of health care","All financing schemes","1,454.93"
"2016","Estonia","Purchasing power standard (PPS) per inhabitant","All providers of health care","All financing schemes","1,510.13"
"2017","Estonia","Purchasing power standard (PPS) per inhabitant","All providers of health care","All financing schemes","1,559.21"
"2018","Estonia","Purchasing power standard (PPS) per inhabitant","All providers of health care","All financing schemes",":"
"2003","Ireland","Purchasing power standard (PPS) per inhabitant","All providers of health care","All financing schemes",":"
"2004","Ireland","Purchasing power standard (PPS) per inhabitant","All providers of health care","All financing schemes",":"
"2005","Ireland","Purchasing power standard (PPS) per inhabitant","All providers of health care","All financing schemes",":"
"2006","Ireland","Purchasing power standard (PPS) per inhabitant","All providers of health care","All financing schemes",":"
"2007","Ireland","Purchasing power standard (PPS) per inhabitant","All providers of health care","All financing schemes",":"
"2008","Ireland","Purchasing power standard (PPS) per inhabitant","All providers of health care","All financing schemes",":"
"2009","Ireland","Purchasing power standard (PPS) per inhabitant","All providers of health care","All financing schemes",":"
"2010","Ireland","Purchasing power standard (PPS) per inhabitant","All providers of health care","All financing schemes",":"
"2011","Ireland","Purchasing power standard (PPS) per inhabitant","All providers of health care","All financing schemes","3,259.34"
"2012","Ireland","Purchasing power standard (PPS) per inhabitant","All providers of health care","All financing schemes","3,376.08"
"2013","Ireland","Purchasing power standard (PPS) per inhabitant","All providers of health care","All financing schemes","3,249.53"
"2014","Ireland","Purchasing power standard (PPS) per inhabitant","All providers of health care","All financing schemes","3,241.42"
"2015","Ireland","Purchasing power standard (PPS) per inhabitant","All providers of health care","All financing schemes","3,347.63"
"2016","Ireland","Purchasing power standard (PPS) per inhabitant","All providers of health care","All financing schemes","3,356.88"
"2017","Ireland","Purchasing power standard (PPS) per inhabitant","All providers of health care","All financing schemes","3,422.05"
"2018","Ireland","Purchasing power standard (PPS) per inhabitant","All providers of health care","All financing schemes","3,529.82"
"2003","Greece","Purchasing power standard (PPS) per inhabitant","All providers of health care","All financing schemes",":"
"2004","Greece","Purchasing power standard (PPS) per inhabitant","All providers of health care","All financing schemes",":"
"2005","Greece","Purchasing power standard (PPS) per inhabitant","All providers of health care","All financing schemes",":"
"2006","Greece","Purchasing power standard (PPS) per inhabitant","All providers of health care","All financing schemes",":"
"2007","Greece","Purchasing power standard (PPS) per inhabitant","All providers of health care","All financing schemes",":"
"2008","Greece","Purchasing power standard (PPS) per inhabitant","All providers of health care","All financing schemes",":"
"2009","Greece","Purchasing power standard (PPS) per inhabitant","All providers of health care","All financing schemes","2,147.91"
"2010","Greece","Purchasing power standard (PPS) per inhabitant","All providers of health care","All financing schemes","2,026.47"
"2011","Greece","Purchasing power standard (PPS) per inhabitant","All providers of health care","All financing schemes","1,773.90"
"2012","Greece","Purchasing power standard (PPS) per inhabitant","All providers of health care","All financing schemes","1,656.31"
"2013","Greece","Purchasing power standard (PPS) per inhabitant","All providers of health care","All financing schemes","1,561.32"
"2014","Greece","Purchasing power standard (PPS) per inhabitant","All providers of health care","All financing schemes","1,537.47"
"2015","Greece","Purchasing power standard (PPS) per inhabitant","All providers of health care","All financing schemes","1,621.56"
"2016","Greece","Purchasing power standard (PPS) per inhabitant","All providers of health care","All financing schemes","1,640.36"
"2017","Greece","Purchasing power standard (PPS) per inhabitant","All providers of health care","All financing schemes","1,615.12"
"2018","Greece","Purchasing power standard (PPS) per inhabitant","All providers of health care","All financing schemes","1,628.35"
"2003","Spain","Purchasing power standard (PPS) per inhabitant","All providers of health care","All financing schemes","1,634.14"
"2004","Spain","Purchasing power standard (PPS) per inhabitant","All providers of health care","All financing schemes","1,713.77"
"2005","Spain","Purchasing power standard (PPS) per inhabitant","All providers of health care","All financing schemes","1,834.56"
"2006","Spain","Purchasing power standard (PPS) per inhabitant","All providers of health care","All financing schemes","1,973.60"
"2007","Spain","Purchasing power standard (PPS) per inhabitant","All providers of health care","All financing schemes","2,042.59"
"2008","Spain","Purchasing power standard (PPS) per inhabitant","All providers of health care","All financing schemes","2,126.22"
"2009","Spain","Purchasing power standard (PPS) per inhabitant","All providers of health care","All financing schemes","2,144.97"
"2010","Spain","Purchasing power standard (PPS) per inhabitant","All providers of health care","All financing schemes","2,119.40"
"2011","Spain","Purchasing power standard (PPS) per inhabitant","All providers of health care","All financing schemes","2,110.47"
"2012","Spain","Purchasing power standard (PPS) per inhabitant","All providers of health care","All financing schemes","2,104.45"
"2013","Spain","Purchasing power standard (PPS) per inhabitant","All providers of health care","All financing schemes","2,087.44"
"2014","Spain","Purchasing power standard (PPS) per inhabitant","All providers of health care","All financing schemes","2,174.31"
"2015","Spain","Purchasing power standard (PPS) per inhabitant","All providers of health care","All financing schemes","2,355.50"
"2016","Spain","Purchasing power standard (PPS) per inhabitant","All providers of health care","All financing schemes","2,329.87"
"2017","Spain","Purchasing power standard (PPS) per inhabitant","All providers of health care","All financing schemes","2,370.69"
"2018","Spain","Purchasing power standard (PPS) per inhabitant","All providers of health care","All financing schemes",":"
"2003","France","Purchasing power standard (PPS) per inhabitant","All providers of health care","All financing schemes",":"
"2004","France","Purchasing power standard (PPS) per inhabitant","All providers of health care","All financing schemes",":"
"2005","France","Purchasing power standard (PPS) per inhabitant","All providers of health care","All financing schemes",":"
"2006","France","Purchasing power standard (PPS) per inhabitant","All providers of health care","All financing schemes","2,857.32"
"2007","France","Purchasing power standard (PPS) per inhabitant","All providers of health care","All financing schemes","2,972.50"
"2008","France","Purchasing power standard (PPS) per inhabitant","All providers of health care","All financing schemes","2,986.09"
"2009","France","Purchasing power standard (PPS) per inhabitant","All providers of health care","All financing schemes","3,049.61"
"2010","France","Purchasing power standard (PPS) per inhabitant","All providers of health care","All financing schemes","3,148.83"
"2011","France","Purchasing power standard (PPS) per inhabitant","All providers of health care","All financing schemes","3,229.21"
"2012","France","Purchasing power standard (PPS) per inhabitant","All providers of health care","All financing schemes","3,323.72"
"2013","France","Purchasing power standard (PPS) per inhabitant","All providers of health care","All financing schemes","3,442.23"
"2014","France","Purchasing power standard (PPS) per inhabitant","All providers of health care","All financing schemes","3,541.74"
"2015","France","Purchasing power standard (PPS) per inhabitant","All providers of health care","All financing schemes","3,645.09"
"2016","France","Purchasing power standard (PPS) per inhabitant","All providers of health care","All financing schemes","3,645.06"
"2017","France","Purchasing power standard (PPS) per inhabitant","All providers of health care","All financing schemes","3,648.49"
"2018","France","Purchasing power standard (PPS) per inhabitant","All providers of health care","All financing schemes","3,703.92"
"2003","Croatia","Purchasing power standard (PPS) per inhabitant","All providers of health care","All financing schemes",":"
"2004","Croatia","Purchasing power standard (PPS) per inhabitant","All providers of health care","All financing schemes",":"
"2005","Croatia","Purchasing power standard (PPS) per inhabitant","All providers of health care","All financing schemes",":"
"2006","Croatia","Purchasing power standard (PPS) per inhabitant","All providers of health care","All financing schemes",":"
"2007","Croatia","Purchasing power standard (PPS) per inhabitant","All providers of health care","All financing schemes",":"
"2008","Croatia","Purchasing power standard (PPS) per inhabitant","All providers of health care","All financing schemes",":"
"2009","Croatia","Purchasing power standard (PPS) per inhabitant","All providers of health care","All financing schemes",":"
"2010","Croatia","Purchasing power standard (PPS) per inhabitant","All providers of health care","All financing schemes",":"
"2011","Croatia","Purchasing power standard (PPS) per inhabitant","All providers of health care","All financing schemes",":"
"2012","Croatia","Purchasing power standard (PPS) per inhabitant","All providers of health care","All financing schemes",":"
"2013","Croatia","Purchasing power standard (PPS) per inhabitant","All providers of health care","All financing schemes","1,040.14"
"2014","Croatia","Purchasing power standard (PPS) per inhabitant","All providers of health care","All financing schemes","1,099.45"
"2015","Croatia","Purchasing power standard (PPS) per inhabitant","All providers of health care","All financing schemes","1,186.65"
"2016","Croatia","Purchasing power standard (PPS) per inhabitant","All providers of health care","All financing schemes","1,237.46"
"2017","Croatia","Purchasing power standard (PPS) per inhabitant","All providers of health care","All financing schemes","1,274.88"
"2018","Croatia","Purchasing power standard (PPS) per inhabitant","All providers of health care","All financing schemes","1,347.75"
"2003","Italy","Purchasing power standard (PPS) per inhabitant","All providers of health care","All financing schemes",":"
"2004","Italy","Purchasing power standard (PPS) per inhabitant","All providers of health care","All financing schemes",":"
"2005","Italy","Purchasing power standard (PPS) per inhabitant","All providers of health care","All financing schemes",":"
"2006","Italy","Purchasing power standard (PPS) per inhabitant","All providers of health care","All financing schemes",":"
"2007","Italy","Purchasing power standard (PPS) per inhabitant","All providers of health care","All financing schemes",":"
"2008","Italy","Purchasing power standard (PPS) per inhabitant","All providers of health care","All financing schemes",":"
"2009","Italy","Purchasing power standard (PPS) per inhabitant","All providers of health care","All financing schemes",":"
"2010","Italy","Purchasing power standard (PPS) per inhabitant","All providers of health care","All financing schemes",":"
"2011","Italy","Purchasing power standard (PPS) per inhabitant","All providers of health care","All financing schemes",":"
"2012","Italy","Purchasing power standard (PPS) per inhabitant","All providers of health care","All financing schemes","2,371.21"
"2013","Italy","Purchasing power standard (PPS) per inhabitant","All providers of health care","All financing schemes","2,298.31"
"2014","Italy","Purchasing power standard (PPS) per inhabitant","All providers of health care","All financing schemes","2,315.36"
"2015","Italy","Purchasing power standard (PPS) per inhabitant","All providers of health care","All financing schemes","2,407.13"
"2016","Italy","Purchasing power standard (PPS) per inhabitant","All providers of health care","All financing schemes","2,418.25"
"2017","Italy","Purchasing power standard (PPS) per inhabitant","All providers of health care","All financing schemes","2,452.51"
"2018","Italy","Purchasing power standard (PPS) per inhabitant","All providers of health care","All financing schemes","2,504.41"
"2003","Cyprus","Purchasing power standard (PPS) per inhabitant","All providers of health care","All financing schemes",":"
"2004","Cyprus","Purchasing power standard (PPS) per inhabitant","All providers of health care","All financing schemes",":"
"2005","Cyprus","Purchasing power standard (PPS) per inhabitant","All providers of health care","All financing schemes",":"
"2006","Cyprus","Purchasing power standard (PPS) per inhabitant","All providers of health care","All financing schemes",":"
"2007","Cyprus","Purchasing power standard (PPS) per inhabitant","All providers of health care","All financing schemes",":"
"2008","Cyprus","Purchasing power standard (PPS) per inhabitant","All providers of health care","All financing schemes",":"
"2009","Cyprus","Purchasing power standard (PPS) per inhabitant","All providers of health care","All financing schemes",":"
"2010","Cyprus","Purchasing power standard (PPS) per inhabitant","All providers of health care","All financing schemes","1,612.99"
"2011","Cyprus","Purchasing power standard (PPS) per inhabitant","All providers of health care","All financing schemes","1,567.12"
"2012","Cyprus","Purchasing power standard (PPS) per inhabitant","All providers of health care","All financing schemes","1,536.36"
"2013","Cyprus","Purchasing power standard (PPS) per inhabitant","All providers of health care","All financing schemes","1,523.45"
"2014","Cyprus","Purchasing power standard (PPS) per inhabitant","All providers of health care","All financing schemes","1,546.32"
"2015","Cyprus","Purchasing power standard (PPS) per inhabitant","All providers of health care","All financing schemes","1,645.75"
"2016","Cyprus","Purchasing power standard (PPS) per inhabitant","All providers of health care","All financing schemes","1,722.81"
"2017","Cyprus","Purchasing power standard (PPS) per inhabitant","All providers of health care","All financing schemes","1,751.90"
"2018","Cyprus","Purchasing power standard (PPS) per inhabitant","All providers of health care","All financing schemes","1,843.76"
"2003","Latvia","Purchasing power standard (PPS) per inhabitant","All providers of health care","All financing schemes",":"
"2004","Latvia","Purchasing power standard (PPS) per inhabitant","All providers of health care","All financing schemes",":"
"2005","Latvia","Purchasing power standard (PPS) per inhabitant","All providers of health care","All financing schemes",":"
"2006","Latvia","Purchasing power standard (PPS) per inhabitant","All providers of health care","All financing schemes",":"
"2007","Latvia","Purchasing power standard (PPS) per inhabitant","All providers of health care","All financing schemes",":"
"2008","Latvia","Purchasing power standard (PPS) per inhabitant","All providers of health care","All financing schemes",":"
"2009","Latvia","Purchasing power standard (PPS) per inhabitant","All providers of health care","All financing schemes",":"
"2010","Latvia","Purchasing power standard (PPS) per inhabitant","All providers of health care","All financing schemes",":"
"2011","Latvia","Purchasing power standard (PPS) per inhabitant","All providers of health care","All financing schemes",":"
"2012","Latvia","Purchasing power standard (PPS) per inhabitant","All providers of health care","All financing schemes",":"
"2013","Latvia","Purchasing power standard (PPS) per inhabitant","All providers of health care","All financing schemes","928.60"
"2014","Latvia","Purchasing power standard (PPS) per inhabitant","All providers of health care","All financing schemes","980.53"
"2015","Latvia","Purchasing power standard (PPS) per inhabitant","All providers of health care","All financing schemes","1,094.18"
"2016","Latvia","Purchasing power standard (PPS) per inhabitant","All providers of health care","All financing schemes","1,187.54"
"2017","Latvia","Purchasing power standard (PPS) per inhabitant","All providers of health care","All financing schemes","1,212.72"
"2018","Latvia","Purchasing power standard (PPS) per inhabitant","All providers of health care","All financing schemes",":"
"2003","Lithuania","Purchasing power standard (PPS) per inhabitant","All providers of health care","All financing schemes",":"
"2004","Lithuania","Purchasing power standard (PPS) per inhabitant","All providers of health care","All financing schemes",":"
"2005","Lithuania","Purchasing power standard (PPS) per inhabitant","All providers of health care","All financing schemes",":"
"2006","Lithuania","Purchasing power standard (PPS) per inhabitant","All providers of health care","All financing schemes","837.98"
"2007","Lithuania","Purchasing power standard (PPS) per inhabitant","All providers of health care","All financing schemes","958.74"
"2008","Lithuania","Purchasing power standard (PPS) per inhabitant","All providers of health care","All financing schemes","1,077.55"
"2009","Lithuania","Purchasing power standard (PPS) per inhabitant","All providers of health care","All financing schemes","1,038.92"
"2010","Lithuania","Purchasing power standard (PPS) per inhabitant","All providers of health care","All financing schemes","1,066.42"
"2011","Lithuania","Purchasing power standard (PPS) per inhabitant","All providers of health care","All financing schemes","1,150.33"
"2012","Lithuania","Purchasing power standard (PPS) per inhabitant","All providers of health care","All financing schemes","1,210.46"
"2013","Lithuania","Purchasing power standard (PPS) per inhabitant","All providers of health care","All financing schemes","1,255.74"
"2014","Lithuania","Purchasing power standard (PPS) per inhabitant","All providers of health care","All financing schemes","1,358.39"
"2015","Lithuania","Purchasing power standard (PPS) per inhabitant","All providers of health care","All financing schemes","1,493.95"
"2016","Lithuania","Purchasing power standard (PPS) per inhabitant","All providers of health care","All financing schemes","1,549.48"
"2017","Lithuania","Purchasing power standard (PPS) per inhabitant","All providers of health care","All financing schemes","1,613.23"
"2018","Lithuania","Purchasing power standard (PPS) per inhabitant","All providers of health care","All financing schemes","1,714.01"
"2003","Luxembourg","Purchasing power standard (PPS) per inhabitant","All providers of health care","All financing schemes",":"
"2004","Luxembourg","Purchasing power standard (PPS) per inhabitant","All providers of health care","All financing schemes",":"
"2005","Luxembourg","Purchasing power standard (PPS) per inhabitant","All providers of health care","All financing schemes",":"
"2006","Luxembourg","Purchasing power standard (PPS) per inhabitant","All providers of health care","All financing schemes",":"
"2007","Luxembourg","Purchasing power standard (PPS) per inhabitant","All providers of health care","All financing schemes",":"
"2008","Luxembourg","Purchasing power standard (PPS) per inhabitant","All providers of health care","All financing schemes",":"
"2009","Luxembourg","Purchasing power standard (PPS) per inhabitant","All providers of health care","All financing schemes",":"
"2010","Luxembourg","Purchasing power standard (PPS) per inhabitant","All providers of health care","All financing schemes",":"
"2011","Luxembourg","Purchasing power standard (PPS) per inhabitant","All providers of health care","All financing schemes","3,742.53"
"2012","Luxembourg","Purchasing power standard (PPS) per inhabitant","All providers of health care","All financing schemes","3,415.61"
"2013","Luxembourg","Purchasing power standard (PPS) per inhabitant","All providers of health care","All financing schemes","3,502.04"
"2014","Luxembourg","Purchasing power standard (PPS) per inhabitant","All providers of health care","All financing schemes","3,588.75"
"2015","Luxembourg","Purchasing power standard (PPS) per inhabitant","All providers of health care","All financing schemes","3,656.60"
"2016","Luxembourg","Purchasing power standard (PPS) per inhabitant","All providers of health care","All financing schemes","3,601.74"
"2017","Luxembourg","Purchasing power standard (PPS) per inhabitant","All providers of health care","All financing schemes","3,616.58"
"2018","Luxembourg","Purchasing power standard (PPS) per inhabitant","All providers of health care","All financing schemes","3,748.61"
"2003","Hungary","Purchasing power standard (PPS) per inhabitant","All providers of health care","All financing schemes",":"
"2004","Hungary","Purchasing power standard (PPS) per inhabitant","All providers of health care","All financing schemes",":"
"2005","Hungary","Purchasing power standard (PPS) per inhabitant","All providers of health care","All financing schemes",":"
"2006","Hungary","Purchasing power standard (PPS) per inhabitant","All providers of health care","All financing schemes","1,252.74"
"2007","Hungary","Purchasing power standard (PPS) per inhabitant","All providers of health care","All financing schemes","1,182.77"
"2008","Hungary","Purchasing power standard (PPS) per inhabitant","All providers of health care","All financing schemes","1,193.96"
"2009","Hungary","Purchasing power standard (PPS) per inhabitant","All providers of health care","All financing schemes","1,172.34"
"2010","Hungary","Purchasing power standard (PPS) per inhabitant","All providers of health care","All financing schemes","1,295.47"
"2011","Hungary","Purchasing power standard (PPS) per inhabitant","All providers of health care","All financing schemes","1,360.02"
"2012","Hungary","Purchasing power standard (PPS) per inhabitant","All providers of health care","All financing schemes","1,363.57"
"2013","Hungary","Purchasing power standard (PPS) per inhabitant","All providers of health care","All financing schemes","1,375.56"
"2014","Hungary","Purchasing power standard (PPS) per inhabitant","All providers of health care","All financing schemes","1,420.52"
"2015","Hungary","Purchasing power standard (PPS) per inhabitant","All providers of health care","All financing schemes","1,473.22"
"2016","Hungary","Purchasing power standard (PPS) per inhabitant","All providers of health care","All financing schemes","1,477.00"
"2017","Hungary","Purchasing power standard (PPS) per inhabitant","All providers of health care","All financing schemes","1,464.14"
"2018","Hungary","Purchasing power standard (PPS) per inhabitant","All providers of health care","All financing schemes","1,544.86"
"2003","Malta","Purchasing power standard (PPS) per inhabitant","All providers of health care","All financing schemes",":"
"2004","Malta","Purchasing power standard (PPS) per inhabitant","All providers of health care","All financing schemes",":"
"2005","Malta","Purchasing power standard (PPS) per inhabitant","All providers of health care","All financing schemes",":"
"2006","Malta","Purchasing power standard (PPS) per inhabitant","All providers of health care","All financing schemes",":"
"2007","Malta","Purchasing power standard (PPS) per inhabitant","All providers of health care","All financing schemes",":"
"2008","Malta","Purchasing power standard (PPS) per inhabitant","All providers of health care","All financing schemes",":"
"2009","Malta","Purchasing power standard (PPS) per inhabitant","All providers of health care","All financing schemes",":"
"2010","Malta","Purchasing power standard (PPS) per inhabitant","All providers of health care","All financing schemes",":"
"2011","Malta","Purchasing power standard (PPS) per inhabitant","All providers of health care","All financing schemes",":"
"2012","Malta","Purchasing power standard (PPS) per inhabitant","All providers of health care","All financing schemes",":"
"2013","Malta","Purchasing power standard (PPS) per inhabitant","All providers of health care","All financing schemes",":"
"2014","Malta","Purchasing power standard (PPS) per inhabitant","All providers of health care","All financing schemes","2,271.63"
"2015","Malta","Purchasing power standard (PPS) per inhabitant","All providers of health care","All financing schemes","2,504.78"
"2016","Malta","Purchasing power standard (PPS) per inhabitant","All providers of health care","All financing schemes","2,549.83"
"2017","Malta","Purchasing power standard (PPS) per inhabitant","All providers of health care","All financing schemes","2,746.45"
"2018","Malta","Purchasing power standard (PPS) per inhabitant","All providers of health care","All financing schemes",":"
"2003","Netherlands","Purchasing power standard (PPS) per inhabitant","All providers of health care","All financing schemes","2,691.73"
"2004","Netherlands","Purchasing power standard (PPS) per inhabitant","All providers of health care","All financing schemes","2,830.33"
"2005","Netherlands","Purchasing power standard (PPS) per inhabitant","All providers of health care","All financing schemes","2,983.54"
"2006","Netherlands","Purchasing power standard (PPS) per inhabitant","All providers of health care","All financing schemes","3,174.32"
"2007","Netherlands","Purchasing power standard (PPS) per inhabitant","All providers of health care","All financing schemes","3,372.28"
"2008","Netherlands","Purchasing power standard (PPS) per inhabitant","All providers of health care","All financing schemes","3,501.99"
"2009","Netherlands","Purchasing power standard (PPS) per inhabitant","All providers of health care","All financing schemes","3,481.14"
"2010","Netherlands","Purchasing power standard (PPS) per inhabitant","All providers of health care","All financing schemes","3,478.69"
"2011","Netherlands","Purchasing power standard (PPS) per inhabitant","All providers of health care","All financing schemes","3,538.62"
"2012","Netherlands","Purchasing power standard (PPS) per inhabitant","All providers of health care","All financing schemes","3,691.89"
"2013","Netherlands","Purchasing power standard (PPS) per inhabitant","All providers of health care","All financing schemes","3,718.98"
"2014","Netherlands","Purchasing power standard (PPS) per inhabitant","All providers of health care","All financing schemes","3,762.25"
"2015","Netherlands","Purchasing power standard (PPS) per inhabitant","All providers of health care","All financing schemes","3,839.58"
"2016","Netherlands","Purchasing power standard (PPS) per inhabitant","All providers of health care","All financing schemes","3,748.95"
"2017","Netherlands","Purchasing power standard (PPS) per inhabitant","All providers of health care","All financing schemes","3,797.82"
"2018","Netherlands","Purchasing power standard (PPS) per inhabitant","All providers of health care","All financing schemes","3,906.71"
"2003","Austria","Purchasing power standard (PPS) per inhabitant","All providers of health care","All financing schemes",":"
"2004","Austria","Purchasing power standard (PPS) per inhabitant","All providers of health care","All financing schemes","2,762.49"
"2005","Austria","Purchasing power standard (PPS) per inhabitant","All providers of health care","All financing schemes","2,893.96"
"2006","Austria","Purchasing power standard (PPS) per inhabitant","All providers of health care","All financing schemes","3,012.84"
"2007","Austria","Purchasing power standard (PPS) per inhabitant","All providers of health care","All financing schemes","3,139.66"
"2008","Austria","Purchasing power standard (PPS) per inhabitant","All providers of health care","All financing schemes","3,206.81"
"2009","Austria","Purchasing power standard (PPS) per inhabitant","All providers of health care","All financing schemes","3,211.54"
"2010","Austria","Purchasing power standard (PPS) per inhabitant","All providers of health care","All financing schemes","3,311.07"
"2011","Austria","Purchasing power standard (PPS) per inhabitant","All providers of health care","All financing schemes","3,366.47"
"2012","Austria","Purchasing power standard (PPS) per inhabitant","All providers of health care","All financing schemes","3,542.08"
"2013","Austria","Purchasing power standard (PPS) per inhabitant","All providers of health care","All financing schemes","3,600.55"
"2014","Austria","Purchasing power standard (PPS) per inhabitant","All providers of health care","All financing schemes","3,704.11"
"2015","Austria","Purchasing power standard (PPS) per inhabitant","All providers of health care","All financing schemes","3,852.36"
"2016","Austria","Purchasing power standard (PPS) per inhabitant","All providers of health care","All financing schemes","3,837.50"
"2017","Austria","Purchasing power standard (PPS) per inhabitant","All providers of health care","All financing schemes","3,867.52"
"2018","Austria","Purchasing power standard (PPS) per inhabitant","All providers of health care","All financing schemes","3,980.06"
"2003","Poland","Purchasing power standard (PPS) per inhabitant","All providers of health care","All financing schemes",":"
"2004","Poland","Purchasing power standard (PPS) per inhabitant","All providers of health care","All financing schemes",":"
"2005","Poland","Purchasing power standard (PPS) per inhabitant","All providers of health care","All financing schemes",":"
"2006","Poland","Purchasing power standard (PPS) per inhabitant","All providers of health care","All financing schemes",":"
"2007","Poland","Purchasing power standard (PPS) per inhabitant","All providers of health care","All financing schemes",":"
"2008","Poland","Purchasing power standard (PPS) per inhabitant","All providers of health care","All financing schemes",":"
"2009","Poland","Purchasing power standard (PPS) per inhabitant","All providers of health care","All financing schemes",":"
"2010","Poland","Purchasing power standard (PPS) per inhabitant","All providers of health care","All financing schemes",":"
"2011","Poland","Purchasing power standard (PPS) per inhabitant","All providers of health care","All financing schemes",":"
"2012","Poland","Purchasing power standard (PPS) per inhabitant","All providers of health care","All financing schemes",":"
"2013","Poland","Purchasing power standard (PPS) per inhabitant","All providers of health care","All financing schemes","1,261.59"
"2014","Poland","Purchasing power standard (PPS) per inhabitant","All providers of health care","All financing schemes","1,285.69"
"2015","Poland","Purchasing power standard (PPS) per inhabitant","All providers of health care","All financing schemes","1,401.65"
"2016","Poland","Purchasing power standard (PPS) per inhabitant","All providers of health care","All financing schemes","1,440.24"
"2017","Poland","Purchasing power standard (PPS) per inhabitant","All providers of health care","All financing schemes",":"
"2018","Poland","Purchasing power standard (PPS) per inhabitant","All providers of health care","All financing schemes",":"
"2003","Portugal","Purchasing power standard (PPS) per inhabitant","All providers of health care","All financing schemes","1,526.20"
"2004","Portugal","Purchasing power standard (PPS) per inhabitant","All providers of health care","All financing schemes","1,648.20"
"2005","Portugal","Purchasing power standard (PPS) per inhabitant","All providers of health care","All financing schemes","1,778.10"
"2006","Portugal","Purchasing power standard (PPS) per inhabitant","All providers of health care","All financing schemes","1,813.84"
"2007","Portugal","Purchasing power standard (PPS) per inhabitant","All providers of health care","All financing schemes","1,864.24"
"2008","Portugal","Purchasing power standard (PPS) per inhabitant","All providers of health care","All financing schemes","1,908.67"
"2009","Portugal","Purchasing power standard (PPS) per inhabitant","All providers of health care","All financing schemes","1,925.38"
"2010","Portugal","Purchasing power standard (PPS) per inhabitant","All providers of health care","All financing schemes","1,966.95"
"2011","Portugal","Purchasing power standard (PPS) per inhabitant","All providers of health care","All financing schemes","1,865.55"
"2012","Portugal","Purchasing power standard (PPS) per inhabitant","All providers of health care","All financing schemes","1,810.56"
"2013","Portugal","Purchasing power standard (PPS) per inhabitant","All providers of health care","All financing schemes","1,825.23"
"2014","Portugal","Purchasing power standard (PPS) per inhabitant","All providers of health care","All financing schemes","1,868.03"
"2015","Portugal","Purchasing power standard (PPS) per inhabitant","All providers of health care","All financing schemes","1,978.13"
"2016","Portugal","Purchasing power standard (PPS) per inhabitant","All providers of health care","All financing schemes","2,001.32"
"2017","Portugal","Purchasing power standard (PPS) per inhabitant","All providers of health care","All financing schemes","2,028.36"
"2018","Portugal","Purchasing power standard (PPS) per inhabitant","All providers of health care","All financing schemes",":"
"2003","Romania","Purchasing power standard (PPS) per inhabitant","All providers of health care","All financing schemes",":"
"2004","Romania","Purchasing power standard (PPS) per inhabitant","All providers of health care","All financing schemes",":"
"2005","Romania","Purchasing power standard (PPS) per inhabitant","All providers of health care","All financing schemes",":"
"2006","Romania","Purchasing power standard (PPS) per inhabitant","All providers of health care","All financing schemes",":"
"2007","Romania","Purchasing power standard (PPS) per inhabitant","All providers of health care","All financing schemes",":"
"2008","Romania","Purchasing power standard (PPS) per inhabitant","All providers of health care","All financing schemes",":"
"2009","Romania","Purchasing power standard (PPS) per inhabitant","All providers of health care","All financing schemes",":"
"2010","Romania","Purchasing power standard (PPS) per inhabitant","All providers of health care","All financing schemes",":"
"2011","Romania","Purchasing power standard (PPS) per inhabitant","All providers of health care","All financing schemes","645.57"
"2012","Romania","Purchasing power standard (PPS) per inhabitant","All providers of health care","All financing schemes","686.68"
"2013","Romania","Purchasing power standard (PPS) per inhabitant","All providers of health care","All financing schemes","781.76"
"2014","Romania","Purchasing power standard (PPS) per inhabitant","All providers of health care","All financing schemes","798.86"
"2015","Romania","Purchasing power standard (PPS) per inhabitant","All providers of health care","All financing schemes","847.34"
"2016","Romania","Purchasing power standard (PPS) per inhabitant","All providers of health care","All financing schemes","923.98"
"2017","Romania","Purchasing power standard (PPS) per inhabitant","All providers of health care","All financing schemes","1,036.17"
"2018","Romania","Purchasing power standard (PPS) per inhabitant","All providers of health care","All financing schemes","1,211.69"
"2003","Slovenia","Purchasing power standard (PPS) per inhabitant","All providers of health care","All financing schemes",":"
"2004","Slovenia","Purchasing power standard (PPS) per inhabitant","All providers of health care","All financing schemes",":"
"2005","Slovenia","Purchasing power standard (PPS) per inhabitant","All providers of health care","All financing schemes",":"
"2006","Slovenia","Purchasing power standard (PPS) per inhabitant","All providers of health care","All financing schemes",":"
"2007","Slovenia","Purchasing power standard (PPS) per inhabitant","All providers of health care","All financing schemes",":"
"2008","Slovenia","Purchasing power standard (PPS) per inhabitant","All providers of health care","All financing schemes",":"
"2009","Slovenia","Purchasing power standard (PPS) per inhabitant","All providers of health care","All financing schemes",":"
"2010","Slovenia","Purchasing power standard (PPS) per inhabitant","All providers of health care","All financing schemes",":"
"2011","Slovenia","Purchasing power standard (PPS) per inhabitant","All providers of health care","All financing schemes",":"
"2012","Slovenia","Purchasing power standard (PPS) per inhabitant","All providers of health care","All financing schemes",":"
"2013","Slovenia","Purchasing power standard (PPS) per inhabitant","All providers of health care","All financing schemes",":"
"2014","Slovenia","Purchasing power standard (PPS) per inhabitant","All providers of health care","All financing schemes","1,904.78"
"2015","Slovenia","Purchasing power standard (PPS) per inhabitant","All providers of health care","All financing schemes","2,009.18"
"2016","Slovenia","Purchasing power standard (PPS) per inhabitant","All providers of health care","All financing schemes","2,016.30"
"2017","Slovenia","Purchasing power standard (PPS) per inhabitant","All providers of health care","All financing schemes","2,059.76"
"2018","Slovenia","Purchasing power standard (PPS) per inhabitant","All providers of health care","All financing schemes",":"
"2003","Slovakia","Purchasing power standard (PPS) per inhabitant","All providers of health care","All financing schemes",":"
"2004","Slovakia","Purchasing power standard (PPS) per inhabitant","All providers of health care","All financing schemes",":"
"2005","Slovakia","Purchasing power standard (PPS) per inhabitant","All providers of health care","All financing schemes",":"
"2006","Slovakia","Purchasing power standard (PPS) per inhabitant","All providers of health care","All financing schemes",":"
"2007","Slovakia","Purchasing power standard (PPS) per inhabitant","All providers of health care","All financing schemes",":"
"2008","Slovakia","Purchasing power standard (PPS) per inhabitant","All providers of health care","All financing schemes",":"
"2009","Slovakia","Purchasing power standard (PPS) per inhabitant","All providers of health care","All financing schemes",":"
"2010","Slovakia","Purchasing power standard (PPS) per inhabitant","All providers of health care","All financing schemes",":"
"2011","Slovakia","Purchasing power standard (PPS) per inhabitant","All providers of health care","All financing schemes",":"
"2012","Slovakia","Purchasing power standard (PPS) per inhabitant","All providers of health care","All financing schemes","1,618.96"
"2013","Slovakia","Purchasing power standard (PPS) per inhabitant","All providers of health care","All financing schemes","1,626.36"
"2014","Slovakia","Purchasing power standard (PPS) per inhabitant","All providers of health care","All financing schemes","1,532.07"
"2015","Slovakia","Purchasing power standard (PPS) per inhabitant","All providers of health care","All financing schemes","1,604.00"
"2016","Slovakia","Purchasing power standard (PPS) per inhabitant","All providers of health care","All financing schemes","1,640.97"
"2017","Slovakia","Purchasing power standard (PPS) per inhabitant","All providers of health care","All financing schemes","1,608.67"
"2018","Slovakia","Purchasing power standard (PPS) per inhabitant","All providers of health care","All financing schemes",":"
"2003","Finland","Purchasing power standard (PPS) per inhabitant","All providers of health care","All financing schemes","1,787.53"
"2004","Finland","Purchasing power standard (PPS) per inhabitant","All providers of health care","All financing schemes","1,938.77"
"2005","Finland","Purchasing power standard (PPS) per inhabitant","All providers of health care","All financing schemes","2,065.70"
"2006","Finland","Purchasing power standard (PPS) per inhabitant","All providers of health care","All financing schemes","2,202.33"
"2007","Finland","Purchasing power standard (PPS) per inhabitant","All providers of health care","All financing schemes","2,401.48"
"2008","Finland","Purchasing power standard (PPS) per inhabitant","All providers of health care","All financing schemes","2,509.12"
"2009","Finland","Purchasing power standard (PPS) per inhabitant","All providers of health care","All financing schemes","2,488.35"
"2010","Finland","Purchasing power standard (PPS) per inhabitant","All providers of health care","All financing schemes","2,573.18"
"2011","Finland","Purchasing power standard (PPS) per inhabitant","All providers of health care","All financing schemes","2,691.99"
"2012","Finland","Purchasing power standard (PPS) per inhabitant","All providers of health care","All financing schemes","2,818.29"
"2013","Finland","Purchasing power standard (PPS) per inhabitant","All providers of health care","All financing schemes","2,865.45"
"2014","Finland","Purchasing power standard (PPS) per inhabitant","All providers of health care","All financing schemes","2,906.09"
"2015","Finland","Purchasing power standard (PPS) per inhabitant","All providers of health care","All financing schemes","3,107.79"
"2016","Finland","Purchasing power standard (PPS) per inhabitant","All providers of health care","All financing schemes","3,018.40"
"2017","Finland","Purchasing power standard (PPS) per inhabitant","All providers of health care","All financing schemes","3,034.39"
"2018","Finland","Purchasing power standard (PPS) per inhabitant","All providers of health care","All financing schemes",":"
"2003","Sweden","Purchasing power standard (PPS) per inhabitant","All providers of health care","All financing schemes",":"
"2004","Sweden","Purchasing power standard (PPS) per inhabitant","All providers of health care","All financing schemes",":"
"2005","Sweden","Purchasing power standard (PPS) per inhabitant","All providers of health care","All financing schemes",":"
"2006","Sweden","Purchasing power standard (PPS) per inhabitant","All providers of health care","All financing schemes",":"
"2007","Sweden","Purchasing power standard (PPS) per inhabitant","All providers of health care","All financing schemes",":"
"2008","Sweden","Purchasing power standard (PPS) per inhabitant","All providers of health care","All financing schemes",":"
"2009","Sweden","Purchasing power standard (PPS) per inhabitant","All providers of health care","All financing schemes",":"
"2010","Sweden","Purchasing power standard (PPS) per inhabitant","All providers of health care","All financing schemes",":"
"2011","Sweden","Purchasing power standard (PPS) per inhabitant","All providers of health care","All financing schemes","3,456.75"
"2012","Sweden","Purchasing power standard (PPS) per inhabitant","All providers of health care","All financing schemes","3,612.71"
"2013","Sweden","Purchasing power standard (PPS) per inhabitant","All providers of health care","All financing schemes","3,573.64"
"2014","Sweden","Purchasing power standard (PPS) per inhabitant","All providers of health care","All financing schemes","3,709.63"
"2015","Sweden","Purchasing power standard (PPS) per inhabitant","All providers of health care","All financing schemes","3,897.06"
"2016","Sweden","Purchasing power standard (PPS) per inhabitant","All providers of health care","All financing schemes","3,783.14"
"2017","Sweden","Purchasing power standard (PPS) per inhabitant","All providers of health care","All financing schemes","3,837.00"
"2018","Sweden","Purchasing power standard (PPS) per inhabitant","All providers of health care","All financing schemes","3,904.86"
"2003","United Kingdom","Purchasing power standard (PPS) per inhabitant","All providers of health care","All financing schemes",":"
"2004","United Kingdom","Purchasing power standard (PPS) per inhabitant","All providers of health care","All financing schemes",":"
"2005","United Kingdom","Purchasing power standard (PPS) per inhabitant","All providers of health care","All financing schemes",":"
"2006","United Kingdom","Purchasing power standard (PPS) per inhabitant","All providers of health care","All financing schemes",":"
"2007","United Kingdom","Purchasing power standard (PPS) per inhabitant","All providers of health care","All financing schemes",":"
"2008","United Kingdom","Purchasing power standard (PPS) per inhabitant","All providers of health care","All financing schemes",":"
"2009","United Kingdom","Purchasing power standard (PPS) per inhabitant","All providers of health care","All financing schemes",":"
"2010","United Kingdom","Purchasing power standard (PPS) per inhabitant","All providers of health care","All financing schemes",":"
"2011","United Kingdom","Purchasing power standard (PPS) per inhabitant","All providers of health care","All financing schemes",":"
"2012","United Kingdom","Purchasing power standard (PPS) per inhabitant","All providers of health care","All financing schemes",":"
"2013","United Kingdom","Purchasing power standard (PPS) per inhabitant","All providers of health care","All financing schemes","2,698.59"
"2014","United Kingdom","Purchasing power standard (PPS) per inhabitant","All providers of health care","All financing schemes","2,795.99"
"2015","United Kingdom","Purchasing power standard (PPS) per inhabitant","All providers of health care","All financing schemes","2,883.85"
"2016","United Kingdom","Purchasing power standard (PPS) per inhabitant","All providers of health care","All financing schemes","2,875.73"
"2017","United Kingdom","Purchasing power standard (PPS) per inhabitant","All providers of health care","All financing schemes","2,899.25"
"2018","United Kingdom","Purchasing power standard (PPS) per inhabitant","All providers of health care","All financing schemes",":"
"2003","Iceland","Purchasing power standard (PPS) per inhabitant","All providers of health care","All financing schemes",":"
"2004","Iceland","Purchasing power standard (PPS) per inhabitant","All providers of health care","All financing schemes",":"
"2005","Iceland","Purchasing power standard (PPS) per inhabitant","All providers of health care","All financing schemes",":"
"2006","Iceland","Purchasing power standard (PPS) per inhabitant","All providers of health care","All financing schemes",":"
"2007","Iceland","Purchasing power standard (PPS) per inhabitant","All providers of health care","All financing schemes",":"
"2008","Iceland","Purchasing power standard (PPS) per inhabitant","All providers of health care","All financing schemes",":"
"2009","Iceland","Purchasing power standard (PPS) per inhabitant","All providers of health care","All financing schemes",":"
"2010","Iceland","Purchasing power standard (PPS) per inhabitant","All providers of health care","All financing schemes",":"
"2011","Iceland","Purchasing power standard (PPS) per inhabitant","All providers of health care","All financing schemes","2,570.82"
"2012","Iceland","Purchasing power standard (PPS) per inhabitant","All providers of health care","All financing schemes","2,623.55"
"2013","Iceland","Purchasing power standard (PPS) per inhabitant","All providers of health care","All financing schemes","2,641.82"
"2014","Iceland","Purchasing power standard (PPS) per inhabitant","All providers of health care","All financing schemes","2,744.33"
"2015","Iceland","Purchasing power standard (PPS) per inhabitant","All providers of health care","All financing schemes","2,910.05"
"2016","Iceland","Purchasing power standard (PPS) per inhabitant","All providers of health care","All financing schemes","2,904.07"
"2017","Iceland","Purchasing power standard (PPS) per inhabitant","All providers of health care","All financing schemes","3,006.35"
"2018","Iceland","Purchasing power standard (PPS) per inhabitant","All providers of health care","All financing schemes","3,176.31"
"2003","Liechtenstein","Purchasing power standard (PPS) per inhabitant","All providers of health care","All financing schemes",":"
"2004","Liechtenstein","Purchasing power standard (PPS) per inhabitant","All providers of health care","All financing schemes",":"
"2005","Liechtenstein","Purchasing power standard (PPS) per inhabitant","All providers of health care","All financing schemes",":"
"2006","Liechtenstein","Purchasing power standard (PPS) per inhabitant","All providers of health care","All financing schemes",":"
"2007","Liechtenstein","Purchasing power standard (PPS) per inhabitant","All providers of health care","All financing schemes",":"
"2008","Liechtenstein","Purchasing power standard (PPS) per inhabitant","All providers of health care","All financing schemes",":"
"2009","Liechtenstein","Purchasing power standard (PPS) per inhabitant","All providers of health care","All financing schemes",":"
"2010","Liechtenstein","Purchasing power standard (PPS) per inhabitant","All providers of health care","All financing schemes",":"
"2011","Liechtenstein","Purchasing power standard (PPS) per inhabitant","All providers of health care","All financing schemes",":"
"2012","Liechtenstein","Purchasing power standard (PPS) per inhabitant","All providers of health care","All financing schemes",":"
"2013","Liechtenstein","Purchasing power standard (PPS) per inhabitant","All providers of health care","All financing schemes",":"
"2014","Liechtenstein","Purchasing power standard (PPS) per inhabitant","All providers of health care","All financing schemes",":"
"2015","Liechtenstein","Purchasing power standard (PPS) per inhabitant","All providers of health care","All financing schemes",":"
"2016","Liechtenstein","Purchasing power standard (PPS) per inhabitant","All providers of health care","All financing schemes",":"
"2017","Liechtenstein","Purchasing power standard (PPS) per inhabitant","All providers of health care","All financing schemes",":"
"2018","Liechtenstein","Purchasing power standard (PPS) per inhabitant","All providers of health care","All financing schemes",":"
"2003","Norway","Purchasing power standard (PPS) per inhabitant","All providers of health care","All financing schemes",":"
"2004","Norway","Purchasing power standard (PPS) per inhabitant","All providers of health care","All financing schemes",":"
"2005","Norway","Purchasing power standard (PPS) per inhabitant","All providers of health care","All financing schemes",":"
"2006","Norway","Purchasing power standard (PPS) per inhabitant","All providers of health care","All financing schemes",":"
"2007","Norway","Purchasing power standard (PPS) per inhabitant","All providers of health care","All financing schemes",":"
"2008","Norway","Purchasing power standard (PPS) per inhabitant","All providers of health care","All financing schemes",":"
"2009","Norway","Purchasing power standard (PPS) per inhabitant","All providers of health care","All financing schemes",":"
"2010","Norway","Purchasing power standard (PPS) per inhabitant","All providers of health care","All financing schemes",":"
"2011","Norway","Purchasing power standard (PPS) per inhabitant","All providers of health care","All financing schemes","3,846.86"
"2012","Norway","Purchasing power standard (PPS) per inhabitant","All providers of health care","All financing schemes","4,021.66"
"2013","Norway","Purchasing power standard (PPS) per inhabitant","All providers of health care","All financing schemes","4,143.44"
"2014","Norway","Purchasing power standard (PPS) per inhabitant","All providers of health care","All financing schemes","4,351.42"
"2015","Norway","Purchasing power standard (PPS) per inhabitant","All providers of health care","All financing schemes","4,462.83"
"2016","Norway","Purchasing power standard (PPS) per inhabitant","All providers of health care","All financing schemes","4,360.96"
"2017","Norway","Purchasing power standard (PPS) per inhabitant","All providers of health care","All financing schemes","4,383.43"
"2018","Norway","Purchasing power standard (PPS) per inhabitant","All providers of health care","All financing schemes","4,515.30"
"2003","Switzerland","Purchasing power standard (PPS) per inhabitant","All providers of health care","All financing schemes",":"
"2004","Switzerland","Purchasing power standard (PPS) per inhabitant","All providers of health care","All financing schemes",":"
"2005","Switzerland","Purchasing power standard (PPS) per inhabitant","All providers of health care","All financing schemes",":"
"2006","Switzerland","Purchasing power standard (PPS) per inhabitant","All providers of health care","All financing schemes",":"
"2007","Switzerland","Purchasing power standard (PPS) per inhabitant","All providers of health care","All financing schemes",":"
"2008","Switzerland","Purchasing power standard (PPS) per inhabitant","All providers of health care","All financing schemes",":"
"2009","Switzerland","Purchasing power standard (PPS) per inhabitant","All providers of health care","All financing schemes",":"
"2010","Switzerland","Purchasing power standard (PPS) per inhabitant","All providers of health care","All financing schemes","4,119.43"
"2011","Switzerland","Purchasing power standard (PPS) per inhabitant","All providers of health care","All financing schemes","4,243.20"
"2012","Switzerland","Purchasing power standard (PPS) per inhabitant","All providers of health care","All financing schemes","4,473.77"
"2013","Switzerland","Purchasing power standard (PPS) per inhabitant","All providers of health care","All financing schemes","4,673.03"
"2014","Switzerland","Purchasing power standard (PPS) per inhabitant","All providers of health care","All financing schemes","4,907.73"
"2015","Switzerland","Purchasing power standard (PPS) per inhabitant","All providers of health care","All financing schemes","5,264.87"
"2016","Switzerland","Purchasing power standard (PPS) per inhabitant","All providers of health care","All financing schemes","5,208.08"
"2017","Switzerland","Purchasing power standard (PPS) per inhabitant","All providers of health care","All financing schemes","5,255.10"
"2018","Switzerland","Purchasing power standard (PPS) per inhabitant","All providers of health care","All financing schemes",":"
