"TIME","GEO","UNIT","ICHA11_HP","ICHA11_HF","Value"
"2003","Belgium","Percentage of gross domestic product (GDP)","All providers of health care","Rest of the world financing schemes (non-resident)","0.00"
"2004","Belgium","Percentage of gross domestic product (GDP)","All providers of health care","Rest of the world financing schemes (non-resident)","0.00"
"2005","Belgium","Percentage of gross domestic product (GDP)","All providers of health care","Rest of the world financing schemes (non-resident)","0.00"
"2006","Belgium","Percentage of gross domestic product (GDP)","All providers of health care","Rest of the world financing schemes (non-resident)","0.00"
"2007","Belgium","Percentage of gross domestic product (GDP)","All providers of health care","Rest of the world financing schemes (non-resident)","0.00"
"2008","Belgium","Percentage of gross domestic product (GDP)","All providers of health care","Rest of the world financing schemes (non-resident)","0.00"
"2009","Belgium","Percentage of gross domestic product (GDP)","All providers of health care","Rest of the world financing schemes (non-resident)","0.00"
"2010","Belgium","Percentage of gross domestic product (GDP)","All providers of health care","Rest of the world financing schemes (non-resident)","0.00"
"2011","Belgium","Percentage of gross domestic product (GDP)","All providers of health care","Rest of the world financing schemes (non-resident)","0.00"
"2012","Belgium","Percentage of gross domestic product (GDP)","All providers of health care","Rest of the world financing schemes (non-resident)","0.00"
"2013","Belgium","Percentage of gross domestic product (GDP)","All providers of health care","Rest of the world financing schemes (non-resident)","0.00"
"2014","Belgium","Percentage of gross domestic product (GDP)","All providers of health care","Rest of the world financing schemes (non-resident)","0.00"
"2015","Belgium","Percentage of gross domestic product (GDP)","All providers of health care","Rest of the world financing schemes (non-resident)","0.00"
"2016","Belgium","Percentage of gross domestic product (GDP)","All providers of health care","Rest of the world financing schemes (non-resident)","0.00"
"2017","Belgium","Percentage of gross domestic product (GDP)","All providers of health care","Rest of the world financing schemes (non-resident)","0.00"
"2018","Belgium","Percentage of gross domestic product (GDP)","All providers of health care","Rest of the world financing schemes (non-resident)","0.00"
"2003","Bulgaria","Percentage of gross domestic product (GDP)","All providers of health care","Rest of the world financing schemes (non-resident)",":"
"2004","Bulgaria","Percentage of gross domestic product (GDP)","All providers of health care","Rest of the world financing schemes (non-resident)",":"
"2005","Bulgaria","Percentage of gross domestic product (GDP)","All providers of health care","Rest of the world financing schemes (non-resident)",":"
"2006","Bulgaria","Percentage of gross domestic product (GDP)","All providers of health care","Rest of the world financing schemes (non-resident)",":"
"2007","Bulgaria","Percentage of gross domestic product (GDP)","All providers of health care","Rest of the world financing schemes (non-resident)",":"
"2008","Bulgaria","Percentage of gross domestic product (GDP)","All providers of health care","Rest of the world financing schemes (non-resident)",":"
"2009","Bulgaria","Percentage of gross domestic product (GDP)","All providers of health care","Rest of the world financing schemes (non-resident)",":"
"2010","Bulgaria","Percentage of gross domestic product (GDP)","All providers of health care","Rest of the world financing schemes (non-resident)",":"
"2011","Bulgaria","Percentage of gross domestic product (GDP)","All providers of health care","Rest of the world financing schemes (non-resident)",":"
"2012","Bulgaria","Percentage of gross domestic product (GDP)","All providers of health care","Rest of the world financing schemes (non-resident)",":"
"2013","Bulgaria","Percentage of gross domestic product (GDP)","All providers of health care","Rest of the world financing schemes (non-resident)","0.00"
"2014","Bulgaria","Percentage of gross domestic product (GDP)","All providers of health care","Rest of the world financing schemes (non-resident)","0.00"
"2015","Bulgaria","Percentage of gross domestic product (GDP)","All providers of health care","Rest of the world financing schemes (non-resident)","0.00"
"2016","Bulgaria","Percentage of gross domestic product (GDP)","All providers of health care","Rest of the world financing schemes (non-resident)","0.00"
"2017","Bulgaria","Percentage of gross domestic product (GDP)","All providers of health care","Rest of the world financing schemes (non-resident)","0.00"
"2018","Bulgaria","Percentage of gross domestic product (GDP)","All providers of health care","Rest of the world financing schemes (non-resident)","0.00"
"2003","Czechia","Percentage of gross domestic product (GDP)","All providers of health care","Rest of the world financing schemes (non-resident)",":"
"2004","Czechia","Percentage of gross domestic product (GDP)","All providers of health care","Rest of the world financing schemes (non-resident)",":"
"2005","Czechia","Percentage of gross domestic product (GDP)","All providers of health care","Rest of the world financing schemes (non-resident)",":"
"2006","Czechia","Percentage of gross domestic product (GDP)","All providers of health care","Rest of the world financing schemes (non-resident)",":"
"2007","Czechia","Percentage of gross domestic product (GDP)","All providers of health care","Rest of the world financing schemes (non-resident)",":"
"2008","Czechia","Percentage of gross domestic product (GDP)","All providers of health care","Rest of the world financing schemes (non-resident)",":"
"2009","Czechia","Percentage of gross domestic product (GDP)","All providers of health care","Rest of the world financing schemes (non-resident)",":"
"2010","Czechia","Percentage of gross domestic product (GDP)","All providers of health care","Rest of the world financing schemes (non-resident)",":"
"2011","Czechia","Percentage of gross domestic product (GDP)","All providers of health care","Rest of the world financing schemes (non-resident)",":"
"2012","Czechia","Percentage of gross domestic product (GDP)","All providers of health care","Rest of the world financing schemes (non-resident)",":"
"2013","Czechia","Percentage of gross domestic product (GDP)","All providers of health care","Rest of the world financing schemes (non-resident)",":"
"2014","Czechia","Percentage of gross domestic product (GDP)","All providers of health care","Rest of the world financing schemes (non-resident)",":"
"2015","Czechia","Percentage of gross domestic product (GDP)","All providers of health care","Rest of the world financing schemes (non-resident)","0.00"
"2016","Czechia","Percentage of gross domestic product (GDP)","All providers of health care","Rest of the world financing schemes (non-resident)",":"
"2017","Czechia","Percentage of gross domestic product (GDP)","All providers of health care","Rest of the world financing schemes (non-resident)",":"
"2018","Czechia","Percentage of gross domestic product (GDP)","All providers of health care","Rest of the world financing schemes (non-resident)",":"
"2003","Denmark","Percentage of gross domestic product (GDP)","All providers of health care","Rest of the world financing schemes (non-resident)",":"
"2004","Denmark","Percentage of gross domestic product (GDP)","All providers of health care","Rest of the world financing schemes (non-resident)",":"
"2005","Denmark","Percentage of gross domestic product (GDP)","All providers of health care","Rest of the world financing schemes (non-resident)",":"
"2006","Denmark","Percentage of gross domestic product (GDP)","All providers of health care","Rest of the world financing schemes (non-resident)",":"
"2007","Denmark","Percentage of gross domestic product (GDP)","All providers of health care","Rest of the world financing schemes (non-resident)",":"
"2008","Denmark","Percentage of gross domestic product (GDP)","All providers of health care","Rest of the world financing schemes (non-resident)",":"
"2009","Denmark","Percentage of gross domestic product (GDP)","All providers of health care","Rest of the world financing schemes (non-resident)",":"
"2010","Denmark","Percentage of gross domestic product (GDP)","All providers of health care","Rest of the world financing schemes (non-resident)","0.00"
"2011","Denmark","Percentage of gross domestic product (GDP)","All providers of health care","Rest of the world financing schemes (non-resident)","0.00"
"2012","Denmark","Percentage of gross domestic product (GDP)","All providers of health care","Rest of the world financing schemes (non-resident)","0.00"
"2013","Denmark","Percentage of gross domestic product (GDP)","All providers of health care","Rest of the world financing schemes (non-resident)","0.00"
"2014","Denmark","Percentage of gross domestic product (GDP)","All providers of health care","Rest of the world financing schemes (non-resident)","0.00"
"2015","Denmark","Percentage of gross domestic product (GDP)","All providers of health care","Rest of the world financing schemes (non-resident)","0.00"
"2016","Denmark","Percentage of gross domestic product (GDP)","All providers of health care","Rest of the world financing schemes (non-resident)","0.00"
"2017","Denmark","Percentage of gross domestic product (GDP)","All providers of health care","Rest of the world financing schemes (non-resident)","0.00"
"2018","Denmark","Percentage of gross domestic product (GDP)","All providers of health care","Rest of the world financing schemes (non-resident)","0.00"
"2003","Germany (until 1990 former territory of the FRG)","Percentage of gross domestic product (GDP)","All providers of health care","Rest of the world financing schemes (non-resident)",":"
"2004","Germany (until 1990 former territory of the FRG)","Percentage of gross domestic product (GDP)","All providers of health care","Rest of the world financing schemes (non-resident)",":"
"2005","Germany (until 1990 former territory of the FRG)","Percentage of gross domestic product (GDP)","All providers of health care","Rest of the world financing schemes (non-resident)",":"
"2006","Germany (until 1990 former territory of the FRG)","Percentage of gross domestic product (GDP)","All providers of health care","Rest of the world financing schemes (non-resident)",":"
"2007","Germany (until 1990 former territory of the FRG)","Percentage of gross domestic product (GDP)","All providers of health care","Rest of the world financing schemes (non-resident)",":"
"2008","Germany (until 1990 former territory of the FRG)","Percentage of gross domestic product (GDP)","All providers of health care","Rest of the world financing schemes (non-resident)",":"
"2009","Germany (until 1990 former territory of the FRG)","Percentage of gross domestic product (GDP)","All providers of health care","Rest of the world financing schemes (non-resident)",":"
"2010","Germany (until 1990 former territory of the FRG)","Percentage of gross domestic product (GDP)","All providers of health care","Rest of the world financing schemes (non-resident)",":"
"2011","Germany (until 1990 former territory of the FRG)","Percentage of gross domestic product (GDP)","All providers of health care","Rest of the world financing schemes (non-resident)",":"
"2012","Germany (until 1990 former territory of the FRG)","Percentage of gross domestic product (GDP)","All providers of health care","Rest of the world financing schemes (non-resident)",":"
"2013","Germany (until 1990 former territory of the FRG)","Percentage of gross domestic product (GDP)","All providers of health care","Rest of the world financing schemes (non-resident)",":"
"2014","Germany (until 1990 former territory of the FRG)","Percentage of gross domestic product (GDP)","All providers of health care","Rest of the world financing schemes (non-resident)",":"
"2015","Germany (until 1990 former territory of the FRG)","Percentage of gross domestic product (GDP)","All providers of health care","Rest of the world financing schemes (non-resident)",":"
"2016","Germany (until 1990 former territory of the FRG)","Percentage of gross domestic product (GDP)","All providers of health care","Rest of the world financing schemes (non-resident)",":"
"2017","Germany (until 1990 former territory of the FRG)","Percentage of gross domestic product (GDP)","All providers of health care","Rest of the world financing schemes (non-resident)",":"
"2018","Germany (until 1990 former territory of the FRG)","Percentage of gross domestic product (GDP)","All providers of health care","Rest of the world financing schemes (non-resident)",":"
"2003","Estonia","Percentage of gross domestic product (GDP)","All providers of health care","Rest of the world financing schemes (non-resident)","0.00"
"2004","Estonia","Percentage of gross domestic product (GDP)","All providers of health care","Rest of the world financing schemes (non-resident)","0.00"
"2005","Estonia","Percentage of gross domestic product (GDP)","All providers of health care","Rest of the world financing schemes (non-resident)","0.00"
"2006","Estonia","Percentage of gross domestic product (GDP)","All providers of health care","Rest of the world financing schemes (non-resident)","0.00"
"2007","Estonia","Percentage of gross domestic product (GDP)","All providers of health care","Rest of the world financing schemes (non-resident)","0.00"
"2008","Estonia","Percentage of gross domestic product (GDP)","All providers of health care","Rest of the world financing schemes (non-resident)","0.00"
"2009","Estonia","Percentage of gross domestic product (GDP)","All providers of health care","Rest of the world financing schemes (non-resident)","0.00"
"2010","Estonia","Percentage of gross domestic product (GDP)","All providers of health care","Rest of the world financing schemes (non-resident)","0.00"
"2011","Estonia","Percentage of gross domestic product (GDP)","All providers of health care","Rest of the world financing schemes (non-resident)","0.00"
"2012","Estonia","Percentage of gross domestic product (GDP)","All providers of health care","Rest of the world financing schemes (non-resident)","0.00"
"2013","Estonia","Percentage of gross domestic product (GDP)","All providers of health care","Rest of the world financing schemes (non-resident)","0.00"
"2014","Estonia","Percentage of gross domestic product (GDP)","All providers of health care","Rest of the world financing schemes (non-resident)","0.00"
"2015","Estonia","Percentage of gross domestic product (GDP)","All providers of health care","Rest of the world financing schemes (non-resident)","0.00"
"2016","Estonia","Percentage of gross domestic product (GDP)","All providers of health care","Rest of the world financing schemes (non-resident)","0.00"
"2017","Estonia","Percentage of gross domestic product (GDP)","All providers of health care","Rest of the world financing schemes (non-resident)","0.00"
"2018","Estonia","Percentage of gross domestic product (GDP)","All providers of health care","Rest of the world financing schemes (non-resident)",":"
"2003","Ireland","Percentage of gross domestic product (GDP)","All providers of health care","Rest of the world financing schemes (non-resident)",":"
"2004","Ireland","Percentage of gross domestic product (GDP)","All providers of health care","Rest of the world financing schemes (non-resident)",":"
"2005","Ireland","Percentage of gross domestic product (GDP)","All providers of health care","Rest of the world financing schemes (non-resident)",":"
"2006","Ireland","Percentage of gross domestic product (GDP)","All providers of health care","Rest of the world financing schemes (non-resident)",":"
"2007","Ireland","Percentage of gross domestic product (GDP)","All providers of health care","Rest of the world financing schemes (non-resident)",":"
"2008","Ireland","Percentage of gross domestic product (GDP)","All providers of health care","Rest of the world financing schemes (non-resident)",":"
"2009","Ireland","Percentage of gross domestic product (GDP)","All providers of health care","Rest of the world financing schemes (non-resident)",":"
"2010","Ireland","Percentage of gross domestic product (GDP)","All providers of health care","Rest of the world financing schemes (non-resident)",":"
"2011","Ireland","Percentage of gross domestic product (GDP)","All providers of health care","Rest of the world financing schemes (non-resident)",":"
"2012","Ireland","Percentage of gross domestic product (GDP)","All providers of health care","Rest of the world financing schemes (non-resident)",":"
"2013","Ireland","Percentage of gross domestic product (GDP)","All providers of health care","Rest of the world financing schemes (non-resident)",":"
"2014","Ireland","Percentage of gross domestic product (GDP)","All providers of health care","Rest of the world financing schemes (non-resident)",":"
"2015","Ireland","Percentage of gross domestic product (GDP)","All providers of health care","Rest of the world financing schemes (non-resident)",":"
"2016","Ireland","Percentage of gross domestic product (GDP)","All providers of health care","Rest of the world financing schemes (non-resident)",":"
"2017","Ireland","Percentage of gross domestic product (GDP)","All providers of health care","Rest of the world financing schemes (non-resident)",":"
"2018","Ireland","Percentage of gross domestic product (GDP)","All providers of health care","Rest of the world financing schemes (non-resident)",":"
"2003","Greece","Percentage of gross domestic product (GDP)","All providers of health care","Rest of the world financing schemes (non-resident)",":"
"2004","Greece","Percentage of gross domestic product (GDP)","All providers of health care","Rest of the world financing schemes (non-resident)",":"
"2005","Greece","Percentage of gross domestic product (GDP)","All providers of health care","Rest of the world financing schemes (non-resident)",":"
"2006","Greece","Percentage of gross domestic product (GDP)","All providers of health care","Rest of the world financing schemes (non-resident)",":"
"2007","Greece","Percentage of gross domestic product (GDP)","All providers of health care","Rest of the world financing schemes (non-resident)",":"
"2008","Greece","Percentage of gross domestic product (GDP)","All providers of health care","Rest of the world financing schemes (non-resident)",":"
"2009","Greece","Percentage of gross domestic product (GDP)","All providers of health care","Rest of the world financing schemes (non-resident)","0.00"
"2010","Greece","Percentage of gross domestic product (GDP)","All providers of health care","Rest of the world financing schemes (non-resident)","0.00"
"2011","Greece","Percentage of gross domestic product (GDP)","All providers of health care","Rest of the world financing schemes (non-resident)","0.02"
"2012","Greece","Percentage of gross domestic product (GDP)","All providers of health care","Rest of the world financing schemes (non-resident)","0.01"
"2013","Greece","Percentage of gross domestic product (GDP)","All providers of health care","Rest of the world financing schemes (non-resident)","0.07"
"2014","Greece","Percentage of gross domestic product (GDP)","All providers of health care","Rest of the world financing schemes (non-resident)","0.10"
"2015","Greece","Percentage of gross domestic product (GDP)","All providers of health care","Rest of the world financing schemes (non-resident)","0.13"
"2016","Greece","Percentage of gross domestic product (GDP)","All providers of health care","Rest of the world financing schemes (non-resident)","0.02"
"2017","Greece","Percentage of gross domestic product (GDP)","All providers of health care","Rest of the world financing schemes (non-resident)","0.01"
"2018","Greece","Percentage of gross domestic product (GDP)","All providers of health care","Rest of the world financing schemes (non-resident)","0.01"
"2003","Spain","Percentage of gross domestic product (GDP)","All providers of health care","Rest of the world financing schemes (non-resident)",":"
"2004","Spain","Percentage of gross domestic product (GDP)","All providers of health care","Rest of the world financing schemes (non-resident)",":"
"2005","Spain","Percentage of gross domestic product (GDP)","All providers of health care","Rest of the world financing schemes (non-resident)",":"
"2006","Spain","Percentage of gross domestic product (GDP)","All providers of health care","Rest of the world financing schemes (non-resident)",":"
"2007","Spain","Percentage of gross domestic product (GDP)","All providers of health care","Rest of the world financing schemes (non-resident)",":"
"2008","Spain","Percentage of gross domestic product (GDP)","All providers of health care","Rest of the world financing schemes (non-resident)",":"
"2009","Spain","Percentage of gross domestic product (GDP)","All providers of health care","Rest of the world financing schemes (non-resident)",":"
"2010","Spain","Percentage of gross domestic product (GDP)","All providers of health care","Rest of the world financing schemes (non-resident)",":"
"2011","Spain","Percentage of gross domestic product (GDP)","All providers of health care","Rest of the world financing schemes (non-resident)",":"
"2012","Spain","Percentage of gross domestic product (GDP)","All providers of health care","Rest of the world financing schemes (non-resident)",":"
"2013","Spain","Percentage of gross domestic product (GDP)","All providers of health care","Rest of the world financing schemes (non-resident)",":"
"2014","Spain","Percentage of gross domestic product (GDP)","All providers of health care","Rest of the world financing schemes (non-resident)",":"
"2015","Spain","Percentage of gross domestic product (GDP)","All providers of health care","Rest of the world financing schemes (non-resident)",":"
"2016","Spain","Percentage of gross domestic product (GDP)","All providers of health care","Rest of the world financing schemes (non-resident)",":"
"2017","Spain","Percentage of gross domestic product (GDP)","All providers of health care","Rest of the world financing schemes (non-resident)",":"
"2018","Spain","Percentage of gross domestic product (GDP)","All providers of health care","Rest of the world financing schemes (non-resident)",":"
"2003","France","Percentage of gross domestic product (GDP)","All providers of health care","Rest of the world financing schemes (non-resident)",":"
"2004","France","Percentage of gross domestic product (GDP)","All providers of health care","Rest of the world financing schemes (non-resident)",":"
"2005","France","Percentage of gross domestic product (GDP)","All providers of health care","Rest of the world financing schemes (non-resident)",":"
"2006","France","Percentage of gross domestic product (GDP)","All providers of health care","Rest of the world financing schemes (non-resident)",":"
"2007","France","Percentage of gross domestic product (GDP)","All providers of health care","Rest of the world financing schemes (non-resident)",":"
"2008","France","Percentage of gross domestic product (GDP)","All providers of health care","Rest of the world financing schemes (non-resident)",":"
"2009","France","Percentage of gross domestic product (GDP)","All providers of health care","Rest of the world financing schemes (non-resident)",":"
"2010","France","Percentage of gross domestic product (GDP)","All providers of health care","Rest of the world financing schemes (non-resident)",":"
"2011","France","Percentage of gross domestic product (GDP)","All providers of health care","Rest of the world financing schemes (non-resident)",":"
"2012","France","Percentage of gross domestic product (GDP)","All providers of health care","Rest of the world financing schemes (non-resident)",":"
"2013","France","Percentage of gross domestic product (GDP)","All providers of health care","Rest of the world financing schemes (non-resident)",":"
"2014","France","Percentage of gross domestic product (GDP)","All providers of health care","Rest of the world financing schemes (non-resident)",":"
"2015","France","Percentage of gross domestic product (GDP)","All providers of health care","Rest of the world financing schemes (non-resident)",":"
"2016","France","Percentage of gross domestic product (GDP)","All providers of health care","Rest of the world financing schemes (non-resident)",":"
"2017","France","Percentage of gross domestic product (GDP)","All providers of health care","Rest of the world financing schemes (non-resident)",":"
"2018","France","Percentage of gross domestic product (GDP)","All providers of health care","Rest of the world financing schemes (non-resident)",":"
"2003","Croatia","Percentage of gross domestic product (GDP)","All providers of health care","Rest of the world financing schemes (non-resident)",":"
"2004","Croatia","Percentage of gross domestic product (GDP)","All providers of health care","Rest of the world financing schemes (non-resident)",":"
"2005","Croatia","Percentage of gross domestic product (GDP)","All providers of health care","Rest of the world financing schemes (non-resident)",":"
"2006","Croatia","Percentage of gross domestic product (GDP)","All providers of health care","Rest of the world financing schemes (non-resident)",":"
"2007","Croatia","Percentage of gross domestic product (GDP)","All providers of health care","Rest of the world financing schemes (non-resident)",":"
"2008","Croatia","Percentage of gross domestic product (GDP)","All providers of health care","Rest of the world financing schemes (non-resident)",":"
"2009","Croatia","Percentage of gross domestic product (GDP)","All providers of health care","Rest of the world financing schemes (non-resident)",":"
"2010","Croatia","Percentage of gross domestic product (GDP)","All providers of health care","Rest of the world financing schemes (non-resident)",":"
"2011","Croatia","Percentage of gross domestic product (GDP)","All providers of health care","Rest of the world financing schemes (non-resident)",":"
"2012","Croatia","Percentage of gross domestic product (GDP)","All providers of health care","Rest of the world financing schemes (non-resident)",":"
"2013","Croatia","Percentage of gross domestic product (GDP)","All providers of health care","Rest of the world financing schemes (non-resident)",":"
"2014","Croatia","Percentage of gross domestic product (GDP)","All providers of health care","Rest of the world financing schemes (non-resident)",":"
"2015","Croatia","Percentage of gross domestic product (GDP)","All providers of health care","Rest of the world financing schemes (non-resident)",":"
"2016","Croatia","Percentage of gross domestic product (GDP)","All providers of health care","Rest of the world financing schemes (non-resident)",":"
"2017","Croatia","Percentage of gross domestic product (GDP)","All providers of health care","Rest of the world financing schemes (non-resident)",":"
"2018","Croatia","Percentage of gross domestic product (GDP)","All providers of health care","Rest of the world financing schemes (non-resident)",":"
"2003","Italy","Percentage of gross domestic product (GDP)","All providers of health care","Rest of the world financing schemes (non-resident)",":"
"2004","Italy","Percentage of gross domestic product (GDP)","All providers of health care","Rest of the world financing schemes (non-resident)",":"
"2005","Italy","Percentage of gross domestic product (GDP)","All providers of health care","Rest of the world financing schemes (non-resident)",":"
"2006","Italy","Percentage of gross domestic product (GDP)","All providers of health care","Rest of the world financing schemes (non-resident)",":"
"2007","Italy","Percentage of gross domestic product (GDP)","All providers of health care","Rest of the world financing schemes (non-resident)",":"
"2008","Italy","Percentage of gross domestic product (GDP)","All providers of health care","Rest of the world financing schemes (non-resident)",":"
"2009","Italy","Percentage of gross domestic product (GDP)","All providers of health care","Rest of the world financing schemes (non-resident)",":"
"2010","Italy","Percentage of gross domestic product (GDP)","All providers of health care","Rest of the world financing schemes (non-resident)",":"
"2011","Italy","Percentage of gross domestic product (GDP)","All providers of health care","Rest of the world financing schemes (non-resident)",":"
"2012","Italy","Percentage of gross domestic product (GDP)","All providers of health care","Rest of the world financing schemes (non-resident)",":"
"2013","Italy","Percentage of gross domestic product (GDP)","All providers of health care","Rest of the world financing schemes (non-resident)",":"
"2014","Italy","Percentage of gross domestic product (GDP)","All providers of health care","Rest of the world financing schemes (non-resident)",":"
"2015","Italy","Percentage of gross domestic product (GDP)","All providers of health care","Rest of the world financing schemes (non-resident)",":"
"2016","Italy","Percentage of gross domestic product (GDP)","All providers of health care","Rest of the world financing schemes (non-resident)",":"
"2017","Italy","Percentage of gross domestic product (GDP)","All providers of health care","Rest of the world financing schemes (non-resident)",":"
"2018","Italy","Percentage of gross domestic product (GDP)","All providers of health care","Rest of the world financing schemes (non-resident)",":"
"2003","Cyprus","Percentage of gross domestic product (GDP)","All providers of health care","Rest of the world financing schemes (non-resident)",":"
"2004","Cyprus","Percentage of gross domestic product (GDP)","All providers of health care","Rest of the world financing schemes (non-resident)",":"
"2005","Cyprus","Percentage of gross domestic product (GDP)","All providers of health care","Rest of the world financing schemes (non-resident)",":"
"2006","Cyprus","Percentage of gross domestic product (GDP)","All providers of health care","Rest of the world financing schemes (non-resident)",":"
"2007","Cyprus","Percentage of gross domestic product (GDP)","All providers of health care","Rest of the world financing schemes (non-resident)",":"
"2008","Cyprus","Percentage of gross domestic product (GDP)","All providers of health care","Rest of the world financing schemes (non-resident)",":"
"2009","Cyprus","Percentage of gross domestic product (GDP)","All providers of health care","Rest of the world financing schemes (non-resident)",":"
"2010","Cyprus","Percentage of gross domestic product (GDP)","All providers of health care","Rest of the world financing schemes (non-resident)","0.02"
"2011","Cyprus","Percentage of gross domestic product (GDP)","All providers of health care","Rest of the world financing schemes (non-resident)","0.02"
"2012","Cyprus","Percentage of gross domestic product (GDP)","All providers of health care","Rest of the world financing schemes (non-resident)","0.02"
"2013","Cyprus","Percentage of gross domestic product (GDP)","All providers of health care","Rest of the world financing schemes (non-resident)","0.03"
"2014","Cyprus","Percentage of gross domestic product (GDP)","All providers of health care","Rest of the world financing schemes (non-resident)","0.03"
"2015","Cyprus","Percentage of gross domestic product (GDP)","All providers of health care","Rest of the world financing schemes (non-resident)","0.05"
"2016","Cyprus","Percentage of gross domestic product (GDP)","All providers of health care","Rest of the world financing schemes (non-resident)",":"
"2017","Cyprus","Percentage of gross domestic product (GDP)","All providers of health care","Rest of the world financing schemes (non-resident)",":"
"2018","Cyprus","Percentage of gross domestic product (GDP)","All providers of health care","Rest of the world financing schemes (non-resident)",":"
"2003","Latvia","Percentage of gross domestic product (GDP)","All providers of health care","Rest of the world financing schemes (non-resident)",":"
"2004","Latvia","Percentage of gross domestic product (GDP)","All providers of health care","Rest of the world financing schemes (non-resident)",":"
"2005","Latvia","Percentage of gross domestic product (GDP)","All providers of health care","Rest of the world financing schemes (non-resident)",":"
"2006","Latvia","Percentage of gross domestic product (GDP)","All providers of health care","Rest of the world financing schemes (non-resident)",":"
"2007","Latvia","Percentage of gross domestic product (GDP)","All providers of health care","Rest of the world financing schemes (non-resident)",":"
"2008","Latvia","Percentage of gross domestic product (GDP)","All providers of health care","Rest of the world financing schemes (non-resident)",":"
"2009","Latvia","Percentage of gross domestic product (GDP)","All providers of health care","Rest of the world financing schemes (non-resident)",":"
"2010","Latvia","Percentage of gross domestic product (GDP)","All providers of health care","Rest of the world financing schemes (non-resident)",":"
"2011","Latvia","Percentage of gross domestic product (GDP)","All providers of health care","Rest of the world financing schemes (non-resident)",":"
"2012","Latvia","Percentage of gross domestic product (GDP)","All providers of health care","Rest of the world financing schemes (non-resident)",":"
"2013","Latvia","Percentage of gross domestic product (GDP)","All providers of health care","Rest of the world financing schemes (non-resident)",":"
"2014","Latvia","Percentage of gross domestic product (GDP)","All providers of health care","Rest of the world financing schemes (non-resident)",":"
"2015","Latvia","Percentage of gross domestic product (GDP)","All providers of health care","Rest of the world financing schemes (non-resident)","0.00"
"2016","Latvia","Percentage of gross domestic product (GDP)","All providers of health care","Rest of the world financing schemes (non-resident)","0.00"
"2017","Latvia","Percentage of gross domestic product (GDP)","All providers of health care","Rest of the world financing schemes (non-resident)","0.00"
"2018","Latvia","Percentage of gross domestic product (GDP)","All providers of health care","Rest of the world financing schemes (non-resident)",":"
"2003","Lithuania","Percentage of gross domestic product (GDP)","All providers of health care","Rest of the world financing schemes (non-resident)",":"
"2004","Lithuania","Percentage of gross domestic product (GDP)","All providers of health care","Rest of the world financing schemes (non-resident)",":"
"2005","Lithuania","Percentage of gross domestic product (GDP)","All providers of health care","Rest of the world financing schemes (non-resident)",":"
"2006","Lithuania","Percentage of gross domestic product (GDP)","All providers of health care","Rest of the world financing schemes (non-resident)","0.00"
"2007","Lithuania","Percentage of gross domestic product (GDP)","All providers of health care","Rest of the world financing schemes (non-resident)","0.00"
"2008","Lithuania","Percentage of gross domestic product (GDP)","All providers of health care","Rest of the world financing schemes (non-resident)","0.00"
"2009","Lithuania","Percentage of gross domestic product (GDP)","All providers of health care","Rest of the world financing schemes (non-resident)","0.00"
"2010","Lithuania","Percentage of gross domestic product (GDP)","All providers of health care","Rest of the world financing schemes (non-resident)","0.00"
"2011","Lithuania","Percentage of gross domestic product (GDP)","All providers of health care","Rest of the world financing schemes (non-resident)","0.01"
"2012","Lithuania","Percentage of gross domestic product (GDP)","All providers of health care","Rest of the world financing schemes (non-resident)","0.00"
"2013","Lithuania","Percentage of gross domestic product (GDP)","All providers of health care","Rest of the world financing schemes (non-resident)","0.00"
"2014","Lithuania","Percentage of gross domestic product (GDP)","All providers of health care","Rest of the world financing schemes (non-resident)","0.00"
"2015","Lithuania","Percentage of gross domestic product (GDP)","All providers of health care","Rest of the world financing schemes (non-resident)","0.00"
"2016","Lithuania","Percentage of gross domestic product (GDP)","All providers of health care","Rest of the world financing schemes (non-resident)","0.00"
"2017","Lithuania","Percentage of gross domestic product (GDP)","All providers of health care","Rest of the world financing schemes (non-resident)","0.00"
"2018","Lithuania","Percentage of gross domestic product (GDP)","All providers of health care","Rest of the world financing schemes (non-resident)","0.00"
"2003","Luxembourg","Percentage of gross domestic product (GDP)","All providers of health care","Rest of the world financing schemes (non-resident)",":"
"2004","Luxembourg","Percentage of gross domestic product (GDP)","All providers of health care","Rest of the world financing schemes (non-resident)",":"
"2005","Luxembourg","Percentage of gross domestic product (GDP)","All providers of health care","Rest of the world financing schemes (non-resident)",":"
"2006","Luxembourg","Percentage of gross domestic product (GDP)","All providers of health care","Rest of the world financing schemes (non-resident)",":"
"2007","Luxembourg","Percentage of gross domestic product (GDP)","All providers of health care","Rest of the world financing schemes (non-resident)",":"
"2008","Luxembourg","Percentage of gross domestic product (GDP)","All providers of health care","Rest of the world financing schemes (non-resident)",":"
"2009","Luxembourg","Percentage of gross domestic product (GDP)","All providers of health care","Rest of the world financing schemes (non-resident)",":"
"2010","Luxembourg","Percentage of gross domestic product (GDP)","All providers of health care","Rest of the world financing schemes (non-resident)",":"
"2011","Luxembourg","Percentage of gross domestic product (GDP)","All providers of health care","Rest of the world financing schemes (non-resident)",":"
"2012","Luxembourg","Percentage of gross domestic product (GDP)","All providers of health care","Rest of the world financing schemes (non-resident)","0.09"
"2013","Luxembourg","Percentage of gross domestic product (GDP)","All providers of health care","Rest of the world financing schemes (non-resident)","0.08"
"2014","Luxembourg","Percentage of gross domestic product (GDP)","All providers of health care","Rest of the world financing schemes (non-resident)","0.08"
"2015","Luxembourg","Percentage of gross domestic product (GDP)","All providers of health care","Rest of the world financing schemes (non-resident)","0.07"
"2016","Luxembourg","Percentage of gross domestic product (GDP)","All providers of health care","Rest of the world financing schemes (non-resident)","0.07"
"2017","Luxembourg","Percentage of gross domestic product (GDP)","All providers of health care","Rest of the world financing schemes (non-resident)","0.07"
"2018","Luxembourg","Percentage of gross domestic product (GDP)","All providers of health care","Rest of the world financing schemes (non-resident)","0.07"
"2003","Hungary","Percentage of gross domestic product (GDP)","All providers of health care","Rest of the world financing schemes (non-resident)",":"
"2004","Hungary","Percentage of gross domestic product (GDP)","All providers of health care","Rest of the world financing schemes (non-resident)",":"
"2005","Hungary","Percentage of gross domestic product (GDP)","All providers of health care","Rest of the world financing schemes (non-resident)",":"
"2006","Hungary","Percentage of gross domestic product (GDP)","All providers of health care","Rest of the world financing schemes (non-resident)","0.00"
"2007","Hungary","Percentage of gross domestic product (GDP)","All providers of health care","Rest of the world financing schemes (non-resident)","0.00"
"2008","Hungary","Percentage of gross domestic product (GDP)","All providers of health care","Rest of the world financing schemes (non-resident)","0.00"
"2009","Hungary","Percentage of gross domestic product (GDP)","All providers of health care","Rest of the world financing schemes (non-resident)","0.00"
"2010","Hungary","Percentage of gross domestic product (GDP)","All providers of health care","Rest of the world financing schemes (non-resident)","0.00"
"2011","Hungary","Percentage of gross domestic product (GDP)","All providers of health care","Rest of the world financing schemes (non-resident)","0.00"
"2012","Hungary","Percentage of gross domestic product (GDP)","All providers of health care","Rest of the world financing schemes (non-resident)","0.00"
"2013","Hungary","Percentage of gross domestic product (GDP)","All providers of health care","Rest of the world financing schemes (non-resident)","0.00"
"2014","Hungary","Percentage of gross domestic product (GDP)","All providers of health care","Rest of the world financing schemes (non-resident)","0.00"
"2015","Hungary","Percentage of gross domestic product (GDP)","All providers of health care","Rest of the world financing schemes (non-resident)","0.00"
"2016","Hungary","Percentage of gross domestic product (GDP)","All providers of health care","Rest of the world financing schemes (non-resident)","0.00"
"2017","Hungary","Percentage of gross domestic product (GDP)","All providers of health care","Rest of the world financing schemes (non-resident)","0.00"
"2018","Hungary","Percentage of gross domestic product (GDP)","All providers of health care","Rest of the world financing schemes (non-resident)","0.00"
"2003","Malta","Percentage of gross domestic product (GDP)","All providers of health care","Rest of the world financing schemes (non-resident)",":"
"2004","Malta","Percentage of gross domestic product (GDP)","All providers of health care","Rest of the world financing schemes (non-resident)",":"
"2005","Malta","Percentage of gross domestic product (GDP)","All providers of health care","Rest of the world financing schemes (non-resident)",":"
"2006","Malta","Percentage of gross domestic product (GDP)","All providers of health care","Rest of the world financing schemes (non-resident)",":"
"2007","Malta","Percentage of gross domestic product (GDP)","All providers of health care","Rest of the world financing schemes (non-resident)",":"
"2008","Malta","Percentage of gross domestic product (GDP)","All providers of health care","Rest of the world financing schemes (non-resident)",":"
"2009","Malta","Percentage of gross domestic product (GDP)","All providers of health care","Rest of the world financing schemes (non-resident)",":"
"2010","Malta","Percentage of gross domestic product (GDP)","All providers of health care","Rest of the world financing schemes (non-resident)",":"
"2011","Malta","Percentage of gross domestic product (GDP)","All providers of health care","Rest of the world financing schemes (non-resident)",":"
"2012","Malta","Percentage of gross domestic product (GDP)","All providers of health care","Rest of the world financing schemes (non-resident)",":"
"2013","Malta","Percentage of gross domestic product (GDP)","All providers of health care","Rest of the world financing schemes (non-resident)",":"
"2014","Malta","Percentage of gross domestic product (GDP)","All providers of health care","Rest of the world financing schemes (non-resident)",":"
"2015","Malta","Percentage of gross domestic product (GDP)","All providers of health care","Rest of the world financing schemes (non-resident)",":"
"2016","Malta","Percentage of gross domestic product (GDP)","All providers of health care","Rest of the world financing schemes (non-resident)",":"
"2017","Malta","Percentage of gross domestic product (GDP)","All providers of health care","Rest of the world financing schemes (non-resident)",":"
"2018","Malta","Percentage of gross domestic product (GDP)","All providers of health care","Rest of the world financing schemes (non-resident)",":"
"2003","Netherlands","Percentage of gross domestic product (GDP)","All providers of health care","Rest of the world financing schemes (non-resident)","0.00"
"2004","Netherlands","Percentage of gross domestic product (GDP)","All providers of health care","Rest of the world financing schemes (non-resident)","0.00"
"2005","Netherlands","Percentage of gross domestic product (GDP)","All providers of health care","Rest of the world financing schemes (non-resident)","0.00"
"2006","Netherlands","Percentage of gross domestic product (GDP)","All providers of health care","Rest of the world financing schemes (non-resident)","0.00"
"2007","Netherlands","Percentage of gross domestic product (GDP)","All providers of health care","Rest of the world financing schemes (non-resident)","0.00"
"2008","Netherlands","Percentage of gross domestic product (GDP)","All providers of health care","Rest of the world financing schemes (non-resident)","0.00"
"2009","Netherlands","Percentage of gross domestic product (GDP)","All providers of health care","Rest of the world financing schemes (non-resident)","0.00"
"2010","Netherlands","Percentage of gross domestic product (GDP)","All providers of health care","Rest of the world financing schemes (non-resident)","0.00"
"2011","Netherlands","Percentage of gross domestic product (GDP)","All providers of health care","Rest of the world financing schemes (non-resident)","0.00"
"2012","Netherlands","Percentage of gross domestic product (GDP)","All providers of health care","Rest of the world financing schemes (non-resident)","0.00"
"2013","Netherlands","Percentage of gross domestic product (GDP)","All providers of health care","Rest of the world financing schemes (non-resident)","0.00"
"2014","Netherlands","Percentage of gross domestic product (GDP)","All providers of health care","Rest of the world financing schemes (non-resident)","0.00"
"2015","Netherlands","Percentage of gross domestic product (GDP)","All providers of health care","Rest of the world financing schemes (non-resident)","0.00"
"2016","Netherlands","Percentage of gross domestic product (GDP)","All providers of health care","Rest of the world financing schemes (non-resident)","0.00"
"2017","Netherlands","Percentage of gross domestic product (GDP)","All providers of health care","Rest of the world financing schemes (non-resident)","0.00"
"2018","Netherlands","Percentage of gross domestic product (GDP)","All providers of health care","Rest of the world financing schemes (non-resident)","0.00"
"2003","Austria","Percentage of gross domestic product (GDP)","All providers of health care","Rest of the world financing schemes (non-resident)",":"
"2004","Austria","Percentage of gross domestic product (GDP)","All providers of health care","Rest of the world financing schemes (non-resident)",":"
"2005","Austria","Percentage of gross domestic product (GDP)","All providers of health care","Rest of the world financing schemes (non-resident)",":"
"2006","Austria","Percentage of gross domestic product (GDP)","All providers of health care","Rest of the world financing schemes (non-resident)",":"
"2007","Austria","Percentage of gross domestic product (GDP)","All providers of health care","Rest of the world financing schemes (non-resident)",":"
"2008","Austria","Percentage of gross domestic product (GDP)","All providers of health care","Rest of the world financing schemes (non-resident)",":"
"2009","Austria","Percentage of gross domestic product (GDP)","All providers of health care","Rest of the world financing schemes (non-resident)",":"
"2010","Austria","Percentage of gross domestic product (GDP)","All providers of health care","Rest of the world financing schemes (non-resident)",":"
"2011","Austria","Percentage of gross domestic product (GDP)","All providers of health care","Rest of the world financing schemes (non-resident)",":"
"2012","Austria","Percentage of gross domestic product (GDP)","All providers of health care","Rest of the world financing schemes (non-resident)",":"
"2013","Austria","Percentage of gross domestic product (GDP)","All providers of health care","Rest of the world financing schemes (non-resident)",":"
"2014","Austria","Percentage of gross domestic product (GDP)","All providers of health care","Rest of the world financing schemes (non-resident)",":"
"2015","Austria","Percentage of gross domestic product (GDP)","All providers of health care","Rest of the world financing schemes (non-resident)",":"
"2016","Austria","Percentage of gross domestic product (GDP)","All providers of health care","Rest of the world financing schemes (non-resident)",":"
"2017","Austria","Percentage of gross domestic product (GDP)","All providers of health care","Rest of the world financing schemes (non-resident)",":"
"2018","Austria","Percentage of gross domestic product (GDP)","All providers of health care","Rest of the world financing schemes (non-resident)","0.00"
"2003","Poland","Percentage of gross domestic product (GDP)","All providers of health care","Rest of the world financing schemes (non-resident)",":"
"2004","Poland","Percentage of gross domestic product (GDP)","All providers of health care","Rest of the world financing schemes (non-resident)",":"
"2005","Poland","Percentage of gross domestic product (GDP)","All providers of health care","Rest of the world financing schemes (non-resident)",":"
"2006","Poland","Percentage of gross domestic product (GDP)","All providers of health care","Rest of the world financing schemes (non-resident)",":"
"2007","Poland","Percentage of gross domestic product (GDP)","All providers of health care","Rest of the world financing schemes (non-resident)",":"
"2008","Poland","Percentage of gross domestic product (GDP)","All providers of health care","Rest of the world financing schemes (non-resident)",":"
"2009","Poland","Percentage of gross domestic product (GDP)","All providers of health care","Rest of the world financing schemes (non-resident)",":"
"2010","Poland","Percentage of gross domestic product (GDP)","All providers of health care","Rest of the world financing schemes (non-resident)",":"
"2011","Poland","Percentage of gross domestic product (GDP)","All providers of health care","Rest of the world financing schemes (non-resident)",":"
"2012","Poland","Percentage of gross domestic product (GDP)","All providers of health care","Rest of the world financing schemes (non-resident)",":"
"2013","Poland","Percentage of gross domestic product (GDP)","All providers of health care","Rest of the world financing schemes (non-resident)","0.00"
"2014","Poland","Percentage of gross domestic product (GDP)","All providers of health care","Rest of the world financing schemes (non-resident)","0.00"
"2015","Poland","Percentage of gross domestic product (GDP)","All providers of health care","Rest of the world financing schemes (non-resident)","0.00"
"2016","Poland","Percentage of gross domestic product (GDP)","All providers of health care","Rest of the world financing schemes (non-resident)","0.00"
"2017","Poland","Percentage of gross domestic product (GDP)","All providers of health care","Rest of the world financing schemes (non-resident)",":"
"2018","Poland","Percentage of gross domestic product (GDP)","All providers of health care","Rest of the world financing schemes (non-resident)",":"
"2003","Portugal","Percentage of gross domestic product (GDP)","All providers of health care","Rest of the world financing schemes (non-resident)",":"
"2004","Portugal","Percentage of gross domestic product (GDP)","All providers of health care","Rest of the world financing schemes (non-resident)",":"
"2005","Portugal","Percentage of gross domestic product (GDP)","All providers of health care","Rest of the world financing schemes (non-resident)",":"
"2006","Portugal","Percentage of gross domestic product (GDP)","All providers of health care","Rest of the world financing schemes (non-resident)",":"
"2007","Portugal","Percentage of gross domestic product (GDP)","All providers of health care","Rest of the world financing schemes (non-resident)",":"
"2008","Portugal","Percentage of gross domestic product (GDP)","All providers of health care","Rest of the world financing schemes (non-resident)",":"
"2009","Portugal","Percentage of gross domestic product (GDP)","All providers of health care","Rest of the world financing schemes (non-resident)",":"
"2010","Portugal","Percentage of gross domestic product (GDP)","All providers of health care","Rest of the world financing schemes (non-resident)",":"
"2011","Portugal","Percentage of gross domestic product (GDP)","All providers of health care","Rest of the world financing schemes (non-resident)",":"
"2012","Portugal","Percentage of gross domestic product (GDP)","All providers of health care","Rest of the world financing schemes (non-resident)",":"
"2013","Portugal","Percentage of gross domestic product (GDP)","All providers of health care","Rest of the world financing schemes (non-resident)",":"
"2014","Portugal","Percentage of gross domestic product (GDP)","All providers of health care","Rest of the world financing schemes (non-resident)",":"
"2015","Portugal","Percentage of gross domestic product (GDP)","All providers of health care","Rest of the world financing schemes (non-resident)",":"
"2016","Portugal","Percentage of gross domestic product (GDP)","All providers of health care","Rest of the world financing schemes (non-resident)",":"
"2017","Portugal","Percentage of gross domestic product (GDP)","All providers of health care","Rest of the world financing schemes (non-resident)",":"
"2018","Portugal","Percentage of gross domestic product (GDP)","All providers of health care","Rest of the world financing schemes (non-resident)",":"
"2003","Romania","Percentage of gross domestic product (GDP)","All providers of health care","Rest of the world financing schemes (non-resident)",":"
"2004","Romania","Percentage of gross domestic product (GDP)","All providers of health care","Rest of the world financing schemes (non-resident)",":"
"2005","Romania","Percentage of gross domestic product (GDP)","All providers of health care","Rest of the world financing schemes (non-resident)",":"
"2006","Romania","Percentage of gross domestic product (GDP)","All providers of health care","Rest of the world financing schemes (non-resident)",":"
"2007","Romania","Percentage of gross domestic product (GDP)","All providers of health care","Rest of the world financing schemes (non-resident)",":"
"2008","Romania","Percentage of gross domestic product (GDP)","All providers of health care","Rest of the world financing schemes (non-resident)",":"
"2009","Romania","Percentage of gross domestic product (GDP)","All providers of health care","Rest of the world financing schemes (non-resident)",":"
"2010","Romania","Percentage of gross domestic product (GDP)","All providers of health care","Rest of the world financing schemes (non-resident)",":"
"2011","Romania","Percentage of gross domestic product (GDP)","All providers of health care","Rest of the world financing schemes (non-resident)",":"
"2012","Romania","Percentage of gross domestic product (GDP)","All providers of health care","Rest of the world financing schemes (non-resident)",":"
"2013","Romania","Percentage of gross domestic product (GDP)","All providers of health care","Rest of the world financing schemes (non-resident)",":"
"2014","Romania","Percentage of gross domestic product (GDP)","All providers of health care","Rest of the world financing schemes (non-resident)",":"
"2015","Romania","Percentage of gross domestic product (GDP)","All providers of health care","Rest of the world financing schemes (non-resident)",":"
"2016","Romania","Percentage of gross domestic product (GDP)","All providers of health care","Rest of the world financing schemes (non-resident)",":"
"2017","Romania","Percentage of gross domestic product (GDP)","All providers of health care","Rest of the world financing schemes (non-resident)","0.00"
"2018","Romania","Percentage of gross domestic product (GDP)","All providers of health care","Rest of the world financing schemes (non-resident)",":"
"2003","Slovenia","Percentage of gross domestic product (GDP)","All providers of health care","Rest of the world financing schemes (non-resident)",":"
"2004","Slovenia","Percentage of gross domestic product (GDP)","All providers of health care","Rest of the world financing schemes (non-resident)",":"
"2005","Slovenia","Percentage of gross domestic product (GDP)","All providers of health care","Rest of the world financing schemes (non-resident)",":"
"2006","Slovenia","Percentage of gross domestic product (GDP)","All providers of health care","Rest of the world financing schemes (non-resident)",":"
"2007","Slovenia","Percentage of gross domestic product (GDP)","All providers of health care","Rest of the world financing schemes (non-resident)",":"
"2008","Slovenia","Percentage of gross domestic product (GDP)","All providers of health care","Rest of the world financing schemes (non-resident)",":"
"2009","Slovenia","Percentage of gross domestic product (GDP)","All providers of health care","Rest of the world financing schemes (non-resident)",":"
"2010","Slovenia","Percentage of gross domestic product (GDP)","All providers of health care","Rest of the world financing schemes (non-resident)",":"
"2011","Slovenia","Percentage of gross domestic product (GDP)","All providers of health care","Rest of the world financing schemes (non-resident)",":"
"2012","Slovenia","Percentage of gross domestic product (GDP)","All providers of health care","Rest of the world financing schemes (non-resident)",":"
"2013","Slovenia","Percentage of gross domestic product (GDP)","All providers of health care","Rest of the world financing schemes (non-resident)",":"
"2014","Slovenia","Percentage of gross domestic product (GDP)","All providers of health care","Rest of the world financing schemes (non-resident)",":"
"2015","Slovenia","Percentage of gross domestic product (GDP)","All providers of health care","Rest of the world financing schemes (non-resident)",":"
"2016","Slovenia","Percentage of gross domestic product (GDP)","All providers of health care","Rest of the world financing schemes (non-resident)",":"
"2017","Slovenia","Percentage of gross domestic product (GDP)","All providers of health care","Rest of the world financing schemes (non-resident)",":"
"2018","Slovenia","Percentage of gross domestic product (GDP)","All providers of health care","Rest of the world financing schemes (non-resident)",":"
"2003","Slovakia","Percentage of gross domestic product (GDP)","All providers of health care","Rest of the world financing schemes (non-resident)",":"
"2004","Slovakia","Percentage of gross domestic product (GDP)","All providers of health care","Rest of the world financing schemes (non-resident)",":"
"2005","Slovakia","Percentage of gross domestic product (GDP)","All providers of health care","Rest of the world financing schemes (non-resident)",":"
"2006","Slovakia","Percentage of gross domestic product (GDP)","All providers of health care","Rest of the world financing schemes (non-resident)",":"
"2007","Slovakia","Percentage of gross domestic product (GDP)","All providers of health care","Rest of the world financing schemes (non-resident)",":"
"2008","Slovakia","Percentage of gross domestic product (GDP)","All providers of health care","Rest of the world financing schemes (non-resident)",":"
"2009","Slovakia","Percentage of gross domestic product (GDP)","All providers of health care","Rest of the world financing schemes (non-resident)",":"
"2010","Slovakia","Percentage of gross domestic product (GDP)","All providers of health care","Rest of the world financing schemes (non-resident)",":"
"2011","Slovakia","Percentage of gross domestic product (GDP)","All providers of health care","Rest of the world financing schemes (non-resident)",":"
"2012","Slovakia","Percentage of gross domestic product (GDP)","All providers of health care","Rest of the world financing schemes (non-resident)",":"
"2013","Slovakia","Percentage of gross domestic product (GDP)","All providers of health care","Rest of the world financing schemes (non-resident)",":"
"2014","Slovakia","Percentage of gross domestic product (GDP)","All providers of health care","Rest of the world financing schemes (non-resident)",":"
"2015","Slovakia","Percentage of gross domestic product (GDP)","All providers of health care","Rest of the world financing schemes (non-resident)",":"
"2016","Slovakia","Percentage of gross domestic product (GDP)","All providers of health care","Rest of the world financing schemes (non-resident)",":"
"2017","Slovakia","Percentage of gross domestic product (GDP)","All providers of health care","Rest of the world financing schemes (non-resident)",":"
"2018","Slovakia","Percentage of gross domestic product (GDP)","All providers of health care","Rest of the world financing schemes (non-resident)",":"
"2003","Finland","Percentage of gross domestic product (GDP)","All providers of health care","Rest of the world financing schemes (non-resident)",":"
"2004","Finland","Percentage of gross domestic product (GDP)","All providers of health care","Rest of the world financing schemes (non-resident)",":"
"2005","Finland","Percentage of gross domestic product (GDP)","All providers of health care","Rest of the world financing schemes (non-resident)",":"
"2006","Finland","Percentage of gross domestic product (GDP)","All providers of health care","Rest of the world financing schemes (non-resident)",":"
"2007","Finland","Percentage of gross domestic product (GDP)","All providers of health care","Rest of the world financing schemes (non-resident)",":"
"2008","Finland","Percentage of gross domestic product (GDP)","All providers of health care","Rest of the world financing schemes (non-resident)",":"
"2009","Finland","Percentage of gross domestic product (GDP)","All providers of health care","Rest of the world financing schemes (non-resident)",":"
"2010","Finland","Percentage of gross domestic product (GDP)","All providers of health care","Rest of the world financing schemes (non-resident)",":"
"2011","Finland","Percentage of gross domestic product (GDP)","All providers of health care","Rest of the world financing schemes (non-resident)",":"
"2012","Finland","Percentage of gross domestic product (GDP)","All providers of health care","Rest of the world financing schemes (non-resident)",":"
"2013","Finland","Percentage of gross domestic product (GDP)","All providers of health care","Rest of the world financing schemes (non-resident)",":"
"2014","Finland","Percentage of gross domestic product (GDP)","All providers of health care","Rest of the world financing schemes (non-resident)",":"
"2015","Finland","Percentage of gross domestic product (GDP)","All providers of health care","Rest of the world financing schemes (non-resident)",":"
"2016","Finland","Percentage of gross domestic product (GDP)","All providers of health care","Rest of the world financing schemes (non-resident)",":"
"2017","Finland","Percentage of gross domestic product (GDP)","All providers of health care","Rest of the world financing schemes (non-resident)",":"
"2018","Finland","Percentage of gross domestic product (GDP)","All providers of health care","Rest of the world financing schemes (non-resident)",":"
"2003","Sweden","Percentage of gross domestic product (GDP)","All providers of health care","Rest of the world financing schemes (non-resident)",":"
"2004","Sweden","Percentage of gross domestic product (GDP)","All providers of health care","Rest of the world financing schemes (non-resident)",":"
"2005","Sweden","Percentage of gross domestic product (GDP)","All providers of health care","Rest of the world financing schemes (non-resident)",":"
"2006","Sweden","Percentage of gross domestic product (GDP)","All providers of health care","Rest of the world financing schemes (non-resident)",":"
"2007","Sweden","Percentage of gross domestic product (GDP)","All providers of health care","Rest of the world financing schemes (non-resident)",":"
"2008","Sweden","Percentage of gross domestic product (GDP)","All providers of health care","Rest of the world financing schemes (non-resident)",":"
"2009","Sweden","Percentage of gross domestic product (GDP)","All providers of health care","Rest of the world financing schemes (non-resident)",":"
"2010","Sweden","Percentage of gross domestic product (GDP)","All providers of health care","Rest of the world financing schemes (non-resident)",":"
"2011","Sweden","Percentage of gross domestic product (GDP)","All providers of health care","Rest of the world financing schemes (non-resident)",":"
"2012","Sweden","Percentage of gross domestic product (GDP)","All providers of health care","Rest of the world financing schemes (non-resident)",":"
"2013","Sweden","Percentage of gross domestic product (GDP)","All providers of health care","Rest of the world financing schemes (non-resident)",":"
"2014","Sweden","Percentage of gross domestic product (GDP)","All providers of health care","Rest of the world financing schemes (non-resident)",":"
"2015","Sweden","Percentage of gross domestic product (GDP)","All providers of health care","Rest of the world financing schemes (non-resident)",":"
"2016","Sweden","Percentage of gross domestic product (GDP)","All providers of health care","Rest of the world financing schemes (non-resident)",":"
"2017","Sweden","Percentage of gross domestic product (GDP)","All providers of health care","Rest of the world financing schemes (non-resident)",":"
"2018","Sweden","Percentage of gross domestic product (GDP)","All providers of health care","Rest of the world financing schemes (non-resident)",":"
"2003","United Kingdom","Percentage of gross domestic product (GDP)","All providers of health care","Rest of the world financing schemes (non-resident)",":"
"2004","United Kingdom","Percentage of gross domestic product (GDP)","All providers of health care","Rest of the world financing schemes (non-resident)",":"
"2005","United Kingdom","Percentage of gross domestic product (GDP)","All providers of health care","Rest of the world financing schemes (non-resident)",":"
"2006","United Kingdom","Percentage of gross domestic product (GDP)","All providers of health care","Rest of the world financing schemes (non-resident)",":"
"2007","United Kingdom","Percentage of gross domestic product (GDP)","All providers of health care","Rest of the world financing schemes (non-resident)",":"
"2008","United Kingdom","Percentage of gross domestic product (GDP)","All providers of health care","Rest of the world financing schemes (non-resident)",":"
"2009","United Kingdom","Percentage of gross domestic product (GDP)","All providers of health care","Rest of the world financing schemes (non-resident)",":"
"2010","United Kingdom","Percentage of gross domestic product (GDP)","All providers of health care","Rest of the world financing schemes (non-resident)",":"
"2011","United Kingdom","Percentage of gross domestic product (GDP)","All providers of health care","Rest of the world financing schemes (non-resident)",":"
"2012","United Kingdom","Percentage of gross domestic product (GDP)","All providers of health care","Rest of the world financing schemes (non-resident)",":"
"2013","United Kingdom","Percentage of gross domestic product (GDP)","All providers of health care","Rest of the world financing schemes (non-resident)","0.00"
"2014","United Kingdom","Percentage of gross domestic product (GDP)","All providers of health care","Rest of the world financing schemes (non-resident)","0.00"
"2015","United Kingdom","Percentage of gross domestic product (GDP)","All providers of health care","Rest of the world financing schemes (non-resident)","0.00"
"2016","United Kingdom","Percentage of gross domestic product (GDP)","All providers of health care","Rest of the world financing schemes (non-resident)","0.00"
"2017","United Kingdom","Percentage of gross domestic product (GDP)","All providers of health care","Rest of the world financing schemes (non-resident)","0.00"
"2018","United Kingdom","Percentage of gross domestic product (GDP)","All providers of health care","Rest of the world financing schemes (non-resident)",":"
"2003","Iceland","Percentage of gross domestic product (GDP)","All providers of health care","Rest of the world financing schemes (non-resident)",":"
"2004","Iceland","Percentage of gross domestic product (GDP)","All providers of health care","Rest of the world financing schemes (non-resident)",":"
"2005","Iceland","Percentage of gross domestic product (GDP)","All providers of health care","Rest of the world financing schemes (non-resident)",":"
"2006","Iceland","Percentage of gross domestic product (GDP)","All providers of health care","Rest of the world financing schemes (non-resident)",":"
"2007","Iceland","Percentage of gross domestic product (GDP)","All providers of health care","Rest of the world financing schemes (non-resident)",":"
"2008","Iceland","Percentage of gross domestic product (GDP)","All providers of health care","Rest of the world financing schemes (non-resident)",":"
"2009","Iceland","Percentage of gross domestic product (GDP)","All providers of health care","Rest of the world financing schemes (non-resident)",":"
"2010","Iceland","Percentage of gross domestic product (GDP)","All providers of health care","Rest of the world financing schemes (non-resident)",":"
"2011","Iceland","Percentage of gross domestic product (GDP)","All providers of health care","Rest of the world financing schemes (non-resident)","0.00"
"2012","Iceland","Percentage of gross domestic product (GDP)","All providers of health care","Rest of the world financing schemes (non-resident)","0.00"
"2013","Iceland","Percentage of gross domestic product (GDP)","All providers of health care","Rest of the world financing schemes (non-resident)","0.00"
"2014","Iceland","Percentage of gross domestic product (GDP)","All providers of health care","Rest of the world financing schemes (non-resident)","0.00"
"2015","Iceland","Percentage of gross domestic product (GDP)","All providers of health care","Rest of the world financing schemes (non-resident)","0.00"
"2016","Iceland","Percentage of gross domestic product (GDP)","All providers of health care","Rest of the world financing schemes (non-resident)","0.00"
"2017","Iceland","Percentage of gross domestic product (GDP)","All providers of health care","Rest of the world financing schemes (non-resident)","0.00"
"2018","Iceland","Percentage of gross domestic product (GDP)","All providers of health care","Rest of the world financing schemes (non-resident)","0.00"
"2003","Liechtenstein","Percentage of gross domestic product (GDP)","All providers of health care","Rest of the world financing schemes (non-resident)",":"
"2004","Liechtenstein","Percentage of gross domestic product (GDP)","All providers of health care","Rest of the world financing schemes (non-resident)",":"
"2005","Liechtenstein","Percentage of gross domestic product (GDP)","All providers of health care","Rest of the world financing schemes (non-resident)",":"
"2006","Liechtenstein","Percentage of gross domestic product (GDP)","All providers of health care","Rest of the world financing schemes (non-resident)",":"
"2007","Liechtenstein","Percentage of gross domestic product (GDP)","All providers of health care","Rest of the world financing schemes (non-resident)",":"
"2008","Liechtenstein","Percentage of gross domestic product (GDP)","All providers of health care","Rest of the world financing schemes (non-resident)",":"
"2009","Liechtenstein","Percentage of gross domestic product (GDP)","All providers of health care","Rest of the world financing schemes (non-resident)",":"
"2010","Liechtenstein","Percentage of gross domestic product (GDP)","All providers of health care","Rest of the world financing schemes (non-resident)",":"
"2011","Liechtenstein","Percentage of gross domestic product (GDP)","All providers of health care","Rest of the world financing schemes (non-resident)",":"
"2012","Liechtenstein","Percentage of gross domestic product (GDP)","All providers of health care","Rest of the world financing schemes (non-resident)",":"
"2013","Liechtenstein","Percentage of gross domestic product (GDP)","All providers of health care","Rest of the world financing schemes (non-resident)","0.00"
"2014","Liechtenstein","Percentage of gross domestic product (GDP)","All providers of health care","Rest of the world financing schemes (non-resident)","0.00"
"2015","Liechtenstein","Percentage of gross domestic product (GDP)","All providers of health care","Rest of the world financing schemes (non-resident)",":"
"2016","Liechtenstein","Percentage of gross domestic product (GDP)","All providers of health care","Rest of the world financing schemes (non-resident)","0.00"
"2017","Liechtenstein","Percentage of gross domestic product (GDP)","All providers of health care","Rest of the world financing schemes (non-resident)","0.00"
"2018","Liechtenstein","Percentage of gross domestic product (GDP)","All providers of health care","Rest of the world financing schemes (non-resident)",":"
"2003","Norway","Percentage of gross domestic product (GDP)","All providers of health care","Rest of the world financing schemes (non-resident)",":"
"2004","Norway","Percentage of gross domestic product (GDP)","All providers of health care","Rest of the world financing schemes (non-resident)",":"
"2005","Norway","Percentage of gross domestic product (GDP)","All providers of health care","Rest of the world financing schemes (non-resident)",":"
"2006","Norway","Percentage of gross domestic product (GDP)","All providers of health care","Rest of the world financing schemes (non-resident)",":"
"2007","Norway","Percentage of gross domestic product (GDP)","All providers of health care","Rest of the world financing schemes (non-resident)",":"
"2008","Norway","Percentage of gross domestic product (GDP)","All providers of health care","Rest of the world financing schemes (non-resident)",":"
"2009","Norway","Percentage of gross domestic product (GDP)","All providers of health care","Rest of the world financing schemes (non-resident)",":"
"2010","Norway","Percentage of gross domestic product (GDP)","All providers of health care","Rest of the world financing schemes (non-resident)",":"
"2011","Norway","Percentage of gross domestic product (GDP)","All providers of health care","Rest of the world financing schemes (non-resident)",":"
"2012","Norway","Percentage of gross domestic product (GDP)","All providers of health care","Rest of the world financing schemes (non-resident)",":"
"2013","Norway","Percentage of gross domestic product (GDP)","All providers of health care","Rest of the world financing schemes (non-resident)",":"
"2014","Norway","Percentage of gross domestic product (GDP)","All providers of health care","Rest of the world financing schemes (non-resident)",":"
"2015","Norway","Percentage of gross domestic product (GDP)","All providers of health care","Rest of the world financing schemes (non-resident)",":"
"2016","Norway","Percentage of gross domestic product (GDP)","All providers of health care","Rest of the world financing schemes (non-resident)","0.00"
"2017","Norway","Percentage of gross domestic product (GDP)","All providers of health care","Rest of the world financing schemes (non-resident)","0.00"
"2018","Norway","Percentage of gross domestic product (GDP)","All providers of health care","Rest of the world financing schemes (non-resident)","0.00"
"2003","Switzerland","Percentage of gross domestic product (GDP)","All providers of health care","Rest of the world financing schemes (non-resident)",":"
"2004","Switzerland","Percentage of gross domestic product (GDP)","All providers of health care","Rest of the world financing schemes (non-resident)",":"
"2005","Switzerland","Percentage of gross domestic product (GDP)","All providers of health care","Rest of the world financing schemes (non-resident)",":"
"2006","Switzerland","Percentage of gross domestic product (GDP)","All providers of health care","Rest of the world financing schemes (non-resident)",":"
"2007","Switzerland","Percentage of gross domestic product (GDP)","All providers of health care","Rest of the world financing schemes (non-resident)",":"
"2008","Switzerland","Percentage of gross domestic product (GDP)","All providers of health care","Rest of the world financing schemes (non-resident)",":"
"2009","Switzerland","Percentage of gross domestic product (GDP)","All providers of health care","Rest of the world financing schemes (non-resident)",":"
"2010","Switzerland","Percentage of gross domestic product (GDP)","All providers of health care","Rest of the world financing schemes (non-resident)","0.00"
"2011","Switzerland","Percentage of gross domestic product (GDP)","All providers of health care","Rest of the world financing schemes (non-resident)","0.00"
"2012","Switzerland","Percentage of gross domestic product (GDP)","All providers of health care","Rest of the world financing schemes (non-resident)","0.00"
"2013","Switzerland","Percentage of gross domestic product (GDP)","All providers of health care","Rest of the world financing schemes (non-resident)","0.00"
"2014","Switzerland","Percentage of gross domestic product (GDP)","All providers of health care","Rest of the world financing schemes (non-resident)","0.00"
"2015","Switzerland","Percentage of gross domestic product (GDP)","All providers of health care","Rest of the world financing schemes (non-resident)","0.00"
"2016","Switzerland","Percentage of gross domestic product (GDP)","All providers of health care","Rest of the world financing schemes (non-resident)","0.00"
"2017","Switzerland","Percentage of gross domestic product (GDP)","All providers of health care","Rest of the world financing schemes (non-resident)","0.00"
"2018","Switzerland","Percentage of gross domestic product (GDP)","All providers of health care","Rest of the world financing schemes (non-resident)",":"
