"TIME","GEO","UNIT","ICHA11_HP","ICHA11_HF","Value"
"2003","Belgium","Purchasing power standard (PPS) per inhabitant","All providers of health care","Financing schemes unknown","0.00"
"2004","Belgium","Purchasing power standard (PPS) per inhabitant","All providers of health care","Financing schemes unknown","0.00"
"2005","Belgium","Purchasing power standard (PPS) per inhabitant","All providers of health care","Financing schemes unknown","0.00"
"2006","Belgium","Purchasing power standard (PPS) per inhabitant","All providers of health care","Financing schemes unknown","0.00"
"2007","Belgium","Purchasing power standard (PPS) per inhabitant","All providers of health care","Financing schemes unknown","0.00"
"2008","Belgium","Purchasing power standard (PPS) per inhabitant","All providers of health care","Financing schemes unknown","0.00"
"2009","Belgium","Purchasing power standard (PPS) per inhabitant","All providers of health care","Financing schemes unknown","0.00"
"2010","Belgium","Purchasing power standard (PPS) per inhabitant","All providers of health care","Financing schemes unknown","0.00"
"2011","Belgium","Purchasing power standard (PPS) per inhabitant","All providers of health care","Financing schemes unknown","0.00"
"2012","Belgium","Purchasing power standard (PPS) per inhabitant","All providers of health care","Financing schemes unknown","0.00"
"2013","Belgium","Purchasing power standard (PPS) per inhabitant","All providers of health care","Financing schemes unknown","0.00"
"2014","Belgium","Purchasing power standard (PPS) per inhabitant","All providers of health care","Financing schemes unknown","0.00"
"2015","Belgium","Purchasing power standard (PPS) per inhabitant","All providers of health care","Financing schemes unknown","0.00"
"2016","Belgium","Purchasing power standard (PPS) per inhabitant","All providers of health care","Financing schemes unknown","0.00"
"2017","Belgium","Purchasing power standard (PPS) per inhabitant","All providers of health care","Financing schemes unknown","0.00"
"2018","Belgium","Purchasing power standard (PPS) per inhabitant","All providers of health care","Financing schemes unknown","0.00"
"2003","Bulgaria","Purchasing power standard (PPS) per inhabitant","All providers of health care","Financing schemes unknown",":"
"2004","Bulgaria","Purchasing power standard (PPS) per inhabitant","All providers of health care","Financing schemes unknown",":"
"2005","Bulgaria","Purchasing power standard (PPS) per inhabitant","All providers of health care","Financing schemes unknown",":"
"2006","Bulgaria","Purchasing power standard (PPS) per inhabitant","All providers of health care","Financing schemes unknown",":"
"2007","Bulgaria","Purchasing power standard (PPS) per inhabitant","All providers of health care","Financing schemes unknown",":"
"2008","Bulgaria","Purchasing power standard (PPS) per inhabitant","All providers of health care","Financing schemes unknown",":"
"2009","Bulgaria","Purchasing power standard (PPS) per inhabitant","All providers of health care","Financing schemes unknown",":"
"2010","Bulgaria","Purchasing power standard (PPS) per inhabitant","All providers of health care","Financing schemes unknown",":"
"2011","Bulgaria","Purchasing power standard (PPS) per inhabitant","All providers of health care","Financing schemes unknown",":"
"2012","Bulgaria","Purchasing power standard (PPS) per inhabitant","All providers of health care","Financing schemes unknown","0.00"
"2013","Bulgaria","Purchasing power standard (PPS) per inhabitant","All providers of health care","Financing schemes unknown","0.00"
"2014","Bulgaria","Purchasing power standard (PPS) per inhabitant","All providers of health care","Financing schemes unknown","0.00"
"2015","Bulgaria","Purchasing power standard (PPS) per inhabitant","All providers of health care","Financing schemes unknown","0.00"
"2016","Bulgaria","Purchasing power standard (PPS) per inhabitant","All providers of health care","Financing schemes unknown","0.00"
"2017","Bulgaria","Purchasing power standard (PPS) per inhabitant","All providers of health care","Financing schemes unknown","0.00"
"2018","Bulgaria","Purchasing power standard (PPS) per inhabitant","All providers of health care","Financing schemes unknown","0.00"
"2003","Czechia","Purchasing power standard (PPS) per inhabitant","All providers of health care","Financing schemes unknown",":"
"2004","Czechia","Purchasing power standard (PPS) per inhabitant","All providers of health care","Financing schemes unknown",":"
"2005","Czechia","Purchasing power standard (PPS) per inhabitant","All providers of health care","Financing schemes unknown",":"
"2006","Czechia","Purchasing power standard (PPS) per inhabitant","All providers of health care","Financing schemes unknown",":"
"2007","Czechia","Purchasing power standard (PPS) per inhabitant","All providers of health care","Financing schemes unknown",":"
"2008","Czechia","Purchasing power standard (PPS) per inhabitant","All providers of health care","Financing schemes unknown",":"
"2009","Czechia","Purchasing power standard (PPS) per inhabitant","All providers of health care","Financing schemes unknown",":"
"2010","Czechia","Purchasing power standard (PPS) per inhabitant","All providers of health care","Financing schemes unknown",":"
"2011","Czechia","Purchasing power standard (PPS) per inhabitant","All providers of health care","Financing schemes unknown",":"
"2012","Czechia","Purchasing power standard (PPS) per inhabitant","All providers of health care","Financing schemes unknown",":"
"2013","Czechia","Purchasing power standard (PPS) per inhabitant","All providers of health care","Financing schemes unknown",":"
"2014","Czechia","Purchasing power standard (PPS) per inhabitant","All providers of health care","Financing schemes unknown",":"
"2015","Czechia","Purchasing power standard (PPS) per inhabitant","All providers of health care","Financing schemes unknown","0.00"
"2016","Czechia","Purchasing power standard (PPS) per inhabitant","All providers of health care","Financing schemes unknown",":"
"2017","Czechia","Purchasing power standard (PPS) per inhabitant","All providers of health care","Financing schemes unknown",":"
"2018","Czechia","Purchasing power standard (PPS) per inhabitant","All providers of health care","Financing schemes unknown",":"
"2003","Denmark","Purchasing power standard (PPS) per inhabitant","All providers of health care","Financing schemes unknown",":"
"2004","Denmark","Purchasing power standard (PPS) per inhabitant","All providers of health care","Financing schemes unknown",":"
"2005","Denmark","Purchasing power standard (PPS) per inhabitant","All providers of health care","Financing schemes unknown",":"
"2006","Denmark","Purchasing power standard (PPS) per inhabitant","All providers of health care","Financing schemes unknown",":"
"2007","Denmark","Purchasing power standard (PPS) per inhabitant","All providers of health care","Financing schemes unknown",":"
"2008","Denmark","Purchasing power standard (PPS) per inhabitant","All providers of health care","Financing schemes unknown",":"
"2009","Denmark","Purchasing power standard (PPS) per inhabitant","All providers of health care","Financing schemes unknown",":"
"2010","Denmark","Purchasing power standard (PPS) per inhabitant","All providers of health care","Financing schemes unknown","0.00"
"2011","Denmark","Purchasing power standard (PPS) per inhabitant","All providers of health care","Financing schemes unknown","0.00"
"2012","Denmark","Purchasing power standard (PPS) per inhabitant","All providers of health care","Financing schemes unknown","0.00"
"2013","Denmark","Purchasing power standard (PPS) per inhabitant","All providers of health care","Financing schemes unknown","0.00"
"2014","Denmark","Purchasing power standard (PPS) per inhabitant","All providers of health care","Financing schemes unknown","0.00"
"2015","Denmark","Purchasing power standard (PPS) per inhabitant","All providers of health care","Financing schemes unknown","0.00"
"2016","Denmark","Purchasing power standard (PPS) per inhabitant","All providers of health care","Financing schemes unknown","0.00"
"2017","Denmark","Purchasing power standard (PPS) per inhabitant","All providers of health care","Financing schemes unknown","0.00"
"2018","Denmark","Purchasing power standard (PPS) per inhabitant","All providers of health care","Financing schemes unknown","0.00"
"2003","Germany (until 1990 former territory of the FRG)","Purchasing power standard (PPS) per inhabitant","All providers of health care","Financing schemes unknown",":"
"2004","Germany (until 1990 former territory of the FRG)","Purchasing power standard (PPS) per inhabitant","All providers of health care","Financing schemes unknown",":"
"2005","Germany (until 1990 former territory of the FRG)","Purchasing power standard (PPS) per inhabitant","All providers of health care","Financing schemes unknown",":"
"2006","Germany (until 1990 former territory of the FRG)","Purchasing power standard (PPS) per inhabitant","All providers of health care","Financing schemes unknown",":"
"2007","Germany (until 1990 former territory of the FRG)","Purchasing power standard (PPS) per inhabitant","All providers of health care","Financing schemes unknown",":"
"2008","Germany (until 1990 former territory of the FRG)","Purchasing power standard (PPS) per inhabitant","All providers of health care","Financing schemes unknown",":"
"2009","Germany (until 1990 former territory of the FRG)","Purchasing power standard (PPS) per inhabitant","All providers of health care","Financing schemes unknown",":"
"2010","Germany (until 1990 former territory of the FRG)","Purchasing power standard (PPS) per inhabitant","All providers of health care","Financing schemes unknown",":"
"2011","Germany (until 1990 former territory of the FRG)","Purchasing power standard (PPS) per inhabitant","All providers of health care","Financing schemes unknown",":"
"2012","Germany (until 1990 former territory of the FRG)","Purchasing power standard (PPS) per inhabitant","All providers of health care","Financing schemes unknown",":"
"2013","Germany (until 1990 former territory of the FRG)","Purchasing power standard (PPS) per inhabitant","All providers of health care","Financing schemes unknown",":"
"2014","Germany (until 1990 former territory of the FRG)","Purchasing power standard (PPS) per inhabitant","All providers of health care","Financing schemes unknown",":"
"2015","Germany (until 1990 former territory of the FRG)","Purchasing power standard (PPS) per inhabitant","All providers of health care","Financing schemes unknown",":"
"2016","Germany (until 1990 former territory of the FRG)","Purchasing power standard (PPS) per inhabitant","All providers of health care","Financing schemes unknown",":"
"2017","Germany (until 1990 former territory of the FRG)","Purchasing power standard (PPS) per inhabitant","All providers of health care","Financing schemes unknown",":"
"2018","Germany (until 1990 former territory of the FRG)","Purchasing power standard (PPS) per inhabitant","All providers of health care","Financing schemes unknown",":"
"2003","Estonia","Purchasing power standard (PPS) per inhabitant","All providers of health care","Financing schemes unknown","0.00"
"2004","Estonia","Purchasing power standard (PPS) per inhabitant","All providers of health care","Financing schemes unknown","0.00"
"2005","Estonia","Purchasing power standard (PPS) per inhabitant","All providers of health care","Financing schemes unknown","0.00"
"2006","Estonia","Purchasing power standard (PPS) per inhabitant","All providers of health care","Financing schemes unknown","0.00"
"2007","Estonia","Purchasing power standard (PPS) per inhabitant","All providers of health care","Financing schemes unknown","0.00"
"2008","Estonia","Purchasing power standard (PPS) per inhabitant","All providers of health care","Financing schemes unknown","0.00"
"2009","Estonia","Purchasing power standard (PPS) per inhabitant","All providers of health care","Financing schemes unknown","0.00"
"2010","Estonia","Purchasing power standard (PPS) per inhabitant","All providers of health care","Financing schemes unknown","0.00"
"2011","Estonia","Purchasing power standard (PPS) per inhabitant","All providers of health care","Financing schemes unknown","0.00"
"2012","Estonia","Purchasing power standard (PPS) per inhabitant","All providers of health care","Financing schemes unknown","0.00"
"2013","Estonia","Purchasing power standard (PPS) per inhabitant","All providers of health care","Financing schemes unknown","0.00"
"2014","Estonia","Purchasing power standard (PPS) per inhabitant","All providers of health care","Financing schemes unknown","0.00"
"2015","Estonia","Purchasing power standard (PPS) per inhabitant","All providers of health care","Financing schemes unknown","0.00"
"2016","Estonia","Purchasing power standard (PPS) per inhabitant","All providers of health care","Financing schemes unknown","0.00"
"2017","Estonia","Purchasing power standard (PPS) per inhabitant","All providers of health care","Financing schemes unknown","0.00"
"2018","Estonia","Purchasing power standard (PPS) per inhabitant","All providers of health care","Financing schemes unknown",":"
"2003","Ireland","Purchasing power standard (PPS) per inhabitant","All providers of health care","Financing schemes unknown",":"
"2004","Ireland","Purchasing power standard (PPS) per inhabitant","All providers of health care","Financing schemes unknown",":"
"2005","Ireland","Purchasing power standard (PPS) per inhabitant","All providers of health care","Financing schemes unknown",":"
"2006","Ireland","Purchasing power standard (PPS) per inhabitant","All providers of health care","Financing schemes unknown",":"
"2007","Ireland","Purchasing power standard (PPS) per inhabitant","All providers of health care","Financing schemes unknown",":"
"2008","Ireland","Purchasing power standard (PPS) per inhabitant","All providers of health care","Financing schemes unknown",":"
"2009","Ireland","Purchasing power standard (PPS) per inhabitant","All providers of health care","Financing schemes unknown",":"
"2010","Ireland","Purchasing power standard (PPS) per inhabitant","All providers of health care","Financing schemes unknown",":"
"2011","Ireland","Purchasing power standard (PPS) per inhabitant","All providers of health care","Financing schemes unknown",":"
"2012","Ireland","Purchasing power standard (PPS) per inhabitant","All providers of health care","Financing schemes unknown",":"
"2013","Ireland","Purchasing power standard (PPS) per inhabitant","All providers of health care","Financing schemes unknown",":"
"2014","Ireland","Purchasing power standard (PPS) per inhabitant","All providers of health care","Financing schemes unknown",":"
"2015","Ireland","Purchasing power standard (PPS) per inhabitant","All providers of health care","Financing schemes unknown",":"
"2016","Ireland","Purchasing power standard (PPS) per inhabitant","All providers of health care","Financing schemes unknown",":"
"2017","Ireland","Purchasing power standard (PPS) per inhabitant","All providers of health care","Financing schemes unknown",":"
"2018","Ireland","Purchasing power standard (PPS) per inhabitant","All providers of health care","Financing schemes unknown",":"
"2003","Greece","Purchasing power standard (PPS) per inhabitant","All providers of health care","Financing schemes unknown",":"
"2004","Greece","Purchasing power standard (PPS) per inhabitant","All providers of health care","Financing schemes unknown",":"
"2005","Greece","Purchasing power standard (PPS) per inhabitant","All providers of health care","Financing schemes unknown",":"
"2006","Greece","Purchasing power standard (PPS) per inhabitant","All providers of health care","Financing schemes unknown",":"
"2007","Greece","Purchasing power standard (PPS) per inhabitant","All providers of health care","Financing schemes unknown",":"
"2008","Greece","Purchasing power standard (PPS) per inhabitant","All providers of health care","Financing schemes unknown",":"
"2009","Greece","Purchasing power standard (PPS) per inhabitant","All providers of health care","Financing schemes unknown","0.00"
"2010","Greece","Purchasing power standard (PPS) per inhabitant","All providers of health care","Financing schemes unknown","0.00"
"2011","Greece","Purchasing power standard (PPS) per inhabitant","All providers of health care","Financing schemes unknown","0.00"
"2012","Greece","Purchasing power standard (PPS) per inhabitant","All providers of health care","Financing schemes unknown","0.00"
"2013","Greece","Purchasing power standard (PPS) per inhabitant","All providers of health care","Financing schemes unknown","0.00"
"2014","Greece","Purchasing power standard (PPS) per inhabitant","All providers of health care","Financing schemes unknown","0.00"
"2015","Greece","Purchasing power standard (PPS) per inhabitant","All providers of health care","Financing schemes unknown","0.00"
"2016","Greece","Purchasing power standard (PPS) per inhabitant","All providers of health care","Financing schemes unknown","0.00"
"2017","Greece","Purchasing power standard (PPS) per inhabitant","All providers of health care","Financing schemes unknown","0.00"
"2018","Greece","Purchasing power standard (PPS) per inhabitant","All providers of health care","Financing schemes unknown","0.00"
"2003","Spain","Purchasing power standard (PPS) per inhabitant","All providers of health care","Financing schemes unknown","0.00"
"2004","Spain","Purchasing power standard (PPS) per inhabitant","All providers of health care","Financing schemes unknown","0.00"
"2005","Spain","Purchasing power standard (PPS) per inhabitant","All providers of health care","Financing schemes unknown","0.00"
"2006","Spain","Purchasing power standard (PPS) per inhabitant","All providers of health care","Financing schemes unknown","0.00"
"2007","Spain","Purchasing power standard (PPS) per inhabitant","All providers of health care","Financing schemes unknown","0.00"
"2008","Spain","Purchasing power standard (PPS) per inhabitant","All providers of health care","Financing schemes unknown","0.00"
"2009","Spain","Purchasing power standard (PPS) per inhabitant","All providers of health care","Financing schemes unknown","0.00"
"2010","Spain","Purchasing power standard (PPS) per inhabitant","All providers of health care","Financing schemes unknown","0.00"
"2011","Spain","Purchasing power standard (PPS) per inhabitant","All providers of health care","Financing schemes unknown","0.00"
"2012","Spain","Purchasing power standard (PPS) per inhabitant","All providers of health care","Financing schemes unknown","0.00"
"2013","Spain","Purchasing power standard (PPS) per inhabitant","All providers of health care","Financing schemes unknown","0.00"
"2014","Spain","Purchasing power standard (PPS) per inhabitant","All providers of health care","Financing schemes unknown","0.00"
"2015","Spain","Purchasing power standard (PPS) per inhabitant","All providers of health care","Financing schemes unknown","0.00"
"2016","Spain","Purchasing power standard (PPS) per inhabitant","All providers of health care","Financing schemes unknown","0.00"
"2017","Spain","Purchasing power standard (PPS) per inhabitant","All providers of health care","Financing schemes unknown","0.00"
"2018","Spain","Purchasing power standard (PPS) per inhabitant","All providers of health care","Financing schemes unknown",":"
"2003","France","Purchasing power standard (PPS) per inhabitant","All providers of health care","Financing schemes unknown",":"
"2004","France","Purchasing power standard (PPS) per inhabitant","All providers of health care","Financing schemes unknown",":"
"2005","France","Purchasing power standard (PPS) per inhabitant","All providers of health care","Financing schemes unknown",":"
"2006","France","Purchasing power standard (PPS) per inhabitant","All providers of health care","Financing schemes unknown",":"
"2007","France","Purchasing power standard (PPS) per inhabitant","All providers of health care","Financing schemes unknown",":"
"2008","France","Purchasing power standard (PPS) per inhabitant","All providers of health care","Financing schemes unknown",":"
"2009","France","Purchasing power standard (PPS) per inhabitant","All providers of health care","Financing schemes unknown",":"
"2010","France","Purchasing power standard (PPS) per inhabitant","All providers of health care","Financing schemes unknown",":"
"2011","France","Purchasing power standard (PPS) per inhabitant","All providers of health care","Financing schemes unknown",":"
"2012","France","Purchasing power standard (PPS) per inhabitant","All providers of health care","Financing schemes unknown",":"
"2013","France","Purchasing power standard (PPS) per inhabitant","All providers of health care","Financing schemes unknown",":"
"2014","France","Purchasing power standard (PPS) per inhabitant","All providers of health care","Financing schemes unknown",":"
"2015","France","Purchasing power standard (PPS) per inhabitant","All providers of health care","Financing schemes unknown",":"
"2016","France","Purchasing power standard (PPS) per inhabitant","All providers of health care","Financing schemes unknown",":"
"2017","France","Purchasing power standard (PPS) per inhabitant","All providers of health care","Financing schemes unknown",":"
"2018","France","Purchasing power standard (PPS) per inhabitant","All providers of health care","Financing schemes unknown",":"
"2003","Croatia","Purchasing power standard (PPS) per inhabitant","All providers of health care","Financing schemes unknown",":"
"2004","Croatia","Purchasing power standard (PPS) per inhabitant","All providers of health care","Financing schemes unknown",":"
"2005","Croatia","Purchasing power standard (PPS) per inhabitant","All providers of health care","Financing schemes unknown",":"
"2006","Croatia","Purchasing power standard (PPS) per inhabitant","All providers of health care","Financing schemes unknown",":"
"2007","Croatia","Purchasing power standard (PPS) per inhabitant","All providers of health care","Financing schemes unknown",":"
"2008","Croatia","Purchasing power standard (PPS) per inhabitant","All providers of health care","Financing schemes unknown",":"
"2009","Croatia","Purchasing power standard (PPS) per inhabitant","All providers of health care","Financing schemes unknown",":"
"2010","Croatia","Purchasing power standard (PPS) per inhabitant","All providers of health care","Financing schemes unknown",":"
"2011","Croatia","Purchasing power standard (PPS) per inhabitant","All providers of health care","Financing schemes unknown",":"
"2012","Croatia","Purchasing power standard (PPS) per inhabitant","All providers of health care","Financing schemes unknown",":"
"2013","Croatia","Purchasing power standard (PPS) per inhabitant","All providers of health care","Financing schemes unknown",":"
"2014","Croatia","Purchasing power standard (PPS) per inhabitant","All providers of health care","Financing schemes unknown",":"
"2015","Croatia","Purchasing power standard (PPS) per inhabitant","All providers of health care","Financing schemes unknown",":"
"2016","Croatia","Purchasing power standard (PPS) per inhabitant","All providers of health care","Financing schemes unknown",":"
"2017","Croatia","Purchasing power standard (PPS) per inhabitant","All providers of health care","Financing schemes unknown",":"
"2018","Croatia","Purchasing power standard (PPS) per inhabitant","All providers of health care","Financing schemes unknown",":"
"2003","Italy","Purchasing power standard (PPS) per inhabitant","All providers of health care","Financing schemes unknown",":"
"2004","Italy","Purchasing power standard (PPS) per inhabitant","All providers of health care","Financing schemes unknown",":"
"2005","Italy","Purchasing power standard (PPS) per inhabitant","All providers of health care","Financing schemes unknown",":"
"2006","Italy","Purchasing power standard (PPS) per inhabitant","All providers of health care","Financing schemes unknown",":"
"2007","Italy","Purchasing power standard (PPS) per inhabitant","All providers of health care","Financing schemes unknown",":"
"2008","Italy","Purchasing power standard (PPS) per inhabitant","All providers of health care","Financing schemes unknown",":"
"2009","Italy","Purchasing power standard (PPS) per inhabitant","All providers of health care","Financing schemes unknown",":"
"2010","Italy","Purchasing power standard (PPS) per inhabitant","All providers of health care","Financing schemes unknown",":"
"2011","Italy","Purchasing power standard (PPS) per inhabitant","All providers of health care","Financing schemes unknown",":"
"2012","Italy","Purchasing power standard (PPS) per inhabitant","All providers of health care","Financing schemes unknown","0.00"
"2013","Italy","Purchasing power standard (PPS) per inhabitant","All providers of health care","Financing schemes unknown","0.00"
"2014","Italy","Purchasing power standard (PPS) per inhabitant","All providers of health care","Financing schemes unknown","0.00"
"2015","Italy","Purchasing power standard (PPS) per inhabitant","All providers of health care","Financing schemes unknown","0.00"
"2016","Italy","Purchasing power standard (PPS) per inhabitant","All providers of health care","Financing schemes unknown","0.00"
"2017","Italy","Purchasing power standard (PPS) per inhabitant","All providers of health care","Financing schemes unknown","0.00"
"2018","Italy","Purchasing power standard (PPS) per inhabitant","All providers of health care","Financing schemes unknown","0.00"
"2003","Cyprus","Purchasing power standard (PPS) per inhabitant","All providers of health care","Financing schemes unknown",":"
"2004","Cyprus","Purchasing power standard (PPS) per inhabitant","All providers of health care","Financing schemes unknown",":"
"2005","Cyprus","Purchasing power standard (PPS) per inhabitant","All providers of health care","Financing schemes unknown",":"
"2006","Cyprus","Purchasing power standard (PPS) per inhabitant","All providers of health care","Financing schemes unknown",":"
"2007","Cyprus","Purchasing power standard (PPS) per inhabitant","All providers of health care","Financing schemes unknown",":"
"2008","Cyprus","Purchasing power standard (PPS) per inhabitant","All providers of health care","Financing schemes unknown",":"
"2009","Cyprus","Purchasing power standard (PPS) per inhabitant","All providers of health care","Financing schemes unknown",":"
"2010","Cyprus","Purchasing power standard (PPS) per inhabitant","All providers of health care","Financing schemes unknown","0.00"
"2011","Cyprus","Purchasing power standard (PPS) per inhabitant","All providers of health care","Financing schemes unknown","0.00"
"2012","Cyprus","Purchasing power standard (PPS) per inhabitant","All providers of health care","Financing schemes unknown","0.00"
"2013","Cyprus","Purchasing power standard (PPS) per inhabitant","All providers of health care","Financing schemes unknown","0.00"
"2014","Cyprus","Purchasing power standard (PPS) per inhabitant","All providers of health care","Financing schemes unknown","0.00"
"2015","Cyprus","Purchasing power standard (PPS) per inhabitant","All providers of health care","Financing schemes unknown","0.00"
"2016","Cyprus","Purchasing power standard (PPS) per inhabitant","All providers of health care","Financing schemes unknown","0.00"
"2017","Cyprus","Purchasing power standard (PPS) per inhabitant","All providers of health care","Financing schemes unknown","0.00"
"2018","Cyprus","Purchasing power standard (PPS) per inhabitant","All providers of health care","Financing schemes unknown","0.00"
"2003","Latvia","Purchasing power standard (PPS) per inhabitant","All providers of health care","Financing schemes unknown",":"
"2004","Latvia","Purchasing power standard (PPS) per inhabitant","All providers of health care","Financing schemes unknown",":"
"2005","Latvia","Purchasing power standard (PPS) per inhabitant","All providers of health care","Financing schemes unknown",":"
"2006","Latvia","Purchasing power standard (PPS) per inhabitant","All providers of health care","Financing schemes unknown",":"
"2007","Latvia","Purchasing power standard (PPS) per inhabitant","All providers of health care","Financing schemes unknown",":"
"2008","Latvia","Purchasing power standard (PPS) per inhabitant","All providers of health care","Financing schemes unknown",":"
"2009","Latvia","Purchasing power standard (PPS) per inhabitant","All providers of health care","Financing schemes unknown",":"
"2010","Latvia","Purchasing power standard (PPS) per inhabitant","All providers of health care","Financing schemes unknown",":"
"2011","Latvia","Purchasing power standard (PPS) per inhabitant","All providers of health care","Financing schemes unknown",":"
"2012","Latvia","Purchasing power standard (PPS) per inhabitant","All providers of health care","Financing schemes unknown",":"
"2013","Latvia","Purchasing power standard (PPS) per inhabitant","All providers of health care","Financing schemes unknown",":"
"2014","Latvia","Purchasing power standard (PPS) per inhabitant","All providers of health care","Financing schemes unknown",":"
"2015","Latvia","Purchasing power standard (PPS) per inhabitant","All providers of health care","Financing schemes unknown","0.00"
"2016","Latvia","Purchasing power standard (PPS) per inhabitant","All providers of health care","Financing schemes unknown","0.00"
"2017","Latvia","Purchasing power standard (PPS) per inhabitant","All providers of health care","Financing schemes unknown","0.00"
"2018","Latvia","Purchasing power standard (PPS) per inhabitant","All providers of health care","Financing schemes unknown",":"
"2003","Lithuania","Purchasing power standard (PPS) per inhabitant","All providers of health care","Financing schemes unknown",":"
"2004","Lithuania","Purchasing power standard (PPS) per inhabitant","All providers of health care","Financing schemes unknown",":"
"2005","Lithuania","Purchasing power standard (PPS) per inhabitant","All providers of health care","Financing schemes unknown",":"
"2006","Lithuania","Purchasing power standard (PPS) per inhabitant","All providers of health care","Financing schemes unknown","0.00"
"2007","Lithuania","Purchasing power standard (PPS) per inhabitant","All providers of health care","Financing schemes unknown",":"
"2008","Lithuania","Purchasing power standard (PPS) per inhabitant","All providers of health care","Financing schemes unknown",":"
"2009","Lithuania","Purchasing power standard (PPS) per inhabitant","All providers of health care","Financing schemes unknown","0.00"
"2010","Lithuania","Purchasing power standard (PPS) per inhabitant","All providers of health care","Financing schemes unknown","0.00"
"2011","Lithuania","Purchasing power standard (PPS) per inhabitant","All providers of health care","Financing schemes unknown",":"
"2012","Lithuania","Purchasing power standard (PPS) per inhabitant","All providers of health care","Financing schemes unknown",":"
"2013","Lithuania","Purchasing power standard (PPS) per inhabitant","All providers of health care","Financing schemes unknown",":"
"2014","Lithuania","Purchasing power standard (PPS) per inhabitant","All providers of health care","Financing schemes unknown","0.00"
"2015","Lithuania","Purchasing power standard (PPS) per inhabitant","All providers of health care","Financing schemes unknown","0.00"
"2016","Lithuania","Purchasing power standard (PPS) per inhabitant","All providers of health care","Financing schemes unknown","0.00"
"2017","Lithuania","Purchasing power standard (PPS) per inhabitant","All providers of health care","Financing schemes unknown","0.00"
"2018","Lithuania","Purchasing power standard (PPS) per inhabitant","All providers of health care","Financing schemes unknown","0.00"
"2003","Luxembourg","Purchasing power standard (PPS) per inhabitant","All providers of health care","Financing schemes unknown",":"
"2004","Luxembourg","Purchasing power standard (PPS) per inhabitant","All providers of health care","Financing schemes unknown",":"
"2005","Luxembourg","Purchasing power standard (PPS) per inhabitant","All providers of health care","Financing schemes unknown",":"
"2006","Luxembourg","Purchasing power standard (PPS) per inhabitant","All providers of health care","Financing schemes unknown",":"
"2007","Luxembourg","Purchasing power standard (PPS) per inhabitant","All providers of health care","Financing schemes unknown",":"
"2008","Luxembourg","Purchasing power standard (PPS) per inhabitant","All providers of health care","Financing schemes unknown",":"
"2009","Luxembourg","Purchasing power standard (PPS) per inhabitant","All providers of health care","Financing schemes unknown",":"
"2010","Luxembourg","Purchasing power standard (PPS) per inhabitant","All providers of health care","Financing schemes unknown",":"
"2011","Luxembourg","Purchasing power standard (PPS) per inhabitant","All providers of health care","Financing schemes unknown",":"
"2012","Luxembourg","Purchasing power standard (PPS) per inhabitant","All providers of health care","Financing schemes unknown","0.00"
"2013","Luxembourg","Purchasing power standard (PPS) per inhabitant","All providers of health care","Financing schemes unknown","0.00"
"2014","Luxembourg","Purchasing power standard (PPS) per inhabitant","All providers of health care","Financing schemes unknown","0.00"
"2015","Luxembourg","Purchasing power standard (PPS) per inhabitant","All providers of health care","Financing schemes unknown","0.00"
"2016","Luxembourg","Purchasing power standard (PPS) per inhabitant","All providers of health care","Financing schemes unknown","0.00"
"2017","Luxembourg","Purchasing power standard (PPS) per inhabitant","All providers of health care","Financing schemes unknown","0.00"
"2018","Luxembourg","Purchasing power standard (PPS) per inhabitant","All providers of health care","Financing schemes unknown","0.00"
"2003","Hungary","Purchasing power standard (PPS) per inhabitant","All providers of health care","Financing schemes unknown",":"
"2004","Hungary","Purchasing power standard (PPS) per inhabitant","All providers of health care","Financing schemes unknown",":"
"2005","Hungary","Purchasing power standard (PPS) per inhabitant","All providers of health care","Financing schemes unknown",":"
"2006","Hungary","Purchasing power standard (PPS) per inhabitant","All providers of health care","Financing schemes unknown","0.00"
"2007","Hungary","Purchasing power standard (PPS) per inhabitant","All providers of health care","Financing schemes unknown","0.00"
"2008","Hungary","Purchasing power standard (PPS) per inhabitant","All providers of health care","Financing schemes unknown","0.00"
"2009","Hungary","Purchasing power standard (PPS) per inhabitant","All providers of health care","Financing schemes unknown","0.00"
"2010","Hungary","Purchasing power standard (PPS) per inhabitant","All providers of health care","Financing schemes unknown","0.00"
"2011","Hungary","Purchasing power standard (PPS) per inhabitant","All providers of health care","Financing schemes unknown","0.00"
"2012","Hungary","Purchasing power standard (PPS) per inhabitant","All providers of health care","Financing schemes unknown","0.00"
"2013","Hungary","Purchasing power standard (PPS) per inhabitant","All providers of health care","Financing schemes unknown","0.00"
"2014","Hungary","Purchasing power standard (PPS) per inhabitant","All providers of health care","Financing schemes unknown","0.00"
"2015","Hungary","Purchasing power standard (PPS) per inhabitant","All providers of health care","Financing schemes unknown","0.00"
"2016","Hungary","Purchasing power standard (PPS) per inhabitant","All providers of health care","Financing schemes unknown","0.00"
"2017","Hungary","Purchasing power standard (PPS) per inhabitant","All providers of health care","Financing schemes unknown","0.00"
"2018","Hungary","Purchasing power standard (PPS) per inhabitant","All providers of health care","Financing schemes unknown","0.00"
"2003","Malta","Purchasing power standard (PPS) per inhabitant","All providers of health care","Financing schemes unknown",":"
"2004","Malta","Purchasing power standard (PPS) per inhabitant","All providers of health care","Financing schemes unknown",":"
"2005","Malta","Purchasing power standard (PPS) per inhabitant","All providers of health care","Financing schemes unknown",":"
"2006","Malta","Purchasing power standard (PPS) per inhabitant","All providers of health care","Financing schemes unknown",":"
"2007","Malta","Purchasing power standard (PPS) per inhabitant","All providers of health care","Financing schemes unknown",":"
"2008","Malta","Purchasing power standard (PPS) per inhabitant","All providers of health care","Financing schemes unknown",":"
"2009","Malta","Purchasing power standard (PPS) per inhabitant","All providers of health care","Financing schemes unknown",":"
"2010","Malta","Purchasing power standard (PPS) per inhabitant","All providers of health care","Financing schemes unknown",":"
"2011","Malta","Purchasing power standard (PPS) per inhabitant","All providers of health care","Financing schemes unknown",":"
"2012","Malta","Purchasing power standard (PPS) per inhabitant","All providers of health care","Financing schemes unknown",":"
"2013","Malta","Purchasing power standard (PPS) per inhabitant","All providers of health care","Financing schemes unknown",":"
"2014","Malta","Purchasing power standard (PPS) per inhabitant","All providers of health care","Financing schemes unknown",":"
"2015","Malta","Purchasing power standard (PPS) per inhabitant","All providers of health care","Financing schemes unknown",":"
"2016","Malta","Purchasing power standard (PPS) per inhabitant","All providers of health care","Financing schemes unknown",":"
"2017","Malta","Purchasing power standard (PPS) per inhabitant","All providers of health care","Financing schemes unknown",":"
"2018","Malta","Purchasing power standard (PPS) per inhabitant","All providers of health care","Financing schemes unknown",":"
"2003","Netherlands","Purchasing power standard (PPS) per inhabitant","All providers of health care","Financing schemes unknown","0.00"
"2004","Netherlands","Purchasing power standard (PPS) per inhabitant","All providers of health care","Financing schemes unknown","0.00"
"2005","Netherlands","Purchasing power standard (PPS) per inhabitant","All providers of health care","Financing schemes unknown","0.00"
"2006","Netherlands","Purchasing power standard (PPS) per inhabitant","All providers of health care","Financing schemes unknown","0.00"
"2007","Netherlands","Purchasing power standard (PPS) per inhabitant","All providers of health care","Financing schemes unknown","0.00"
"2008","Netherlands","Purchasing power standard (PPS) per inhabitant","All providers of health care","Financing schemes unknown","0.00"
"2009","Netherlands","Purchasing power standard (PPS) per inhabitant","All providers of health care","Financing schemes unknown","0.00"
"2010","Netherlands","Purchasing power standard (PPS) per inhabitant","All providers of health care","Financing schemes unknown","0.00"
"2011","Netherlands","Purchasing power standard (PPS) per inhabitant","All providers of health care","Financing schemes unknown","0.00"
"2012","Netherlands","Purchasing power standard (PPS) per inhabitant","All providers of health care","Financing schemes unknown","0.00"
"2013","Netherlands","Purchasing power standard (PPS) per inhabitant","All providers of health care","Financing schemes unknown","0.00"
"2014","Netherlands","Purchasing power standard (PPS) per inhabitant","All providers of health care","Financing schemes unknown","0.00"
"2015","Netherlands","Purchasing power standard (PPS) per inhabitant","All providers of health care","Financing schemes unknown","0.00"
"2016","Netherlands","Purchasing power standard (PPS) per inhabitant","All providers of health care","Financing schemes unknown","0.00"
"2017","Netherlands","Purchasing power standard (PPS) per inhabitant","All providers of health care","Financing schemes unknown","0.00"
"2018","Netherlands","Purchasing power standard (PPS) per inhabitant","All providers of health care","Financing schemes unknown","0.00"
"2003","Austria","Purchasing power standard (PPS) per inhabitant","All providers of health care","Financing schemes unknown",":"
"2004","Austria","Purchasing power standard (PPS) per inhabitant","All providers of health care","Financing schemes unknown",":"
"2005","Austria","Purchasing power standard (PPS) per inhabitant","All providers of health care","Financing schemes unknown",":"
"2006","Austria","Purchasing power standard (PPS) per inhabitant","All providers of health care","Financing schemes unknown",":"
"2007","Austria","Purchasing power standard (PPS) per inhabitant","All providers of health care","Financing schemes unknown",":"
"2008","Austria","Purchasing power standard (PPS) per inhabitant","All providers of health care","Financing schemes unknown",":"
"2009","Austria","Purchasing power standard (PPS) per inhabitant","All providers of health care","Financing schemes unknown",":"
"2010","Austria","Purchasing power standard (PPS) per inhabitant","All providers of health care","Financing schemes unknown",":"
"2011","Austria","Purchasing power standard (PPS) per inhabitant","All providers of health care","Financing schemes unknown",":"
"2012","Austria","Purchasing power standard (PPS) per inhabitant","All providers of health care","Financing schemes unknown",":"
"2013","Austria","Purchasing power standard (PPS) per inhabitant","All providers of health care","Financing schemes unknown",":"
"2014","Austria","Purchasing power standard (PPS) per inhabitant","All providers of health care","Financing schemes unknown",":"
"2015","Austria","Purchasing power standard (PPS) per inhabitant","All providers of health care","Financing schemes unknown",":"
"2016","Austria","Purchasing power standard (PPS) per inhabitant","All providers of health care","Financing schemes unknown",":"
"2017","Austria","Purchasing power standard (PPS) per inhabitant","All providers of health care","Financing schemes unknown",":"
"2018","Austria","Purchasing power standard (PPS) per inhabitant","All providers of health care","Financing schemes unknown","0.00"
"2003","Poland","Purchasing power standard (PPS) per inhabitant","All providers of health care","Financing schemes unknown",":"
"2004","Poland","Purchasing power standard (PPS) per inhabitant","All providers of health care","Financing schemes unknown",":"
"2005","Poland","Purchasing power standard (PPS) per inhabitant","All providers of health care","Financing schemes unknown",":"
"2006","Poland","Purchasing power standard (PPS) per inhabitant","All providers of health care","Financing schemes unknown",":"
"2007","Poland","Purchasing power standard (PPS) per inhabitant","All providers of health care","Financing schemes unknown",":"
"2008","Poland","Purchasing power standard (PPS) per inhabitant","All providers of health care","Financing schemes unknown",":"
"2009","Poland","Purchasing power standard (PPS) per inhabitant","All providers of health care","Financing schemes unknown",":"
"2010","Poland","Purchasing power standard (PPS) per inhabitant","All providers of health care","Financing schemes unknown",":"
"2011","Poland","Purchasing power standard (PPS) per inhabitant","All providers of health care","Financing schemes unknown",":"
"2012","Poland","Purchasing power standard (PPS) per inhabitant","All providers of health care","Financing schemes unknown",":"
"2013","Poland","Purchasing power standard (PPS) per inhabitant","All providers of health care","Financing schemes unknown",":"
"2014","Poland","Purchasing power standard (PPS) per inhabitant","All providers of health care","Financing schemes unknown",":"
"2015","Poland","Purchasing power standard (PPS) per inhabitant","All providers of health care","Financing schemes unknown",":"
"2016","Poland","Purchasing power standard (PPS) per inhabitant","All providers of health care","Financing schemes unknown",":"
"2017","Poland","Purchasing power standard (PPS) per inhabitant","All providers of health care","Financing schemes unknown",":"
"2018","Poland","Purchasing power standard (PPS) per inhabitant","All providers of health care","Financing schemes unknown",":"
"2003","Portugal","Purchasing power standard (PPS) per inhabitant","All providers of health care","Financing schemes unknown",":"
"2004","Portugal","Purchasing power standard (PPS) per inhabitant","All providers of health care","Financing schemes unknown",":"
"2005","Portugal","Purchasing power standard (PPS) per inhabitant","All providers of health care","Financing schemes unknown",":"
"2006","Portugal","Purchasing power standard (PPS) per inhabitant","All providers of health care","Financing schemes unknown",":"
"2007","Portugal","Purchasing power standard (PPS) per inhabitant","All providers of health care","Financing schemes unknown",":"
"2008","Portugal","Purchasing power standard (PPS) per inhabitant","All providers of health care","Financing schemes unknown",":"
"2009","Portugal","Purchasing power standard (PPS) per inhabitant","All providers of health care","Financing schemes unknown",":"
"2010","Portugal","Purchasing power standard (PPS) per inhabitant","All providers of health care","Financing schemes unknown",":"
"2011","Portugal","Purchasing power standard (PPS) per inhabitant","All providers of health care","Financing schemes unknown",":"
"2012","Portugal","Purchasing power standard (PPS) per inhabitant","All providers of health care","Financing schemes unknown",":"
"2013","Portugal","Purchasing power standard (PPS) per inhabitant","All providers of health care","Financing schemes unknown",":"
"2014","Portugal","Purchasing power standard (PPS) per inhabitant","All providers of health care","Financing schemes unknown",":"
"2015","Portugal","Purchasing power standard (PPS) per inhabitant","All providers of health care","Financing schemes unknown",":"
"2016","Portugal","Purchasing power standard (PPS) per inhabitant","All providers of health care","Financing schemes unknown",":"
"2017","Portugal","Purchasing power standard (PPS) per inhabitant","All providers of health care","Financing schemes unknown",":"
"2018","Portugal","Purchasing power standard (PPS) per inhabitant","All providers of health care","Financing schemes unknown",":"
"2003","Romania","Purchasing power standard (PPS) per inhabitant","All providers of health care","Financing schemes unknown",":"
"2004","Romania","Purchasing power standard (PPS) per inhabitant","All providers of health care","Financing schemes unknown",":"
"2005","Romania","Purchasing power standard (PPS) per inhabitant","All providers of health care","Financing schemes unknown",":"
"2006","Romania","Purchasing power standard (PPS) per inhabitant","All providers of health care","Financing schemes unknown",":"
"2007","Romania","Purchasing power standard (PPS) per inhabitant","All providers of health care","Financing schemes unknown",":"
"2008","Romania","Purchasing power standard (PPS) per inhabitant","All providers of health care","Financing schemes unknown",":"
"2009","Romania","Purchasing power standard (PPS) per inhabitant","All providers of health care","Financing schemes unknown",":"
"2010","Romania","Purchasing power standard (PPS) per inhabitant","All providers of health care","Financing schemes unknown",":"
"2011","Romania","Purchasing power standard (PPS) per inhabitant","All providers of health care","Financing schemes unknown",":"
"2012","Romania","Purchasing power standard (PPS) per inhabitant","All providers of health care","Financing schemes unknown",":"
"2013","Romania","Purchasing power standard (PPS) per inhabitant","All providers of health care","Financing schemes unknown",":"
"2014","Romania","Purchasing power standard (PPS) per inhabitant","All providers of health care","Financing schemes unknown",":"
"2015","Romania","Purchasing power standard (PPS) per inhabitant","All providers of health care","Financing schemes unknown",":"
"2016","Romania","Purchasing power standard (PPS) per inhabitant","All providers of health care","Financing schemes unknown",":"
"2017","Romania","Purchasing power standard (PPS) per inhabitant","All providers of health care","Financing schemes unknown","0.00"
"2018","Romania","Purchasing power standard (PPS) per inhabitant","All providers of health care","Financing schemes unknown",":"
"2003","Slovenia","Purchasing power standard (PPS) per inhabitant","All providers of health care","Financing schemes unknown",":"
"2004","Slovenia","Purchasing power standard (PPS) per inhabitant","All providers of health care","Financing schemes unknown",":"
"2005","Slovenia","Purchasing power standard (PPS) per inhabitant","All providers of health care","Financing schemes unknown",":"
"2006","Slovenia","Purchasing power standard (PPS) per inhabitant","All providers of health care","Financing schemes unknown",":"
"2007","Slovenia","Purchasing power standard (PPS) per inhabitant","All providers of health care","Financing schemes unknown",":"
"2008","Slovenia","Purchasing power standard (PPS) per inhabitant","All providers of health care","Financing schemes unknown",":"
"2009","Slovenia","Purchasing power standard (PPS) per inhabitant","All providers of health care","Financing schemes unknown",":"
"2010","Slovenia","Purchasing power standard (PPS) per inhabitant","All providers of health care","Financing schemes unknown",":"
"2011","Slovenia","Purchasing power standard (PPS) per inhabitant","All providers of health care","Financing schemes unknown",":"
"2012","Slovenia","Purchasing power standard (PPS) per inhabitant","All providers of health care","Financing schemes unknown",":"
"2013","Slovenia","Purchasing power standard (PPS) per inhabitant","All providers of health care","Financing schemes unknown",":"
"2014","Slovenia","Purchasing power standard (PPS) per inhabitant","All providers of health care","Financing schemes unknown",":"
"2015","Slovenia","Purchasing power standard (PPS) per inhabitant","All providers of health care","Financing schemes unknown",":"
"2016","Slovenia","Purchasing power standard (PPS) per inhabitant","All providers of health care","Financing schemes unknown",":"
"2017","Slovenia","Purchasing power standard (PPS) per inhabitant","All providers of health care","Financing schemes unknown",":"
"2018","Slovenia","Purchasing power standard (PPS) per inhabitant","All providers of health care","Financing schemes unknown",":"
"2003","Slovakia","Purchasing power standard (PPS) per inhabitant","All providers of health care","Financing schemes unknown",":"
"2004","Slovakia","Purchasing power standard (PPS) per inhabitant","All providers of health care","Financing schemes unknown",":"
"2005","Slovakia","Purchasing power standard (PPS) per inhabitant","All providers of health care","Financing schemes unknown",":"
"2006","Slovakia","Purchasing power standard (PPS) per inhabitant","All providers of health care","Financing schemes unknown",":"
"2007","Slovakia","Purchasing power standard (PPS) per inhabitant","All providers of health care","Financing schemes unknown",":"
"2008","Slovakia","Purchasing power standard (PPS) per inhabitant","All providers of health care","Financing schemes unknown",":"
"2009","Slovakia","Purchasing power standard (PPS) per inhabitant","All providers of health care","Financing schemes unknown",":"
"2010","Slovakia","Purchasing power standard (PPS) per inhabitant","All providers of health care","Financing schemes unknown",":"
"2011","Slovakia","Purchasing power standard (PPS) per inhabitant","All providers of health care","Financing schemes unknown",":"
"2012","Slovakia","Purchasing power standard (PPS) per inhabitant","All providers of health care","Financing schemes unknown",":"
"2013","Slovakia","Purchasing power standard (PPS) per inhabitant","All providers of health care","Financing schemes unknown",":"
"2014","Slovakia","Purchasing power standard (PPS) per inhabitant","All providers of health care","Financing schemes unknown",":"
"2015","Slovakia","Purchasing power standard (PPS) per inhabitant","All providers of health care","Financing schemes unknown",":"
"2016","Slovakia","Purchasing power standard (PPS) per inhabitant","All providers of health care","Financing schemes unknown",":"
"2017","Slovakia","Purchasing power standard (PPS) per inhabitant","All providers of health care","Financing schemes unknown",":"
"2018","Slovakia","Purchasing power standard (PPS) per inhabitant","All providers of health care","Financing schemes unknown",":"
"2003","Finland","Purchasing power standard (PPS) per inhabitant","All providers of health care","Financing schemes unknown",":"
"2004","Finland","Purchasing power standard (PPS) per inhabitant","All providers of health care","Financing schemes unknown",":"
"2005","Finland","Purchasing power standard (PPS) per inhabitant","All providers of health care","Financing schemes unknown",":"
"2006","Finland","Purchasing power standard (PPS) per inhabitant","All providers of health care","Financing schemes unknown",":"
"2007","Finland","Purchasing power standard (PPS) per inhabitant","All providers of health care","Financing schemes unknown",":"
"2008","Finland","Purchasing power standard (PPS) per inhabitant","All providers of health care","Financing schemes unknown",":"
"2009","Finland","Purchasing power standard (PPS) per inhabitant","All providers of health care","Financing schemes unknown",":"
"2010","Finland","Purchasing power standard (PPS) per inhabitant","All providers of health care","Financing schemes unknown",":"
"2011","Finland","Purchasing power standard (PPS) per inhabitant","All providers of health care","Financing schemes unknown",":"
"2012","Finland","Purchasing power standard (PPS) per inhabitant","All providers of health care","Financing schemes unknown",":"
"2013","Finland","Purchasing power standard (PPS) per inhabitant","All providers of health care","Financing schemes unknown",":"
"2014","Finland","Purchasing power standard (PPS) per inhabitant","All providers of health care","Financing schemes unknown",":"
"2015","Finland","Purchasing power standard (PPS) per inhabitant","All providers of health care","Financing schemes unknown",":"
"2016","Finland","Purchasing power standard (PPS) per inhabitant","All providers of health care","Financing schemes unknown",":"
"2017","Finland","Purchasing power standard (PPS) per inhabitant","All providers of health care","Financing schemes unknown",":"
"2018","Finland","Purchasing power standard (PPS) per inhabitant","All providers of health care","Financing schemes unknown",":"
"2003","Sweden","Purchasing power standard (PPS) per inhabitant","All providers of health care","Financing schemes unknown",":"
"2004","Sweden","Purchasing power standard (PPS) per inhabitant","All providers of health care","Financing schemes unknown",":"
"2005","Sweden","Purchasing power standard (PPS) per inhabitant","All providers of health care","Financing schemes unknown",":"
"2006","Sweden","Purchasing power standard (PPS) per inhabitant","All providers of health care","Financing schemes unknown",":"
"2007","Sweden","Purchasing power standard (PPS) per inhabitant","All providers of health care","Financing schemes unknown",":"
"2008","Sweden","Purchasing power standard (PPS) per inhabitant","All providers of health care","Financing schemes unknown",":"
"2009","Sweden","Purchasing power standard (PPS) per inhabitant","All providers of health care","Financing schemes unknown",":"
"2010","Sweden","Purchasing power standard (PPS) per inhabitant","All providers of health care","Financing schemes unknown",":"
"2011","Sweden","Purchasing power standard (PPS) per inhabitant","All providers of health care","Financing schemes unknown",":"
"2012","Sweden","Purchasing power standard (PPS) per inhabitant","All providers of health care","Financing schemes unknown",":"
"2013","Sweden","Purchasing power standard (PPS) per inhabitant","All providers of health care","Financing schemes unknown",":"
"2014","Sweden","Purchasing power standard (PPS) per inhabitant","All providers of health care","Financing schemes unknown",":"
"2015","Sweden","Purchasing power standard (PPS) per inhabitant","All providers of health care","Financing schemes unknown",":"
"2016","Sweden","Purchasing power standard (PPS) per inhabitant","All providers of health care","Financing schemes unknown",":"
"2017","Sweden","Purchasing power standard (PPS) per inhabitant","All providers of health care","Financing schemes unknown",":"
"2018","Sweden","Purchasing power standard (PPS) per inhabitant","All providers of health care","Financing schemes unknown",":"
"2003","United Kingdom","Purchasing power standard (PPS) per inhabitant","All providers of health care","Financing schemes unknown",":"
"2004","United Kingdom","Purchasing power standard (PPS) per inhabitant","All providers of health care","Financing schemes unknown",":"
"2005","United Kingdom","Purchasing power standard (PPS) per inhabitant","All providers of health care","Financing schemes unknown",":"
"2006","United Kingdom","Purchasing power standard (PPS) per inhabitant","All providers of health care","Financing schemes unknown",":"
"2007","United Kingdom","Purchasing power standard (PPS) per inhabitant","All providers of health care","Financing schemes unknown",":"
"2008","United Kingdom","Purchasing power standard (PPS) per inhabitant","All providers of health care","Financing schemes unknown",":"
"2009","United Kingdom","Purchasing power standard (PPS) per inhabitant","All providers of health care","Financing schemes unknown",":"
"2010","United Kingdom","Purchasing power standard (PPS) per inhabitant","All providers of health care","Financing schemes unknown",":"
"2011","United Kingdom","Purchasing power standard (PPS) per inhabitant","All providers of health care","Financing schemes unknown",":"
"2012","United Kingdom","Purchasing power standard (PPS) per inhabitant","All providers of health care","Financing schemes unknown",":"
"2013","United Kingdom","Purchasing power standard (PPS) per inhabitant","All providers of health care","Financing schemes unknown",":"
"2014","United Kingdom","Purchasing power standard (PPS) per inhabitant","All providers of health care","Financing schemes unknown",":"
"2015","United Kingdom","Purchasing power standard (PPS) per inhabitant","All providers of health care","Financing schemes unknown",":"
"2016","United Kingdom","Purchasing power standard (PPS) per inhabitant","All providers of health care","Financing schemes unknown",":"
"2017","United Kingdom","Purchasing power standard (PPS) per inhabitant","All providers of health care","Financing schemes unknown",":"
"2018","United Kingdom","Purchasing power standard (PPS) per inhabitant","All providers of health care","Financing schemes unknown",":"
"2003","Iceland","Purchasing power standard (PPS) per inhabitant","All providers of health care","Financing schemes unknown",":"
"2004","Iceland","Purchasing power standard (PPS) per inhabitant","All providers of health care","Financing schemes unknown",":"
"2005","Iceland","Purchasing power standard (PPS) per inhabitant","All providers of health care","Financing schemes unknown",":"
"2006","Iceland","Purchasing power standard (PPS) per inhabitant","All providers of health care","Financing schemes unknown",":"
"2007","Iceland","Purchasing power standard (PPS) per inhabitant","All providers of health care","Financing schemes unknown",":"
"2008","Iceland","Purchasing power standard (PPS) per inhabitant","All providers of health care","Financing schemes unknown",":"
"2009","Iceland","Purchasing power standard (PPS) per inhabitant","All providers of health care","Financing schemes unknown",":"
"2010","Iceland","Purchasing power standard (PPS) per inhabitant","All providers of health care","Financing schemes unknown",":"
"2011","Iceland","Purchasing power standard (PPS) per inhabitant","All providers of health care","Financing schemes unknown","0.00"
"2012","Iceland","Purchasing power standard (PPS) per inhabitant","All providers of health care","Financing schemes unknown","0.00"
"2013","Iceland","Purchasing power standard (PPS) per inhabitant","All providers of health care","Financing schemes unknown","0.00"
"2014","Iceland","Purchasing power standard (PPS) per inhabitant","All providers of health care","Financing schemes unknown","0.00"
"2015","Iceland","Purchasing power standard (PPS) per inhabitant","All providers of health care","Financing schemes unknown","0.00"
"2016","Iceland","Purchasing power standard (PPS) per inhabitant","All providers of health care","Financing schemes unknown","0.00"
"2017","Iceland","Purchasing power standard (PPS) per inhabitant","All providers of health care","Financing schemes unknown","0.00"
"2018","Iceland","Purchasing power standard (PPS) per inhabitant","All providers of health care","Financing schemes unknown","0.00"
"2003","Liechtenstein","Purchasing power standard (PPS) per inhabitant","All providers of health care","Financing schemes unknown",":"
"2004","Liechtenstein","Purchasing power standard (PPS) per inhabitant","All providers of health care","Financing schemes unknown",":"
"2005","Liechtenstein","Purchasing power standard (PPS) per inhabitant","All providers of health care","Financing schemes unknown",":"
"2006","Liechtenstein","Purchasing power standard (PPS) per inhabitant","All providers of health care","Financing schemes unknown",":"
"2007","Liechtenstein","Purchasing power standard (PPS) per inhabitant","All providers of health care","Financing schemes unknown",":"
"2008","Liechtenstein","Purchasing power standard (PPS) per inhabitant","All providers of health care","Financing schemes unknown",":"
"2009","Liechtenstein","Purchasing power standard (PPS) per inhabitant","All providers of health care","Financing schemes unknown",":"
"2010","Liechtenstein","Purchasing power standard (PPS) per inhabitant","All providers of health care","Financing schemes unknown",":"
"2011","Liechtenstein","Purchasing power standard (PPS) per inhabitant","All providers of health care","Financing schemes unknown",":"
"2012","Liechtenstein","Purchasing power standard (PPS) per inhabitant","All providers of health care","Financing schemes unknown",":"
"2013","Liechtenstein","Purchasing power standard (PPS) per inhabitant","All providers of health care","Financing schemes unknown",":"
"2014","Liechtenstein","Purchasing power standard (PPS) per inhabitant","All providers of health care","Financing schemes unknown",":"
"2015","Liechtenstein","Purchasing power standard (PPS) per inhabitant","All providers of health care","Financing schemes unknown",":"
"2016","Liechtenstein","Purchasing power standard (PPS) per inhabitant","All providers of health care","Financing schemes unknown",":"
"2017","Liechtenstein","Purchasing power standard (PPS) per inhabitant","All providers of health care","Financing schemes unknown",":"
"2018","Liechtenstein","Purchasing power standard (PPS) per inhabitant","All providers of health care","Financing schemes unknown",":"
"2003","Norway","Purchasing power standard (PPS) per inhabitant","All providers of health care","Financing schemes unknown",":"
"2004","Norway","Purchasing power standard (PPS) per inhabitant","All providers of health care","Financing schemes unknown",":"
"2005","Norway","Purchasing power standard (PPS) per inhabitant","All providers of health care","Financing schemes unknown",":"
"2006","Norway","Purchasing power standard (PPS) per inhabitant","All providers of health care","Financing schemes unknown",":"
"2007","Norway","Purchasing power standard (PPS) per inhabitant","All providers of health care","Financing schemes unknown",":"
"2008","Norway","Purchasing power standard (PPS) per inhabitant","All providers of health care","Financing schemes unknown",":"
"2009","Norway","Purchasing power standard (PPS) per inhabitant","All providers of health care","Financing schemes unknown",":"
"2010","Norway","Purchasing power standard (PPS) per inhabitant","All providers of health care","Financing schemes unknown",":"
"2011","Norway","Purchasing power standard (PPS) per inhabitant","All providers of health care","Financing schemes unknown",":"
"2012","Norway","Purchasing power standard (PPS) per inhabitant","All providers of health care","Financing schemes unknown",":"
"2013","Norway","Purchasing power standard (PPS) per inhabitant","All providers of health care","Financing schemes unknown",":"
"2014","Norway","Purchasing power standard (PPS) per inhabitant","All providers of health care","Financing schemes unknown",":"
"2015","Norway","Purchasing power standard (PPS) per inhabitant","All providers of health care","Financing schemes unknown",":"
"2016","Norway","Purchasing power standard (PPS) per inhabitant","All providers of health care","Financing schemes unknown","0.00"
"2017","Norway","Purchasing power standard (PPS) per inhabitant","All providers of health care","Financing schemes unknown","0.00"
"2018","Norway","Purchasing power standard (PPS) per inhabitant","All providers of health care","Financing schemes unknown","0.00"
"2003","Switzerland","Purchasing power standard (PPS) per inhabitant","All providers of health care","Financing schemes unknown",":"
"2004","Switzerland","Purchasing power standard (PPS) per inhabitant","All providers of health care","Financing schemes unknown",":"
"2005","Switzerland","Purchasing power standard (PPS) per inhabitant","All providers of health care","Financing schemes unknown",":"
"2006","Switzerland","Purchasing power standard (PPS) per inhabitant","All providers of health care","Financing schemes unknown",":"
"2007","Switzerland","Purchasing power standard (PPS) per inhabitant","All providers of health care","Financing schemes unknown",":"
"2008","Switzerland","Purchasing power standard (PPS) per inhabitant","All providers of health care","Financing schemes unknown",":"
"2009","Switzerland","Purchasing power standard (PPS) per inhabitant","All providers of health care","Financing schemes unknown",":"
"2010","Switzerland","Purchasing power standard (PPS) per inhabitant","All providers of health care","Financing schemes unknown","0.00"
"2011","Switzerland","Purchasing power standard (PPS) per inhabitant","All providers of health care","Financing schemes unknown","0.00"
"2012","Switzerland","Purchasing power standard (PPS) per inhabitant","All providers of health care","Financing schemes unknown","0.00"
"2013","Switzerland","Purchasing power standard (PPS) per inhabitant","All providers of health care","Financing schemes unknown","0.00"
"2014","Switzerland","Purchasing power standard (PPS) per inhabitant","All providers of health care","Financing schemes unknown","0.00"
"2015","Switzerland","Purchasing power standard (PPS) per inhabitant","All providers of health care","Financing schemes unknown","0.00"
"2016","Switzerland","Purchasing power standard (PPS) per inhabitant","All providers of health care","Financing schemes unknown","0.00"
"2017","Switzerland","Purchasing power standard (PPS) per inhabitant","All providers of health care","Financing schemes unknown","0.00"
"2018","Switzerland","Purchasing power standard (PPS) per inhabitant","All providers of health care","Financing schemes unknown",":"
