"TIME","GEO","UNIT","ICHA11_HP","ICHA11_HF","Value"
"2003","Belgium","Percentage of gross domestic product (GDP)","All providers of health care","Government schemes","0.98"
"2004","Belgium","Percentage of gross domestic product (GDP)","All providers of health care","Government schemes","1.00"
"2005","Belgium","Percentage of gross domestic product (GDP)","All providers of health care","Government schemes","1.06"
"2006","Belgium","Percentage of gross domestic product (GDP)","All providers of health care","Government schemes","1.04"
"2007","Belgium","Percentage of gross domestic product (GDP)","All providers of health care","Government schemes","0.98"
"2008","Belgium","Percentage of gross domestic product (GDP)","All providers of health care","Government schemes","1.00"
"2009","Belgium","Percentage of gross domestic product (GDP)","All providers of health care","Government schemes","1.10"
"2010","Belgium","Percentage of gross domestic product (GDP)","All providers of health care","Government schemes","1.08"
"2011","Belgium","Percentage of gross domestic product (GDP)","All providers of health care","Government schemes","1.08"
"2012","Belgium","Percentage of gross domestic product (GDP)","All providers of health care","Government schemes","1.13"
"2013","Belgium","Percentage of gross domestic product (GDP)","All providers of health care","Government schemes","1.13"
"2014","Belgium","Percentage of gross domestic product (GDP)","All providers of health care","Government schemes","0.99"
"2015","Belgium","Percentage of gross domestic product (GDP)","All providers of health care","Government schemes","1.86"
"2016","Belgium","Percentage of gross domestic product (GDP)","All providers of health care","Government schemes","2.06"
"2017","Belgium","Percentage of gross domestic product (GDP)","All providers of health care","Government schemes","2.14"
"2018","Belgium","Percentage of gross domestic product (GDP)","All providers of health care","Government schemes","2.10"
"2003","Bulgaria","Percentage of gross domestic product (GDP)","All providers of health care","Government schemes",":"
"2004","Bulgaria","Percentage of gross domestic product (GDP)","All providers of health care","Government schemes",":"
"2005","Bulgaria","Percentage of gross domestic product (GDP)","All providers of health care","Government schemes",":"
"2006","Bulgaria","Percentage of gross domestic product (GDP)","All providers of health care","Government schemes",":"
"2007","Bulgaria","Percentage of gross domestic product (GDP)","All providers of health care","Government schemes",":"
"2008","Bulgaria","Percentage of gross domestic product (GDP)","All providers of health care","Government schemes",":"
"2009","Bulgaria","Percentage of gross domestic product (GDP)","All providers of health care","Government schemes",":"
"2010","Bulgaria","Percentage of gross domestic product (GDP)","All providers of health care","Government schemes",":"
"2011","Bulgaria","Percentage of gross domestic product (GDP)","All providers of health care","Government schemes","1.11"
"2012","Bulgaria","Percentage of gross domestic product (GDP)","All providers of health care","Government schemes","0.83"
"2013","Bulgaria","Percentage of gross domestic product (GDP)","All providers of health care","Government schemes","0.74"
"2014","Bulgaria","Percentage of gross domestic product (GDP)","All providers of health care","Government schemes","0.75"
"2015","Bulgaria","Percentage of gross domestic product (GDP)","All providers of health care","Government schemes","0.75"
"2016","Bulgaria","Percentage of gross domestic product (GDP)","All providers of health care","Government schemes","0.77"
"2017","Bulgaria","Percentage of gross domestic product (GDP)","All providers of health care","Government schemes","0.74"
"2018","Bulgaria","Percentage of gross domestic product (GDP)","All providers of health care","Government schemes","0.76"
"2003","Czechia","Percentage of gross domestic product (GDP)","All providers of health care","Government schemes",":"
"2004","Czechia","Percentage of gross domestic product (GDP)","All providers of health care","Government schemes",":"
"2005","Czechia","Percentage of gross domestic product (GDP)","All providers of health care","Government schemes",":"
"2006","Czechia","Percentage of gross domestic product (GDP)","All providers of health care","Government schemes",":"
"2007","Czechia","Percentage of gross domestic product (GDP)","All providers of health care","Government schemes",":"
"2008","Czechia","Percentage of gross domestic product (GDP)","All providers of health care","Government schemes",":"
"2009","Czechia","Percentage of gross domestic product (GDP)","All providers of health care","Government schemes",":"
"2010","Czechia","Percentage of gross domestic product (GDP)","All providers of health care","Government schemes",":"
"2011","Czechia","Percentage of gross domestic product (GDP)","All providers of health care","Government schemes",":"
"2012","Czechia","Percentage of gross domestic product (GDP)","All providers of health care","Government schemes",":"
"2013","Czechia","Percentage of gross domestic product (GDP)","All providers of health care","Government schemes","1.00"
"2014","Czechia","Percentage of gross domestic product (GDP)","All providers of health care","Government schemes","0.90"
"2015","Czechia","Percentage of gross domestic product (GDP)","All providers of health care","Government schemes","0.87"
"2016","Czechia","Percentage of gross domestic product (GDP)","All providers of health care","Government schemes","0.88"
"2017","Czechia","Percentage of gross domestic product (GDP)","All providers of health care","Government schemes","0.95"
"2018","Czechia","Percentage of gross domestic product (GDP)","All providers of health care","Government schemes",":"
"2003","Denmark","Percentage of gross domestic product (GDP)","All providers of health care","Government schemes",":"
"2004","Denmark","Percentage of gross domestic product (GDP)","All providers of health care","Government schemes",":"
"2005","Denmark","Percentage of gross domestic product (GDP)","All providers of health care","Government schemes",":"
"2006","Denmark","Percentage of gross domestic product (GDP)","All providers of health care","Government schemes",":"
"2007","Denmark","Percentage of gross domestic product (GDP)","All providers of health care","Government schemes",":"
"2008","Denmark","Percentage of gross domestic product (GDP)","All providers of health care","Government schemes",":"
"2009","Denmark","Percentage of gross domestic product (GDP)","All providers of health care","Government schemes",":"
"2010","Denmark","Percentage of gross domestic product (GDP)","All providers of health care","Government schemes","8.67"
"2011","Denmark","Percentage of gross domestic product (GDP)","All providers of health care","Government schemes","8.49"
"2012","Denmark","Percentage of gross domestic product (GDP)","All providers of health care","Government schemes","8.60"
"2013","Denmark","Percentage of gross domestic product (GDP)","All providers of health care","Government schemes","8.57"
"2014","Denmark","Percentage of gross domestic product (GDP)","All providers of health care","Government schemes","8.56"
"2015","Denmark","Percentage of gross domestic product (GDP)","All providers of health care","Government schemes","8.61"
"2016","Denmark","Percentage of gross domestic product (GDP)","All providers of health care","Government schemes","8.53"
"2017","Denmark","Percentage of gross domestic product (GDP)","All providers of health care","Government schemes","8.50"
"2018","Denmark","Percentage of gross domestic product (GDP)","All providers of health care","Government schemes","8.48"
"2003","Germany (until 1990 former territory of the FRG)","Percentage of gross domestic product (GDP)","All providers of health care","Government schemes","0.80"
"2004","Germany (until 1990 former territory of the FRG)","Percentage of gross domestic product (GDP)","All providers of health care","Government schemes","0.78"
"2005","Germany (until 1990 former territory of the FRG)","Percentage of gross domestic product (GDP)","All providers of health care","Government schemes","0.76"
"2006","Germany (until 1990 former territory of the FRG)","Percentage of gross domestic product (GDP)","All providers of health care","Government schemes","0.73"
"2007","Germany (until 1990 former territory of the FRG)","Percentage of gross domestic product (GDP)","All providers of health care","Government schemes","0.71"
"2008","Germany (until 1990 former territory of the FRG)","Percentage of gross domestic product (GDP)","All providers of health care","Government schemes","0.71"
"2009","Germany (until 1990 former territory of the FRG)","Percentage of gross domestic product (GDP)","All providers of health care","Government schemes","0.76"
"2010","Germany (until 1990 former territory of the FRG)","Percentage of gross domestic product (GDP)","All providers of health care","Government schemes","0.75"
"2011","Germany (until 1990 former territory of the FRG)","Percentage of gross domestic product (GDP)","All providers of health care","Government schemes","0.72"
"2012","Germany (until 1990 former territory of the FRG)","Percentage of gross domestic product (GDP)","All providers of health care","Government schemes","0.73"
"2013","Germany (until 1990 former territory of the FRG)","Percentage of gross domestic product (GDP)","All providers of health care","Government schemes","0.73"
"2014","Germany (until 1990 former territory of the FRG)","Percentage of gross domestic product (GDP)","All providers of health care","Government schemes","0.73"
"2015","Germany (until 1990 former territory of the FRG)","Percentage of gross domestic product (GDP)","All providers of health care","Government schemes","0.74"
"2016","Germany (until 1990 former territory of the FRG)","Percentage of gross domestic product (GDP)","All providers of health care","Government schemes","0.76"
"2017","Germany (until 1990 former territory of the FRG)","Percentage of gross domestic product (GDP)","All providers of health care","Government schemes","0.71"
"2018","Germany (until 1990 former territory of the FRG)","Percentage of gross domestic product (GDP)","All providers of health care","Government schemes",":"
"2003","Estonia","Percentage of gross domestic product (GDP)","All providers of health care","Government schemes","0.47"
"2004","Estonia","Percentage of gross domestic product (GDP)","All providers of health care","Government schemes","0.50"
"2005","Estonia","Percentage of gross domestic product (GDP)","All providers of health care","Government schemes","0.51"
"2006","Estonia","Percentage of gross domestic product (GDP)","All providers of health care","Government schemes","0.53"
"2007","Estonia","Percentage of gross domestic product (GDP)","All providers of health care","Government schemes","0.55"
"2008","Estonia","Percentage of gross domestic product (GDP)","All providers of health care","Government schemes","0.63"
"2009","Estonia","Percentage of gross domestic product (GDP)","All providers of health care","Government schemes","0.70"
"2010","Estonia","Percentage of gross domestic product (GDP)","All providers of health care","Government schemes","0.69"
"2011","Estonia","Percentage of gross domestic product (GDP)","All providers of health care","Government schemes","0.64"
"2012","Estonia","Percentage of gross domestic product (GDP)","All providers of health care","Government schemes","0.63"
"2013","Estonia","Percentage of gross domestic product (GDP)","All providers of health care","Government schemes","0.66"
"2014","Estonia","Percentage of gross domestic product (GDP)","All providers of health care","Government schemes","0.63"
"2015","Estonia","Percentage of gross domestic product (GDP)","All providers of health care","Government schemes","0.69"
"2016","Estonia","Percentage of gross domestic product (GDP)","All providers of health care","Government schemes","0.69"
"2017","Estonia","Percentage of gross domestic product (GDP)","All providers of health care","Government schemes","0.67"
"2018","Estonia","Percentage of gross domestic product (GDP)","All providers of health care","Government schemes",":"
"2003","Ireland","Percentage of gross domestic product (GDP)","All providers of health care","Government schemes",":"
"2004","Ireland","Percentage of gross domestic product (GDP)","All providers of health care","Government schemes",":"
"2005","Ireland","Percentage of gross domestic product (GDP)","All providers of health care","Government schemes",":"
"2006","Ireland","Percentage of gross domestic product (GDP)","All providers of health care","Government schemes",":"
"2007","Ireland","Percentage of gross domestic product (GDP)","All providers of health care","Government schemes",":"
"2008","Ireland","Percentage of gross domestic product (GDP)","All providers of health care","Government schemes",":"
"2009","Ireland","Percentage of gross domestic product (GDP)","All providers of health care","Government schemes",":"
"2010","Ireland","Percentage of gross domestic product (GDP)","All providers of health care","Government schemes",":"
"2011","Ireland","Percentage of gross domestic product (GDP)","All providers of health care","Government schemes","7.71"
"2012","Ireland","Percentage of gross domestic product (GDP)","All providers of health care","Government schemes","7.67"
"2013","Ireland","Percentage of gross domestic product (GDP)","All providers of health care","Government schemes","7.30"
"2014","Ireland","Percentage of gross domestic product (GDP)","All providers of health care","Government schemes","6.84"
"2015","Ireland","Percentage of gross domestic product (GDP)","All providers of health care","Government schemes","5.25"
"2016","Ireland","Percentage of gross domestic product (GDP)","All providers of health care","Government schemes","5.35"
"2017","Ireland","Percentage of gross domestic product (GDP)","All providers of health care","Government schemes","5.18"
"2018","Ireland","Percentage of gross domestic product (GDP)","All providers of health care","Government schemes","5.08"
"2003","Greece","Percentage of gross domestic product (GDP)","All providers of health care","Government schemes",":"
"2004","Greece","Percentage of gross domestic product (GDP)","All providers of health care","Government schemes",":"
"2005","Greece","Percentage of gross domestic product (GDP)","All providers of health care","Government schemes",":"
"2006","Greece","Percentage of gross domestic product (GDP)","All providers of health care","Government schemes",":"
"2007","Greece","Percentage of gross domestic product (GDP)","All providers of health care","Government schemes",":"
"2008","Greece","Percentage of gross domestic product (GDP)","All providers of health care","Government schemes",":"
"2009","Greece","Percentage of gross domestic product (GDP)","All providers of health care","Government schemes","2.57"
"2010","Greece","Percentage of gross domestic product (GDP)","All providers of health care","Government schemes","2.86"
"2011","Greece","Percentage of gross domestic product (GDP)","All providers of health care","Government schemes","2.03"
"2012","Greece","Percentage of gross domestic product (GDP)","All providers of health care","Government schemes","2.66"
"2013","Greece","Percentage of gross domestic product (GDP)","All providers of health care","Government schemes","2.57"
"2014","Greece","Percentage of gross domestic product (GDP)","All providers of health care","Government schemes","2.36"
"2015","Greece","Percentage of gross domestic product (GDP)","All providers of health care","Government schemes","2.31"
"2016","Greece","Percentage of gross domestic product (GDP)","All providers of health care","Government schemes","2.56"
"2017","Greece","Percentage of gross domestic product (GDP)","All providers of health care","Government schemes","2.21"
"2018","Greece","Percentage of gross domestic product (GDP)","All providers of health care","Government schemes","2.12"
"2003","Spain","Percentage of gross domestic product (GDP)","All providers of health care","Government schemes","5.00"
"2004","Spain","Percentage of gross domestic product (GDP)","All providers of health care","Government schemes","5.08"
"2005","Spain","Percentage of gross domestic product (GDP)","All providers of health care","Government schemes","5.14"
"2006","Spain","Percentage of gross domestic product (GDP)","All providers of health care","Government schemes","5.25"
"2007","Spain","Percentage of gross domestic product (GDP)","All providers of health care","Government schemes","5.34"
"2008","Spain","Percentage of gross domestic product (GDP)","All providers of health care","Government schemes","5.74"
"2009","Spain","Percentage of gross domestic product (GDP)","All providers of health care","Government schemes","6.40"
"2010","Spain","Percentage of gross domestic product (GDP)","All providers of health care","Government schemes","6.36"
"2011","Spain","Percentage of gross domestic product (GDP)","All providers of health care","Government schemes","6.32"
"2012","Spain","Percentage of gross domestic product (GDP)","All providers of health care","Government schemes","6.16"
"2013","Spain","Percentage of gross domestic product (GDP)","All providers of health care","Government schemes","6.01"
"2014","Spain","Percentage of gross domestic product (GDP)","All providers of health care","Government schemes","5.96"
"2015","Spain","Percentage of gross domestic product (GDP)","All providers of health care","Government schemes","6.10"
"2016","Spain","Percentage of gross domestic product (GDP)","All providers of health care","Government schemes","5.99"
"2017","Spain","Percentage of gross domestic product (GDP)","All providers of health care","Government schemes","5.90"
"2018","Spain","Percentage of gross domestic product (GDP)","All providers of health care","Government schemes",":"
"2003","France","Percentage of gross domestic product (GDP)","All providers of health care","Government schemes",":"
"2004","France","Percentage of gross domestic product (GDP)","All providers of health care","Government schemes",":"
"2005","France","Percentage of gross domestic product (GDP)","All providers of health care","Government schemes",":"
"2006","France","Percentage of gross domestic product (GDP)","All providers of health care","Government schemes","0.43"
"2007","France","Percentage of gross domestic product (GDP)","All providers of health care","Government schemes","0.45"
"2008","France","Percentage of gross domestic product (GDP)","All providers of health care","Government schemes","0.48"
"2009","France","Percentage of gross domestic product (GDP)","All providers of health care","Government schemes","0.56"
"2010","France","Percentage of gross domestic product (GDP)","All providers of health care","Government schemes","0.55"
"2011","France","Percentage of gross domestic product (GDP)","All providers of health care","Government schemes","0.55"
"2012","France","Percentage of gross domestic product (GDP)","All providers of health care","Government schemes","0.56"
"2013","France","Percentage of gross domestic product (GDP)","All providers of health care","Government schemes","0.58"
"2014","France","Percentage of gross domestic product (GDP)","All providers of health care","Government schemes","0.59"
"2015","France","Percentage of gross domestic product (GDP)","All providers of health care","Government schemes","0.59"
"2016","France","Percentage of gross domestic product (GDP)","All providers of health care","Government schemes","0.59"
"2017","France","Percentage of gross domestic product (GDP)","All providers of health care","Government schemes","0.60"
"2018","France","Percentage of gross domestic product (GDP)","All providers of health care","Government schemes","0.61"
"2003","Croatia","Percentage of gross domestic product (GDP)","All providers of health care","Government schemes",":"
"2004","Croatia","Percentage of gross domestic product (GDP)","All providers of health care","Government schemes",":"
"2005","Croatia","Percentage of gross domestic product (GDP)","All providers of health care","Government schemes",":"
"2006","Croatia","Percentage of gross domestic product (GDP)","All providers of health care","Government schemes",":"
"2007","Croatia","Percentage of gross domestic product (GDP)","All providers of health care","Government schemes",":"
"2008","Croatia","Percentage of gross domestic product (GDP)","All providers of health care","Government schemes",":"
"2009","Croatia","Percentage of gross domestic product (GDP)","All providers of health care","Government schemes",":"
"2010","Croatia","Percentage of gross domestic product (GDP)","All providers of health care","Government schemes",":"
"2011","Croatia","Percentage of gross domestic product (GDP)","All providers of health care","Government schemes",":"
"2012","Croatia","Percentage of gross domestic product (GDP)","All providers of health care","Government schemes",":"
"2013","Croatia","Percentage of gross domestic product (GDP)","All providers of health care","Government schemes","0.18"
"2014","Croatia","Percentage of gross domestic product (GDP)","All providers of health care","Government schemes","0.20"
"2015","Croatia","Percentage of gross domestic product (GDP)","All providers of health care","Government schemes","0.19"
"2016","Croatia","Percentage of gross domestic product (GDP)","All providers of health care","Government schemes","0.16"
"2017","Croatia","Percentage of gross domestic product (GDP)","All providers of health care","Government schemes","0.45"
"2018","Croatia","Percentage of gross domestic product (GDP)","All providers of health care","Government schemes","0.28"
"2003","Italy","Percentage of gross domestic product (GDP)","All providers of health care","Government schemes",":"
"2004","Italy","Percentage of gross domestic product (GDP)","All providers of health care","Government schemes",":"
"2005","Italy","Percentage of gross domestic product (GDP)","All providers of health care","Government schemes",":"
"2006","Italy","Percentage of gross domestic product (GDP)","All providers of health care","Government schemes",":"
"2007","Italy","Percentage of gross domestic product (GDP)","All providers of health care","Government schemes",":"
"2008","Italy","Percentage of gross domestic product (GDP)","All providers of health care","Government schemes",":"
"2009","Italy","Percentage of gross domestic product (GDP)","All providers of health care","Government schemes",":"
"2010","Italy","Percentage of gross domestic product (GDP)","All providers of health care","Government schemes",":"
"2011","Italy","Percentage of gross domestic product (GDP)","All providers of health care","Government schemes",":"
"2012","Italy","Percentage of gross domestic product (GDP)","All providers of health care","Government schemes","6.64"
"2013","Italy","Percentage of gross domestic product (GDP)","All providers of health care","Government schemes","6.63"
"2014","Italy","Percentage of gross domestic product (GDP)","All providers of health care","Government schemes","6.67"
"2015","Italy","Percentage of gross domestic product (GDP)","All providers of health care","Government schemes","6.57"
"2016","Italy","Percentage of gross domestic product (GDP)","All providers of health care","Government schemes","6.48"
"2017","Italy","Percentage of gross domestic product (GDP)","All providers of health care","Government schemes","6.38"
"2018","Italy","Percentage of gross domestic product (GDP)","All providers of health care","Government schemes","6.39"
"2003","Cyprus","Percentage of gross domestic product (GDP)","All providers of health care","Government schemes",":"
"2004","Cyprus","Percentage of gross domestic product (GDP)","All providers of health care","Government schemes",":"
"2005","Cyprus","Percentage of gross domestic product (GDP)","All providers of health care","Government schemes",":"
"2006","Cyprus","Percentage of gross domestic product (GDP)","All providers of health care","Government schemes",":"
"2007","Cyprus","Percentage of gross domestic product (GDP)","All providers of health care","Government schemes",":"
"2008","Cyprus","Percentage of gross domestic product (GDP)","All providers of health care","Government schemes",":"
"2009","Cyprus","Percentage of gross domestic product (GDP)","All providers of health care","Government schemes",":"
"2010","Cyprus","Percentage of gross domestic product (GDP)","All providers of health care","Government schemes","2.96"
"2011","Cyprus","Percentage of gross domestic product (GDP)","All providers of health care","Government schemes","3.04"
"2012","Cyprus","Percentage of gross domestic product (GDP)","All providers of health care","Government schemes","2.99"
"2013","Cyprus","Percentage of gross domestic product (GDP)","All providers of health care","Government schemes","3.16"
"2014","Cyprus","Percentage of gross domestic product (GDP)","All providers of health care","Government schemes","2.95"
"2015","Cyprus","Percentage of gross domestic product (GDP)","All providers of health care","Government schemes","2.86"
"2016","Cyprus","Percentage of gross domestic product (GDP)","All providers of health care","Government schemes","2.79"
"2017","Cyprus","Percentage of gross domestic product (GDP)","All providers of health care","Government schemes","2.77"
"2018","Cyprus","Percentage of gross domestic product (GDP)","All providers of health care","Government schemes","2.89"
"2003","Latvia","Percentage of gross domestic product (GDP)","All providers of health care","Government schemes",":"
"2004","Latvia","Percentage of gross domestic product (GDP)","All providers of health care","Government schemes",":"
"2005","Latvia","Percentage of gross domestic product (GDP)","All providers of health care","Government schemes",":"
"2006","Latvia","Percentage of gross domestic product (GDP)","All providers of health care","Government schemes",":"
"2007","Latvia","Percentage of gross domestic product (GDP)","All providers of health care","Government schemes",":"
"2008","Latvia","Percentage of gross domestic product (GDP)","All providers of health care","Government schemes",":"
"2009","Latvia","Percentage of gross domestic product (GDP)","All providers of health care","Government schemes",":"
"2010","Latvia","Percentage of gross domestic product (GDP)","All providers of health care","Government schemes",":"
"2011","Latvia","Percentage of gross domestic product (GDP)","All providers of health care","Government schemes",":"
"2012","Latvia","Percentage of gross domestic product (GDP)","All providers of health care","Government schemes",":"
"2013","Latvia","Percentage of gross domestic product (GDP)","All providers of health care","Government schemes","3.24"
"2014","Latvia","Percentage of gross domestic product (GDP)","All providers of health care","Government schemes","3.26"
"2015","Latvia","Percentage of gross domestic product (GDP)","All providers of health care","Government schemes","3.35"
"2016","Latvia","Percentage of gross domestic product (GDP)","All providers of health care","Government schemes","3.47"
"2017","Latvia","Percentage of gross domestic product (GDP)","All providers of health care","Government schemes","3.41"
"2018","Latvia","Percentage of gross domestic product (GDP)","All providers of health care","Government schemes",":"
"2003","Lithuania","Percentage of gross domestic product (GDP)","All providers of health care","Government schemes",":"
"2004","Lithuania","Percentage of gross domestic product (GDP)","All providers of health care","Government schemes",":"
"2005","Lithuania","Percentage of gross domestic product (GDP)","All providers of health care","Government schemes",":"
"2006","Lithuania","Percentage of gross domestic product (GDP)","All providers of health care","Government schemes","0.35"
"2007","Lithuania","Percentage of gross domestic product (GDP)","All providers of health care","Government schemes","0.50"
"2008","Lithuania","Percentage of gross domestic product (GDP)","All providers of health care","Government schemes","0.65"
"2009","Lithuania","Percentage of gross domestic product (GDP)","All providers of health care","Government schemes","0.79"
"2010","Lithuania","Percentage of gross domestic product (GDP)","All providers of health care","Government schemes","0.71"
"2011","Lithuania","Percentage of gross domestic product (GDP)","All providers of health care","Government schemes","0.63"
"2012","Lithuania","Percentage of gross domestic product (GDP)","All providers of health care","Government schemes","0.58"
"2013","Lithuania","Percentage of gross domestic product (GDP)","All providers of health care","Government schemes","0.54"
"2014","Lithuania","Percentage of gross domestic product (GDP)","All providers of health care","Government schemes","0.63"
"2015","Lithuania","Percentage of gross domestic product (GDP)","All providers of health care","Government schemes","0.65"
"2016","Lithuania","Percentage of gross domestic product (GDP)","All providers of health care","Government schemes","0.63"
"2017","Lithuania","Percentage of gross domestic product (GDP)","All providers of health care","Government schemes","0.58"
"2018","Lithuania","Percentage of gross domestic product (GDP)","All providers of health care","Government schemes","0.56"
"2003","Luxembourg","Percentage of gross domestic product (GDP)","All providers of health care","Government schemes",":"
"2004","Luxembourg","Percentage of gross domestic product (GDP)","All providers of health care","Government schemes",":"
"2005","Luxembourg","Percentage of gross domestic product (GDP)","All providers of health care","Government schemes",":"
"2006","Luxembourg","Percentage of gross domestic product (GDP)","All providers of health care","Government schemes",":"
"2007","Luxembourg","Percentage of gross domestic product (GDP)","All providers of health care","Government schemes",":"
"2008","Luxembourg","Percentage of gross domestic product (GDP)","All providers of health care","Government schemes",":"
"2009","Luxembourg","Percentage of gross domestic product (GDP)","All providers of health care","Government schemes",":"
"2010","Luxembourg","Percentage of gross domestic product (GDP)","All providers of health care","Government schemes",":"
"2011","Luxembourg","Percentage of gross domestic product (GDP)","All providers of health care","Government schemes","0.41"
"2012","Luxembourg","Percentage of gross domestic product (GDP)","All providers of health care","Government schemes","0.21"
"2013","Luxembourg","Percentage of gross domestic product (GDP)","All providers of health care","Government schemes","0.21"
"2014","Luxembourg","Percentage of gross domestic product (GDP)","All providers of health care","Government schemes","0.24"
"2015","Luxembourg","Percentage of gross domestic product (GDP)","All providers of health care","Government schemes","0.24"
"2016","Luxembourg","Percentage of gross domestic product (GDP)","All providers of health care","Government schemes","0.25"
"2017","Luxembourg","Percentage of gross domestic product (GDP)","All providers of health care","Government schemes","0.25"
"2018","Luxembourg","Percentage of gross domestic product (GDP)","All providers of health care","Government schemes","0.23"
"2003","Hungary","Percentage of gross domestic product (GDP)","All providers of health care","Government schemes",":"
"2004","Hungary","Percentage of gross domestic product (GDP)","All providers of health care","Government schemes",":"
"2005","Hungary","Percentage of gross domestic product (GDP)","All providers of health care","Government schemes",":"
"2006","Hungary","Percentage of gross domestic product (GDP)","All providers of health care","Government schemes","0.65"
"2007","Hungary","Percentage of gross domestic product (GDP)","All providers of health care","Government schemes","0.71"
"2008","Hungary","Percentage of gross domestic product (GDP)","All providers of health care","Government schemes","0.69"
"2009","Hungary","Percentage of gross domestic product (GDP)","All providers of health care","Government schemes","0.69"
"2010","Hungary","Percentage of gross domestic product (GDP)","All providers of health care","Government schemes","0.61"
"2011","Hungary","Percentage of gross domestic product (GDP)","All providers of health care","Government schemes","0.61"
"2012","Hungary","Percentage of gross domestic product (GDP)","All providers of health care","Government schemes","0.65"
"2013","Hungary","Percentage of gross domestic product (GDP)","All providers of health care","Government schemes","0.64"
"2014","Hungary","Percentage of gross domestic product (GDP)","All providers of health care","Government schemes","0.69"
"2015","Hungary","Percentage of gross domestic product (GDP)","All providers of health care","Government schemes","0.80"
"2016","Hungary","Percentage of gross domestic product (GDP)","All providers of health care","Government schemes","0.60"
"2017","Hungary","Percentage of gross domestic product (GDP)","All providers of health care","Government schemes","0.56"
"2018","Hungary","Percentage of gross domestic product (GDP)","All providers of health care","Government schemes","0.57"
"2003","Malta","Percentage of gross domestic product (GDP)","All providers of health care","Government schemes",":"
"2004","Malta","Percentage of gross domestic product (GDP)","All providers of health care","Government schemes",":"
"2005","Malta","Percentage of gross domestic product (GDP)","All providers of health care","Government schemes",":"
"2006","Malta","Percentage of gross domestic product (GDP)","All providers of health care","Government schemes",":"
"2007","Malta","Percentage of gross domestic product (GDP)","All providers of health care","Government schemes",":"
"2008","Malta","Percentage of gross domestic product (GDP)","All providers of health care","Government schemes",":"
"2009","Malta","Percentage of gross domestic product (GDP)","All providers of health care","Government schemes",":"
"2010","Malta","Percentage of gross domestic product (GDP)","All providers of health care","Government schemes",":"
"2011","Malta","Percentage of gross domestic product (GDP)","All providers of health care","Government schemes",":"
"2012","Malta","Percentage of gross domestic product (GDP)","All providers of health care","Government schemes",":"
"2013","Malta","Percentage of gross domestic product (GDP)","All providers of health care","Government schemes",":"
"2014","Malta","Percentage of gross domestic product (GDP)","All providers of health care","Government schemes","5.73"
"2015","Malta","Percentage of gross domestic product (GDP)","All providers of health care","Government schemes","5.58"
"2016","Malta","Percentage of gross domestic product (GDP)","All providers of health care","Government schemes","5.76"
"2017","Malta","Percentage of gross domestic product (GDP)","All providers of health care","Government schemes","5.89"
"2018","Malta","Percentage of gross domestic product (GDP)","All providers of health care","Government schemes",":"
"2003","Netherlands","Percentage of gross domestic product (GDP)","All providers of health care","Government schemes","0.43"
"2004","Netherlands","Percentage of gross domestic product (GDP)","All providers of health care","Government schemes","0.42"
"2005","Netherlands","Percentage of gross domestic product (GDP)","All providers of health care","Government schemes","0.46"
"2006","Netherlands","Percentage of gross domestic product (GDP)","All providers of health care","Government schemes","0.47"
"2007","Netherlands","Percentage of gross domestic product (GDP)","All providers of health care","Government schemes","0.49"
"2008","Netherlands","Percentage of gross domestic product (GDP)","All providers of health care","Government schemes","0.49"
"2009","Netherlands","Percentage of gross domestic product (GDP)","All providers of health care","Government schemes","0.54"
"2010","Netherlands","Percentage of gross domestic product (GDP)","All providers of health care","Government schemes","0.52"
"2011","Netherlands","Percentage of gross domestic product (GDP)","All providers of health care","Government schemes","0.52"
"2012","Netherlands","Percentage of gross domestic product (GDP)","All providers of health care","Government schemes","0.53"
"2013","Netherlands","Percentage of gross domestic product (GDP)","All providers of health care","Government schemes","0.53"
"2014","Netherlands","Percentage of gross domestic product (GDP)","All providers of health care","Government schemes","0.53"
"2015","Netherlands","Percentage of gross domestic product (GDP)","All providers of health care","Government schemes","0.64"
"2016","Netherlands","Percentage of gross domestic product (GDP)","All providers of health care","Government schemes","0.65"
"2017","Netherlands","Percentage of gross domestic product (GDP)","All providers of health care","Government schemes","0.62"
"2018","Netherlands","Percentage of gross domestic product (GDP)","All providers of health care","Government schemes","0.64"
"2003","Austria","Percentage of gross domestic product (GDP)","All providers of health care","Government schemes",":"
"2004","Austria","Percentage of gross domestic product (GDP)","All providers of health care","Government schemes","2.74"
"2005","Austria","Percentage of gross domestic product (GDP)","All providers of health care","Government schemes","2.76"
"2006","Austria","Percentage of gross domestic product (GDP)","All providers of health care","Government schemes","2.79"
"2007","Austria","Percentage of gross domestic product (GDP)","All providers of health care","Government schemes","2.77"
"2008","Austria","Percentage of gross domestic product (GDP)","All providers of health care","Government schemes","2.92"
"2009","Austria","Percentage of gross domestic product (GDP)","All providers of health care","Government schemes","3.14"
"2010","Austria","Percentage of gross domestic product (GDP)","All providers of health care","Government schemes","3.17"
"2011","Austria","Percentage of gross domestic product (GDP)","All providers of health care","Government schemes","3.10"
"2012","Austria","Percentage of gross domestic product (GDP)","All providers of health care","Government schemes","3.18"
"2013","Austria","Percentage of gross domestic product (GDP)","All providers of health care","Government schemes","3.13"
"2014","Austria","Percentage of gross domestic product (GDP)","All providers of health care","Government schemes","3.13"
"2015","Austria","Percentage of gross domestic product (GDP)","All providers of health care","Government schemes","3.11"
"2016","Austria","Percentage of gross domestic product (GDP)","All providers of health care","Government schemes","3.10"
"2017","Austria","Percentage of gross domestic product (GDP)","All providers of health care","Government schemes","3.08"
"2018","Austria","Percentage of gross domestic product (GDP)","All providers of health care","Government schemes","3.12"
"2003","Poland","Percentage of gross domestic product (GDP)","All providers of health care","Government schemes",":"
"2004","Poland","Percentage of gross domestic product (GDP)","All providers of health care","Government schemes",":"
"2005","Poland","Percentage of gross domestic product (GDP)","All providers of health care","Government schemes",":"
"2006","Poland","Percentage of gross domestic product (GDP)","All providers of health care","Government schemes",":"
"2007","Poland","Percentage of gross domestic product (GDP)","All providers of health care","Government schemes",":"
"2008","Poland","Percentage of gross domestic product (GDP)","All providers of health care","Government schemes",":"
"2009","Poland","Percentage of gross domestic product (GDP)","All providers of health care","Government schemes",":"
"2010","Poland","Percentage of gross domestic product (GDP)","All providers of health care","Government schemes",":"
"2011","Poland","Percentage of gross domestic product (GDP)","All providers of health care","Government schemes",":"
"2012","Poland","Percentage of gross domestic product (GDP)","All providers of health care","Government schemes",":"
"2013","Poland","Percentage of gross domestic product (GDP)","All providers of health care","Government schemes","0.64"
"2014","Poland","Percentage of gross domestic product (GDP)","All providers of health care","Government schemes","0.58"
"2015","Poland","Percentage of gross domestic product (GDP)","All providers of health care","Government schemes","0.59"
"2016","Poland","Percentage of gross domestic product (GDP)","All providers of health care","Government schemes","0.65"
"2017","Poland","Percentage of gross domestic product (GDP)","All providers of health care","Government schemes",":"
"2018","Poland","Percentage of gross domestic product (GDP)","All providers of health care","Government schemes",":"
"2003","Portugal","Percentage of gross domestic product (GDP)","All providers of health care","Government schemes","6.25"
"2004","Portugal","Percentage of gross domestic product (GDP)","All providers of health care","Government schemes","6.53"
"2005","Portugal","Percentage of gross domestic product (GDP)","All providers of health care","Government schemes","6.65"
"2006","Portugal","Percentage of gross domestic product (GDP)","All providers of health care","Government schemes","6.24"
"2007","Portugal","Percentage of gross domestic product (GDP)","All providers of health care","Government schemes","6.15"
"2008","Portugal","Percentage of gross domestic product (GDP)","All providers of health care","Government schemes","6.31"
"2009","Portugal","Percentage of gross domestic product (GDP)","All providers of health care","Government schemes","6.80"
"2010","Portugal","Percentage of gross domestic product (GDP)","All providers of health care","Government schemes","6.75"
"2011","Portugal","Percentage of gross domestic product (GDP)","All providers of health care","Government schemes","6.35"
"2012","Portugal","Percentage of gross domestic product (GDP)","All providers of health care","Government schemes","6.02"
"2013","Portugal","Percentage of gross domestic product (GDP)","All providers of health care","Government schemes","5.98"
"2014","Portugal","Percentage of gross domestic product (GDP)","All providers of health care","Government schemes","5.85"
"2015","Portugal","Percentage of gross domestic product (GDP)","All providers of health care","Government schemes","5.83"
"2016","Portugal","Percentage of gross domestic product (GDP)","All providers of health care","Government schemes","5.88"
"2017","Portugal","Percentage of gross domestic product (GDP)","All providers of health care","Government schemes","5.83"
"2018","Portugal","Percentage of gross domestic product (GDP)","All providers of health care","Government schemes",":"
"2003","Romania","Percentage of gross domestic product (GDP)","All providers of health care","Government schemes",":"
"2004","Romania","Percentage of gross domestic product (GDP)","All providers of health care","Government schemes",":"
"2005","Romania","Percentage of gross domestic product (GDP)","All providers of health care","Government schemes",":"
"2006","Romania","Percentage of gross domestic product (GDP)","All providers of health care","Government schemes",":"
"2007","Romania","Percentage of gross domestic product (GDP)","All providers of health care","Government schemes",":"
"2008","Romania","Percentage of gross domestic product (GDP)","All providers of health care","Government schemes",":"
"2009","Romania","Percentage of gross domestic product (GDP)","All providers of health care","Government schemes",":"
"2010","Romania","Percentage of gross domestic product (GDP)","All providers of health care","Government schemes",":"
"2011","Romania","Percentage of gross domestic product (GDP)","All providers of health care","Government schemes","0.46"
"2012","Romania","Percentage of gross domestic product (GDP)","All providers of health care","Government schemes","0.47"
"2013","Romania","Percentage of gross domestic product (GDP)","All providers of health care","Government schemes","0.67"
"2014","Romania","Percentage of gross domestic product (GDP)","All providers of health care","Government schemes","0.66"
"2015","Romania","Percentage of gross domestic product (GDP)","All providers of health care","Government schemes","0.67"
"2016","Romania","Percentage of gross domestic product (GDP)","All providers of health care","Government schemes","0.65"
"2017","Romania","Percentage of gross domestic product (GDP)","All providers of health care","Government schemes","0.80"
"2018","Romania","Percentage of gross domestic product (GDP)","All providers of health care","Government schemes","0.89"
"2003","Slovenia","Percentage of gross domestic product (GDP)","All providers of health care","Government schemes",":"
"2004","Slovenia","Percentage of gross domestic product (GDP)","All providers of health care","Government schemes",":"
"2005","Slovenia","Percentage of gross domestic product (GDP)","All providers of health care","Government schemes",":"
"2006","Slovenia","Percentage of gross domestic product (GDP)","All providers of health care","Government schemes",":"
"2007","Slovenia","Percentage of gross domestic product (GDP)","All providers of health care","Government schemes",":"
"2008","Slovenia","Percentage of gross domestic product (GDP)","All providers of health care","Government schemes",":"
"2009","Slovenia","Percentage of gross domestic product (GDP)","All providers of health care","Government schemes",":"
"2010","Slovenia","Percentage of gross domestic product (GDP)","All providers of health care","Government schemes",":"
"2011","Slovenia","Percentage of gross domestic product (GDP)","All providers of health care","Government schemes",":"
"2012","Slovenia","Percentage of gross domestic product (GDP)","All providers of health care","Government schemes",":"
"2013","Slovenia","Percentage of gross domestic product (GDP)","All providers of health care","Government schemes",":"
"2014","Slovenia","Percentage of gross domestic product (GDP)","All providers of health care","Government schemes","0.32"
"2015","Slovenia","Percentage of gross domestic product (GDP)","All providers of health care","Government schemes","0.29"
"2016","Slovenia","Percentage of gross domestic product (GDP)","All providers of health care","Government schemes","0.34"
"2017","Slovenia","Percentage of gross domestic product (GDP)","All providers of health care","Government schemes","0.28"
"2018","Slovenia","Percentage of gross domestic product (GDP)","All providers of health care","Government schemes",":"
"2003","Slovakia","Percentage of gross domestic product (GDP)","All providers of health care","Government schemes",":"
"2004","Slovakia","Percentage of gross domestic product (GDP)","All providers of health care","Government schemes",":"
"2005","Slovakia","Percentage of gross domestic product (GDP)","All providers of health care","Government schemes",":"
"2006","Slovakia","Percentage of gross domestic product (GDP)","All providers of health care","Government schemes",":"
"2007","Slovakia","Percentage of gross domestic product (GDP)","All providers of health care","Government schemes",":"
"2008","Slovakia","Percentage of gross domestic product (GDP)","All providers of health care","Government schemes",":"
"2009","Slovakia","Percentage of gross domestic product (GDP)","All providers of health care","Government schemes",":"
"2010","Slovakia","Percentage of gross domestic product (GDP)","All providers of health care","Government schemes",":"
"2011","Slovakia","Percentage of gross domestic product (GDP)","All providers of health care","Government schemes",":"
"2012","Slovakia","Percentage of gross domestic product (GDP)","All providers of health care","Government schemes","0.52"
"2013","Slovakia","Percentage of gross domestic product (GDP)","All providers of health care","Government schemes","0.50"
"2014","Slovakia","Percentage of gross domestic product (GDP)","All providers of health care","Government schemes","0.28"
"2015","Slovakia","Percentage of gross domestic product (GDP)","All providers of health care","Government schemes","0.30"
"2016","Slovakia","Percentage of gross domestic product (GDP)","All providers of health care","Government schemes","0.19"
"2017","Slovakia","Percentage of gross domestic product (GDP)","All providers of health care","Government schemes","0.16"
"2018","Slovakia","Percentage of gross domestic product (GDP)","All providers of health care","Government schemes",":"
"2003","Finland","Percentage of gross domestic product (GDP)","All providers of health care","Government schemes","4.46"
"2004","Finland","Percentage of gross domestic product (GDP)","All providers of health care","Government schemes","4.56"
"2005","Finland","Percentage of gross domestic product (GDP)","All providers of health care","Government schemes","4.72"
"2006","Finland","Percentage of gross domestic product (GDP)","All providers of health care","Government schemes","4.80"
"2007","Finland","Percentage of gross domestic product (GDP)","All providers of health care","Government schemes","4.70"
"2008","Finland","Percentage of gross domestic product (GDP)","All providers of health care","Government schemes","4.85"
"2009","Finland","Percentage of gross domestic product (GDP)","All providers of health care","Government schemes","5.34"
"2010","Finland","Percentage of gross domestic product (GDP)","All providers of health care","Government schemes","5.34"
"2011","Finland","Percentage of gross domestic product (GDP)","All providers of health care","Government schemes","5.46"
"2012","Finland","Percentage of gross domestic product (GDP)","All providers of health care","Government schemes","5.74"
"2013","Finland","Percentage of gross domestic product (GDP)","All providers of health care","Government schemes","5.91"
"2014","Finland","Percentage of gross domestic product (GDP)","All providers of health care","Government schemes","5.89"
"2015","Finland","Percentage of gross domestic product (GDP)","All providers of health care","Government schemes","6.00"
"2016","Finland","Percentage of gross domestic product (GDP)","All providers of health care","Government schemes","5.76"
"2017","Finland","Percentage of gross domestic product (GDP)","All providers of health care","Government schemes","5.67"
"2018","Finland","Percentage of gross domestic product (GDP)","All providers of health care","Government schemes",":"
"2003","Sweden","Percentage of gross domestic product (GDP)","All providers of health care","Government schemes",":"
"2004","Sweden","Percentage of gross domestic product (GDP)","All providers of health care","Government schemes",":"
"2005","Sweden","Percentage of gross domestic product (GDP)","All providers of health care","Government schemes",":"
"2006","Sweden","Percentage of gross domestic product (GDP)","All providers of health care","Government schemes",":"
"2007","Sweden","Percentage of gross domestic product (GDP)","All providers of health care","Government schemes",":"
"2008","Sweden","Percentage of gross domestic product (GDP)","All providers of health care","Government schemes",":"
"2009","Sweden","Percentage of gross domestic product (GDP)","All providers of health care","Government schemes",":"
"2010","Sweden","Percentage of gross domestic product (GDP)","All providers of health care","Government schemes",":"
"2011","Sweden","Percentage of gross domestic product (GDP)","All providers of health care","Government schemes","8.80"
"2012","Sweden","Percentage of gross domestic product (GDP)","All providers of health care","Government schemes","9.04"
"2013","Sweden","Percentage of gross domestic product (GDP)","All providers of health care","Government schemes","9.16"
"2014","Sweden","Percentage of gross domestic product (GDP)","All providers of health care","Government schemes","9.20"
"2015","Sweden","Percentage of gross domestic product (GDP)","All providers of health care","Government schemes","9.08"
"2016","Sweden","Percentage of gross domestic product (GDP)","All providers of health care","Government schemes","9.15"
"2017","Sweden","Percentage of gross domestic product (GDP)","All providers of health care","Government schemes","9.14"
"2018","Sweden","Percentage of gross domestic product (GDP)","All providers of health care","Government schemes","9.27"
"2003","United Kingdom","Percentage of gross domestic product (GDP)","All providers of health care","Government schemes",":"
"2004","United Kingdom","Percentage of gross domestic product (GDP)","All providers of health care","Government schemes",":"
"2005","United Kingdom","Percentage of gross domestic product (GDP)","All providers of health care","Government schemes",":"
"2006","United Kingdom","Percentage of gross domestic product (GDP)","All providers of health care","Government schemes",":"
"2007","United Kingdom","Percentage of gross domestic product (GDP)","All providers of health care","Government schemes",":"
"2008","United Kingdom","Percentage of gross domestic product (GDP)","All providers of health care","Government schemes",":"
"2009","United Kingdom","Percentage of gross domestic product (GDP)","All providers of health care","Government schemes",":"
"2010","United Kingdom","Percentage of gross domestic product (GDP)","All providers of health care","Government schemes",":"
"2011","United Kingdom","Percentage of gross domestic product (GDP)","All providers of health care","Government schemes",":"
"2012","United Kingdom","Percentage of gross domestic product (GDP)","All providers of health care","Government schemes",":"
"2013","United Kingdom","Percentage of gross domestic product (GDP)","All providers of health care","Government schemes","7.75"
"2014","United Kingdom","Percentage of gross domestic product (GDP)","All providers of health care","Government schemes","7.75"
"2015","United Kingdom","Percentage of gross domestic product (GDP)","All providers of health care","Government schemes","7.69"
"2016","United Kingdom","Percentage of gross domestic product (GDP)","All providers of health care","Government schemes","7.71"
"2017","United Kingdom","Percentage of gross domestic product (GDP)","All providers of health care","Government schemes","7.59"
"2018","United Kingdom","Percentage of gross domestic product (GDP)","All providers of health care","Government schemes",":"
"2003","Iceland","Percentage of gross domestic product (GDP)","All providers of health care","Government schemes",":"
"2004","Iceland","Percentage of gross domestic product (GDP)","All providers of health care","Government schemes",":"
"2005","Iceland","Percentage of gross domestic product (GDP)","All providers of health care","Government schemes",":"
"2006","Iceland","Percentage of gross domestic product (GDP)","All providers of health care","Government schemes",":"
"2007","Iceland","Percentage of gross domestic product (GDP)","All providers of health care","Government schemes",":"
"2008","Iceland","Percentage of gross domestic product (GDP)","All providers of health care","Government schemes",":"
"2009","Iceland","Percentage of gross domestic product (GDP)","All providers of health care","Government schemes",":"
"2010","Iceland","Percentage of gross domestic product (GDP)","All providers of health care","Government schemes",":"
"2011","Iceland","Percentage of gross domestic product (GDP)","All providers of health care","Government schemes","6.61"
"2012","Iceland","Percentage of gross domestic product (GDP)","All providers of health care","Government schemes","6.55"
"2013","Iceland","Percentage of gross domestic product (GDP)","All providers of health care","Government schemes","6.60"
"2014","Iceland","Percentage of gross domestic product (GDP)","All providers of health care","Government schemes","6.66"
"2015","Iceland","Percentage of gross domestic product (GDP)","All providers of health care","Government schemes","6.57"
"2016","Iceland","Percentage of gross domestic product (GDP)","All providers of health care","Government schemes","6.66"
"2017","Iceland","Percentage of gross domestic product (GDP)","All providers of health care","Government schemes","6.83"
"2018","Iceland","Percentage of gross domestic product (GDP)","All providers of health care","Government schemes","7.04"
"2003","Liechtenstein","Percentage of gross domestic product (GDP)","All providers of health care","Government schemes",":"
"2004","Liechtenstein","Percentage of gross domestic product (GDP)","All providers of health care","Government schemes",":"
"2005","Liechtenstein","Percentage of gross domestic product (GDP)","All providers of health care","Government schemes",":"
"2006","Liechtenstein","Percentage of gross domestic product (GDP)","All providers of health care","Government schemes",":"
"2007","Liechtenstein","Percentage of gross domestic product (GDP)","All providers of health care","Government schemes",":"
"2008","Liechtenstein","Percentage of gross domestic product (GDP)","All providers of health care","Government schemes",":"
"2009","Liechtenstein","Percentage of gross domestic product (GDP)","All providers of health care","Government schemes",":"
"2010","Liechtenstein","Percentage of gross domestic product (GDP)","All providers of health care","Government schemes",":"
"2011","Liechtenstein","Percentage of gross domestic product (GDP)","All providers of health care","Government schemes",":"
"2012","Liechtenstein","Percentage of gross domestic product (GDP)","All providers of health care","Government schemes",":"
"2013","Liechtenstein","Percentage of gross domestic product (GDP)","All providers of health care","Government schemes","0.90"
"2014","Liechtenstein","Percentage of gross domestic product (GDP)","All providers of health care","Government schemes","0.82"
"2015","Liechtenstein","Percentage of gross domestic product (GDP)","All providers of health care","Government schemes","0.86"
"2016","Liechtenstein","Percentage of gross domestic product (GDP)","All providers of health care","Government schemes","0.88"
"2017","Liechtenstein","Percentage of gross domestic product (GDP)","All providers of health care","Government schemes","0.86"
"2018","Liechtenstein","Percentage of gross domestic product (GDP)","All providers of health care","Government schemes",":"
"2003","Norway","Percentage of gross domestic product (GDP)","All providers of health care","Government schemes",":"
"2004","Norway","Percentage of gross domestic product (GDP)","All providers of health care","Government schemes",":"
"2005","Norway","Percentage of gross domestic product (GDP)","All providers of health care","Government schemes",":"
"2006","Norway","Percentage of gross domestic product (GDP)","All providers of health care","Government schemes",":"
"2007","Norway","Percentage of gross domestic product (GDP)","All providers of health care","Government schemes",":"
"2008","Norway","Percentage of gross domestic product (GDP)","All providers of health care","Government schemes",":"
"2009","Norway","Percentage of gross domestic product (GDP)","All providers of health care","Government schemes",":"
"2010","Norway","Percentage of gross domestic product (GDP)","All providers of health care","Government schemes",":"
"2011","Norway","Percentage of gross domestic product (GDP)","All providers of health care","Government schemes","7.42"
"2012","Norway","Percentage of gross domestic product (GDP)","All providers of health care","Government schemes","7.44"
"2013","Norway","Percentage of gross domestic product (GDP)","All providers of health care","Government schemes","7.59"
"2014","Norway","Percentage of gross domestic product (GDP)","All providers of health care","Government schemes","7.97"
"2015","Norway","Percentage of gross domestic product (GDP)","All providers of health care","Government schemes","8.66"
"2016","Norway","Percentage of gross domestic product (GDP)","All providers of health care","Government schemes","9.04"
"2017","Norway","Percentage of gross domestic product (GDP)","All providers of health care","Government schemes","8.78"
"2018","Norway","Percentage of gross domestic product (GDP)","All providers of health care","Government schemes","8.57"
"2003","Switzerland","Percentage of gross domestic product (GDP)","All providers of health care","Government schemes",":"
"2004","Switzerland","Percentage of gross domestic product (GDP)","All providers of health care","Government schemes",":"
"2005","Switzerland","Percentage of gross domestic product (GDP)","All providers of health care","Government schemes",":"
"2006","Switzerland","Percentage of gross domestic product (GDP)","All providers of health care","Government schemes",":"
"2007","Switzerland","Percentage of gross domestic product (GDP)","All providers of health care","Government schemes",":"
"2008","Switzerland","Percentage of gross domestic product (GDP)","All providers of health care","Government schemes",":"
"2009","Switzerland","Percentage of gross domestic product (GDP)","All providers of health care","Government schemes",":"
"2010","Switzerland","Percentage of gross domestic product (GDP)","All providers of health care","Government schemes","2.26"
"2011","Switzerland","Percentage of gross domestic product (GDP)","All providers of health care","Government schemes","2.34"
"2012","Switzerland","Percentage of gross domestic product (GDP)","All providers of health care","Government schemes","2.54"
"2013","Switzerland","Percentage of gross domestic product (GDP)","All providers of health care","Government schemes","2.52"
"2014","Switzerland","Percentage of gross domestic product (GDP)","All providers of health care","Government schemes","2.52"
"2015","Switzerland","Percentage of gross domestic product (GDP)","All providers of health care","Government schemes","2.57"
"2016","Switzerland","Percentage of gross domestic product (GDP)","All providers of health care","Government schemes","2.56"
"2017","Switzerland","Percentage of gross domestic product (GDP)","All providers of health care","Government schemes","2.69"
"2018","Switzerland","Percentage of gross domestic product (GDP)","All providers of health care","Government schemes",":"
