"TIME","GEO","UNIT","ICHA11_HP","ICHA11_HF","Value"
"2003","Belgium","Purchasing power standard (PPS) per inhabitant","All providers of health care","Government schemes and compulsory contributory health care financing schemes","1,752.13"
"2004","Belgium","Purchasing power standard (PPS) per inhabitant","All providers of health care","Government schemes and compulsory contributory health care financing schemes","1,875.85"
"2005","Belgium","Purchasing power standard (PPS) per inhabitant","All providers of health care","Government schemes and compulsory contributory health care financing schemes","1,948.23"
"2006","Belgium","Purchasing power standard (PPS) per inhabitant","All providers of health care","Government schemes and compulsory contributory health care financing schemes","1,976.52"
"2007","Belgium","Purchasing power standard (PPS) per inhabitant","All providers of health care","Government schemes and compulsory contributory health care financing schemes","2,030.78"
"2008","Belgium","Purchasing power standard (PPS) per inhabitant","All providers of health care","Government schemes and compulsory contributory health care financing schemes","2,150.27"
"2009","Belgium","Purchasing power standard (PPS) per inhabitant","All providers of health care","Government schemes and compulsory contributory health care financing schemes","2,225.00"
"2010","Belgium","Purchasing power standard (PPS) per inhabitant","All providers of health care","Government schemes and compulsory contributory health care financing schemes","2,318.82"
"2011","Belgium","Purchasing power standard (PPS) per inhabitant","All providers of health care","Government schemes and compulsory contributory health care financing schemes","2,394.55"
"2012","Belgium","Purchasing power standard (PPS) per inhabitant","All providers of health care","Government schemes and compulsory contributory health care financing schemes","2,505.48"
"2013","Belgium","Purchasing power standard (PPS) per inhabitant","All providers of health care","Government schemes and compulsory contributory health care financing schemes","2,546.66"
"2014","Belgium","Purchasing power standard (PPS) per inhabitant","All providers of health care","Government schemes and compulsory contributory health care financing schemes","2,614.74"
"2015","Belgium","Purchasing power standard (PPS) per inhabitant","All providers of health care","Government schemes and compulsory contributory health care financing schemes","2,747.29"
"2016","Belgium","Purchasing power standard (PPS) per inhabitant","All providers of health care","Government schemes and compulsory contributory health care financing schemes","2,685.17"
"2017","Belgium","Purchasing power standard (PPS) per inhabitant","All providers of health care","Government schemes and compulsory contributory health care financing schemes","2,747.74"
"2018","Belgium","Purchasing power standard (PPS) per inhabitant","All providers of health care","Government schemes and compulsory contributory health care financing schemes","2,780.26"
"2003","Bulgaria","Purchasing power standard (PPS) per inhabitant","All providers of health care","Government schemes and compulsory contributory health care financing schemes",":"
"2004","Bulgaria","Purchasing power standard (PPS) per inhabitant","All providers of health care","Government schemes and compulsory contributory health care financing schemes",":"
"2005","Bulgaria","Purchasing power standard (PPS) per inhabitant","All providers of health care","Government schemes and compulsory contributory health care financing schemes",":"
"2006","Bulgaria","Purchasing power standard (PPS) per inhabitant","All providers of health care","Government schemes and compulsory contributory health care financing schemes",":"
"2007","Bulgaria","Purchasing power standard (PPS) per inhabitant","All providers of health care","Government schemes and compulsory contributory health care financing schemes",":"
"2008","Bulgaria","Purchasing power standard (PPS) per inhabitant","All providers of health care","Government schemes and compulsory contributory health care financing schemes",":"
"2009","Bulgaria","Purchasing power standard (PPS) per inhabitant","All providers of health care","Government schemes and compulsory contributory health care financing schemes",":"
"2010","Bulgaria","Purchasing power standard (PPS) per inhabitant","All providers of health care","Government schemes and compulsory contributory health care financing schemes",":"
"2011","Bulgaria","Purchasing power standard (PPS) per inhabitant","All providers of health care","Government schemes and compulsory contributory health care financing schemes","478.92"
"2012","Bulgaria","Purchasing power standard (PPS) per inhabitant","All providers of health care","Government schemes and compulsory contributory health care financing schemes","494.65"
"2013","Bulgaria","Purchasing power standard (PPS) per inhabitant","All providers of health care","Government schemes and compulsory contributory health care financing schemes","531.67"
"2014","Bulgaria","Purchasing power standard (PPS) per inhabitant","All providers of health care","Government schemes and compulsory contributory health care financing schemes","627.85"
"2015","Bulgaria","Purchasing power standard (PPS) per inhabitant","All providers of health care","Government schemes and compulsory contributory health care financing schemes","628.33"
"2016","Bulgaria","Purchasing power standard (PPS) per inhabitant","All providers of health care","Government schemes and compulsory contributory health care financing schemes","653.52"
"2017","Bulgaria","Purchasing power standard (PPS) per inhabitant","All providers of health care","Government schemes and compulsory contributory health care financing schemes","681.09"
"2018","Bulgaria","Purchasing power standard (PPS) per inhabitant","All providers of health care","Government schemes and compulsory contributory health care financing schemes","749.43"
"2003","Czechia","Purchasing power standard (PPS) per inhabitant","All providers of health care","Government schemes and compulsory contributory health care financing schemes",":"
"2004","Czechia","Purchasing power standard (PPS) per inhabitant","All providers of health care","Government schemes and compulsory contributory health care financing schemes",":"
"2005","Czechia","Purchasing power standard (PPS) per inhabitant","All providers of health care","Government schemes and compulsory contributory health care financing schemes",":"
"2006","Czechia","Purchasing power standard (PPS) per inhabitant","All providers of health care","Government schemes and compulsory contributory health care financing schemes",":"
"2007","Czechia","Purchasing power standard (PPS) per inhabitant","All providers of health care","Government schemes and compulsory contributory health care financing schemes",":"
"2008","Czechia","Purchasing power standard (PPS) per inhabitant","All providers of health care","Government schemes and compulsory contributory health care financing schemes",":"
"2009","Czechia","Purchasing power standard (PPS) per inhabitant","All providers of health care","Government schemes and compulsory contributory health care financing schemes",":"
"2010","Czechia","Purchasing power standard (PPS) per inhabitant","All providers of health care","Government schemes and compulsory contributory health care financing schemes",":"
"2011","Czechia","Purchasing power standard (PPS) per inhabitant","All providers of health care","Government schemes and compulsory contributory health care financing schemes",":"
"2012","Czechia","Purchasing power standard (PPS) per inhabitant","All providers of health care","Government schemes and compulsory contributory health care financing schemes",":"
"2013","Czechia","Purchasing power standard (PPS) per inhabitant","All providers of health care","Government schemes and compulsory contributory health care financing schemes","1,545.97"
"2014","Czechia","Purchasing power standard (PPS) per inhabitant","All providers of health care","Government schemes and compulsory contributory health care financing schemes","1,616.28"
"2015","Czechia","Purchasing power standard (PPS) per inhabitant","All providers of health care","Government schemes and compulsory contributory health care financing schemes","1,632.89"
"2016","Czechia","Purchasing power standard (PPS) per inhabitant","All providers of health care","Government schemes and compulsory contributory health care financing schemes","1,616.04"
"2017","Czechia","Purchasing power standard (PPS) per inhabitant","All providers of health care","Government schemes and compulsory contributory health care financing schemes","1,720.62"
"2018","Czechia","Purchasing power standard (PPS) per inhabitant","All providers of health care","Government schemes and compulsory contributory health care financing schemes",":"
"2003","Denmark","Purchasing power standard (PPS) per inhabitant","All providers of health care","Government schemes and compulsory contributory health care financing schemes",":"
"2004","Denmark","Purchasing power standard (PPS) per inhabitant","All providers of health care","Government schemes and compulsory contributory health care financing schemes",":"
"2005","Denmark","Purchasing power standard (PPS) per inhabitant","All providers of health care","Government schemes and compulsory contributory health care financing schemes",":"
"2006","Denmark","Purchasing power standard (PPS) per inhabitant","All providers of health care","Government schemes and compulsory contributory health care financing schemes",":"
"2007","Denmark","Purchasing power standard (PPS) per inhabitant","All providers of health care","Government schemes and compulsory contributory health care financing schemes",":"
"2008","Denmark","Purchasing power standard (PPS) per inhabitant","All providers of health care","Government schemes and compulsory contributory health care financing schemes",":"
"2009","Denmark","Purchasing power standard (PPS) per inhabitant","All providers of health care","Government schemes and compulsory contributory health care financing schemes",":"
"2010","Denmark","Purchasing power standard (PPS) per inhabitant","All providers of health care","Government schemes and compulsory contributory health care financing schemes","2,713.93"
"2011","Denmark","Purchasing power standard (PPS) per inhabitant","All providers of health care","Government schemes and compulsory contributory health care financing schemes","2,701.23"
"2012","Denmark","Purchasing power standard (PPS) per inhabitant","All providers of health care","Government schemes and compulsory contributory health care financing schemes","2,797.52"
"2013","Denmark","Purchasing power standard (PPS) per inhabitant","All providers of health care","Government schemes and compulsory contributory health care financing schemes","2,835.73"
"2014","Denmark","Purchasing power standard (PPS) per inhabitant","All providers of health care","Government schemes and compulsory contributory health care financing schemes","2,911.71"
"2015","Denmark","Purchasing power standard (PPS) per inhabitant","All providers of health care","Government schemes and compulsory contributory health care financing schemes","3,065.80"
"2016","Denmark","Purchasing power standard (PPS) per inhabitant","All providers of health care","Government schemes and compulsory contributory health care financing schemes","3,013.36"
"2017","Denmark","Purchasing power standard (PPS) per inhabitant","All providers of health care","Government schemes and compulsory contributory health care financing schemes","3,096.12"
"2018","Denmark","Purchasing power standard (PPS) per inhabitant","All providers of health care","Government schemes and compulsory contributory health care financing schemes","3,191.51"
"2003","Germany (until 1990 former territory of the FRG)","Purchasing power standard (PPS) per inhabitant","All providers of health care","Government schemes and compulsory contributory health care financing schemes","2,063.82"
"2004","Germany (until 1990 former territory of the FRG)","Purchasing power standard (PPS) per inhabitant","All providers of health care","Government schemes and compulsory contributory health care financing schemes","2,048.65"
"2005","Germany (until 1990 former territory of the FRG)","Purchasing power standard (PPS) per inhabitant","All providers of health care","Government schemes and compulsory contributory health care financing schemes","2,122.23"
"2006","Germany (until 1990 former territory of the FRG)","Purchasing power standard (PPS) per inhabitant","All providers of health care","Government schemes and compulsory contributory health care financing schemes","2,182.84"
"2007","Germany (until 1990 former territory of the FRG)","Purchasing power standard (PPS) per inhabitant","All providers of health care","Government schemes and compulsory contributory health care financing schemes","2,288.34"
"2008","Germany (until 1990 former territory of the FRG)","Purchasing power standard (PPS) per inhabitant","All providers of health care","Government schemes and compulsory contributory health care financing schemes","2,334.93"
"2009","Germany (until 1990 former territory of the FRG)","Purchasing power standard (PPS) per inhabitant","All providers of health care","Government schemes and compulsory contributory health care financing schemes","2,674.06"
"2010","Germany (until 1990 former territory of the FRG)","Purchasing power standard (PPS) per inhabitant","All providers of health care","Government schemes and compulsory contributory health care financing schemes","2,810.15"
"2011","Germany (until 1990 former territory of the FRG)","Purchasing power standard (PPS) per inhabitant","All providers of health care","Government schemes and compulsory contributory health care financing schemes","2,938.75"
"2012","Germany (until 1990 former territory of the FRG)","Purchasing power standard (PPS) per inhabitant","All providers of health care","Government schemes and compulsory contributory health care financing schemes","3,035.13"
"2013","Germany (until 1990 former territory of the FRG)","Purchasing power standard (PPS) per inhabitant","All providers of health care","Government schemes and compulsory contributory health care financing schemes","3,129.10"
"2014","Germany (until 1990 former territory of the FRG)","Purchasing power standard (PPS) per inhabitant","All providers of health care","Government schemes and compulsory contributory health care financing schemes","3,299.02"
"2015","Germany (until 1990 former territory of the FRG)","Purchasing power standard (PPS) per inhabitant","All providers of health care","Government schemes and compulsory contributory health care financing schemes","3,464.43"
"2016","Germany (until 1990 former territory of the FRG)","Purchasing power standard (PPS) per inhabitant","All providers of health care","Government schemes and compulsory contributory health care financing schemes","3,506.96"
"2017","Germany (until 1990 former territory of the FRG)","Purchasing power standard (PPS) per inhabitant","All providers of health care","Government schemes and compulsory contributory health care financing schemes","3,627.46"
"2018","Germany (until 1990 former territory of the FRG)","Purchasing power standard (PPS) per inhabitant","All providers of health care","Government schemes and compulsory contributory health care financing schemes",":"
"2003","Estonia","Purchasing power standard (PPS) per inhabitant","All providers of health care","Government schemes and compulsory contributory health care financing schemes","436.67"
"2004","Estonia","Purchasing power standard (PPS) per inhabitant","All providers of health care","Government schemes and compulsory contributory health care financing schemes","493.84"
"2005","Estonia","Purchasing power standard (PPS) per inhabitant","All providers of health care","Government schemes and compulsory contributory health care financing schemes","553.60"
"2006","Estonia","Purchasing power standard (PPS) per inhabitant","All providers of health care","Government schemes and compulsory contributory health care financing schemes","593.73"
"2007","Estonia","Purchasing power standard (PPS) per inhabitant","All providers of health care","Government schemes and compulsory contributory health care financing schemes","714.51"
"2008","Estonia","Purchasing power standard (PPS) per inhabitant","All providers of health care","Government schemes and compulsory contributory health care financing schemes","795.44"
"2009","Estonia","Purchasing power standard (PPS) per inhabitant","All providers of health care","Government schemes and compulsory contributory health care financing schemes","799.73"
"2010","Estonia","Purchasing power standard (PPS) per inhabitant","All providers of health care","Government schemes and compulsory contributory health care financing schemes","809.17"
"2011","Estonia","Purchasing power standard (PPS) per inhabitant","All providers of health care","Government schemes and compulsory contributory health care financing schemes","833.95"
"2012","Estonia","Purchasing power standard (PPS) per inhabitant","All providers of health care","Government schemes and compulsory contributory health care financing schemes","896.44"
"2013","Estonia","Purchasing power standard (PPS) per inhabitant","All providers of health care","Government schemes and compulsory contributory health care financing schemes","934.12"
"2014","Estonia","Purchasing power standard (PPS) per inhabitant","All providers of health care","Government schemes and compulsory contributory health care financing schemes","1,010.67"
"2015","Estonia","Purchasing power standard (PPS) per inhabitant","All providers of health care","Government schemes and compulsory contributory health care financing schemes","1,100.17"
"2016","Estonia","Purchasing power standard (PPS) per inhabitant","All providers of health care","Government schemes and compulsory contributory health care financing schemes","1,142.51"
"2017","Estonia","Purchasing power standard (PPS) per inhabitant","All providers of health care","Government schemes and compulsory contributory health care financing schemes","1,165.50"
"2018","Estonia","Purchasing power standard (PPS) per inhabitant","All providers of health care","Government schemes and compulsory contributory health care financing schemes",":"
"2003","Ireland","Purchasing power standard (PPS) per inhabitant","All providers of health care","Government schemes and compulsory contributory health care financing schemes",":"
"2004","Ireland","Purchasing power standard (PPS) per inhabitant","All providers of health care","Government schemes and compulsory contributory health care financing schemes",":"
"2005","Ireland","Purchasing power standard (PPS) per inhabitant","All providers of health care","Government schemes and compulsory contributory health care financing schemes",":"
"2006","Ireland","Purchasing power standard (PPS) per inhabitant","All providers of health care","Government schemes and compulsory contributory health care financing schemes",":"
"2007","Ireland","Purchasing power standard (PPS) per inhabitant","All providers of health care","Government schemes and compulsory contributory health care financing schemes",":"
"2008","Ireland","Purchasing power standard (PPS) per inhabitant","All providers of health care","Government schemes and compulsory contributory health care financing schemes",":"
"2009","Ireland","Purchasing power standard (PPS) per inhabitant","All providers of health care","Government schemes and compulsory contributory health care financing schemes",":"
"2010","Ireland","Purchasing power standard (PPS) per inhabitant","All providers of health care","Government schemes and compulsory contributory health care financing schemes",":"
"2011","Ireland","Purchasing power standard (PPS) per inhabitant","All providers of health care","Government schemes and compulsory contributory health care financing schemes","2,357.86"
"2012","Ireland","Purchasing power standard (PPS) per inhabitant","All providers of health care","Government schemes and compulsory contributory health care financing schemes","2,433.27"
"2013","Ireland","Purchasing power standard (PPS) per inhabitant","All providers of health care","Government schemes and compulsory contributory health care financing schemes","2,313.19"
"2014","Ireland","Purchasing power standard (PPS) per inhabitant","All providers of health care","Government schemes and compulsory contributory health care financing schemes","2,301.93"
"2015","Ireland","Purchasing power standard (PPS) per inhabitant","All providers of health care","Government schemes and compulsory contributory health care financing schemes","2,411.62"
"2016","Ireland","Purchasing power standard (PPS) per inhabitant","All providers of health care","Government schemes and compulsory contributory health care financing schemes","2,431.82"
"2017","Ireland","Purchasing power standard (PPS) per inhabitant","All providers of health care","Government schemes and compulsory contributory health care financing schemes","2,490.77"
"2018","Ireland","Purchasing power standard (PPS) per inhabitant","All providers of health care","Government schemes and compulsory contributory health care financing schemes","2,608.23"
"2003","Greece","Purchasing power standard (PPS) per inhabitant","All providers of health care","Government schemes and compulsory contributory health care financing schemes",":"
"2004","Greece","Purchasing power standard (PPS) per inhabitant","All providers of health care","Government schemes and compulsory contributory health care financing schemes",":"
"2005","Greece","Purchasing power standard (PPS) per inhabitant","All providers of health care","Government schemes and compulsory contributory health care financing schemes",":"
"2006","Greece","Purchasing power standard (PPS) per inhabitant","All providers of health care","Government schemes and compulsory contributory health care financing schemes",":"
"2007","Greece","Purchasing power standard (PPS) per inhabitant","All providers of health care","Government schemes and compulsory contributory health care financing schemes",":"
"2008","Greece","Purchasing power standard (PPS) per inhabitant","All providers of health care","Government schemes and compulsory contributory health care financing schemes",":"
"2009","Greece","Purchasing power standard (PPS) per inhabitant","All providers of health care","Government schemes and compulsory contributory health care financing schemes","1,467.45"
"2010","Greece","Purchasing power standard (PPS) per inhabitant","All providers of health care","Government schemes and compulsory contributory health care financing schemes","1,396.36"
"2011","Greece","Purchasing power standard (PPS) per inhabitant","All providers of health care","Government schemes and compulsory contributory health care financing schemes","1,165.50"
"2012","Greece","Purchasing power standard (PPS) per inhabitant","All providers of health care","Government schemes and compulsory contributory health care financing schemes","1,094.91"
"2013","Greece","Purchasing power standard (PPS) per inhabitant","All providers of health care","Government schemes and compulsory contributory health care financing schemes","963.36"
"2014","Greece","Purchasing power standard (PPS) per inhabitant","All providers of health care","Government schemes and compulsory contributory health care financing schemes","886.70"
"2015","Greece","Purchasing power standard (PPS) per inhabitant","All providers of health care","Government schemes and compulsory contributory health care financing schemes","933.75"
"2016","Greece","Purchasing power standard (PPS) per inhabitant","All providers of health care","Government schemes and compulsory contributory health care financing schemes","996.30"
"2017","Greece","Purchasing power standard (PPS) per inhabitant","All providers of health care","Government schemes and compulsory contributory health care financing schemes","976.44"
"2018","Greece","Purchasing power standard (PPS) per inhabitant","All providers of health care","Government schemes and compulsory contributory health care financing schemes","956.64"
"2003","Spain","Purchasing power standard (PPS) per inhabitant","All providers of health care","Government schemes and compulsory contributory health care financing schemes","1,165.33"
"2004","Spain","Purchasing power standard (PPS) per inhabitant","All providers of health care","Government schemes and compulsory contributory health care financing schemes","1,226.53"
"2005","Spain","Purchasing power standard (PPS) per inhabitant","All providers of health care","Government schemes and compulsory contributory health care financing schemes","1,318.26"
"2006","Spain","Purchasing power standard (PPS) per inhabitant","All providers of health care","Government schemes and compulsory contributory health care financing schemes","1,430.19"
"2007","Spain","Purchasing power standard (PPS) per inhabitant","All providers of health care","Government schemes and compulsory contributory health care financing schemes","1,485.15"
"2008","Spain","Purchasing power standard (PPS) per inhabitant","All providers of health care","Government schemes and compulsory contributory health care financing schemes","1,565.64"
"2009","Spain","Purchasing power standard (PPS) per inhabitant","All providers of health care","Government schemes and compulsory contributory health care financing schemes","1,616.98"
"2010","Spain","Purchasing power standard (PPS) per inhabitant","All providers of health care","Government schemes and compulsory contributory health care financing schemes","1,584.28"
"2011","Spain","Purchasing power standard (PPS) per inhabitant","All providers of health care","Government schemes and compulsory contributory health care financing schemes","1,556.43"
"2012","Spain","Purchasing power standard (PPS) per inhabitant","All providers of health care","Government schemes and compulsory contributory health care financing schemes","1,518.98"
"2013","Spain","Purchasing power standard (PPS) per inhabitant","All providers of health care","Government schemes and compulsory contributory health care financing schemes","1,482.22"
"2014","Spain","Purchasing power standard (PPS) per inhabitant","All providers of health care","Government schemes and compulsory contributory health care financing schemes","1,530.66"
"2015","Spain","Purchasing power standard (PPS) per inhabitant","All providers of health care","Government schemes and compulsory contributory health care financing schemes","1,677.59"
"2016","Spain","Purchasing power standard (PPS) per inhabitant","All providers of health care","Government schemes and compulsory contributory health care financing schemes","1,656.34"
"2017","Spain","Purchasing power standard (PPS) per inhabitant","All providers of health care","Government schemes and compulsory contributory health care financing schemes","1,674.09"
"2018","Spain","Purchasing power standard (PPS) per inhabitant","All providers of health care","Government schemes and compulsory contributory health care financing schemes",":"
"2003","France","Purchasing power standard (PPS) per inhabitant","All providers of health care","Government schemes and compulsory contributory health care financing schemes",":"
"2004","France","Purchasing power standard (PPS) per inhabitant","All providers of health care","Government schemes and compulsory contributory health care financing schemes",":"
"2005","France","Purchasing power standard (PPS) per inhabitant","All providers of health care","Government schemes and compulsory contributory health care financing schemes",":"
"2006","France","Purchasing power standard (PPS) per inhabitant","All providers of health care","Government schemes and compulsory contributory health care financing schemes","2,207.17"
"2007","France","Purchasing power standard (PPS) per inhabitant","All providers of health care","Government schemes and compulsory contributory health care financing schemes","2,290.55"
"2008","France","Purchasing power standard (PPS) per inhabitant","All providers of health care","Government schemes and compulsory contributory health care financing schemes","2,284.91"
"2009","France","Purchasing power standard (PPS) per inhabitant","All providers of health care","Government schemes and compulsory contributory health care financing schemes","2,334.02"
"2010","France","Purchasing power standard (PPS) per inhabitant","All providers of health care","Government schemes and compulsory contributory health care financing schemes","2,402.23"
"2011","France","Purchasing power standard (PPS) per inhabitant","All providers of health care","Government schemes and compulsory contributory health care financing schemes","2,455.51"
"2012","France","Purchasing power standard (PPS) per inhabitant","All providers of health care","Government schemes and compulsory contributory health care financing schemes","2,530.05"
"2013","France","Purchasing power standard (PPS) per inhabitant","All providers of health care","Government schemes and compulsory contributory health care financing schemes","2,625.56"
"2014","France","Purchasing power standard (PPS) per inhabitant","All providers of health care","Government schemes and compulsory contributory health care financing schemes","2,710.92"
"2015","France","Purchasing power standard (PPS) per inhabitant","All providers of health care","Government schemes and compulsory contributory health care financing schemes","2,793.50"
"2016","France","Purchasing power standard (PPS) per inhabitant","All providers of health care","Government schemes and compulsory contributory health care financing schemes","3,027.78"
"2017","France","Purchasing power standard (PPS) per inhabitant","All providers of health care","Government schemes and compulsory contributory health care financing schemes","3,038.04"
"2018","France","Purchasing power standard (PPS) per inhabitant","All providers of health care","Government schemes and compulsory contributory health care financing schemes","3,097.70"
"2003","Croatia","Purchasing power standard (PPS) per inhabitant","All providers of health care","Government schemes and compulsory contributory health care financing schemes",":"
"2004","Croatia","Purchasing power standard (PPS) per inhabitant","All providers of health care","Government schemes and compulsory contributory health care financing schemes",":"
"2005","Croatia","Purchasing power standard (PPS) per inhabitant","All providers of health care","Government schemes and compulsory contributory health care financing schemes",":"
"2006","Croatia","Purchasing power standard (PPS) per inhabitant","All providers of health care","Government schemes and compulsory contributory health care financing schemes",":"
"2007","Croatia","Purchasing power standard (PPS) per inhabitant","All providers of health care","Government schemes and compulsory contributory health care financing schemes",":"
"2008","Croatia","Purchasing power standard (PPS) per inhabitant","All providers of health care","Government schemes and compulsory contributory health care financing schemes",":"
"2009","Croatia","Purchasing power standard (PPS) per inhabitant","All providers of health care","Government schemes and compulsory contributory health care financing schemes",":"
"2010","Croatia","Purchasing power standard (PPS) per inhabitant","All providers of health care","Government schemes and compulsory contributory health care financing schemes",":"
"2011","Croatia","Purchasing power standard (PPS) per inhabitant","All providers of health care","Government schemes and compulsory contributory health care financing schemes",":"
"2012","Croatia","Purchasing power standard (PPS) per inhabitant","All providers of health care","Government schemes and compulsory contributory health care financing schemes",":"
"2013","Croatia","Purchasing power standard (PPS) per inhabitant","All providers of health care","Government schemes and compulsory contributory health care financing schemes","882.71"
"2014","Croatia","Purchasing power standard (PPS) per inhabitant","All providers of health care","Government schemes and compulsory contributory health care financing schemes","911.70"
"2015","Croatia","Purchasing power standard (PPS) per inhabitant","All providers of health care","Government schemes and compulsory contributory health care financing schemes","980.55"
"2016","Croatia","Purchasing power standard (PPS) per inhabitant","All providers of health care","Government schemes and compulsory contributory health care financing schemes","1,021.16"
"2017","Croatia","Purchasing power standard (PPS) per inhabitant","All providers of health care","Government schemes and compulsory contributory health care financing schemes","1,052.34"
"2018","Croatia","Purchasing power standard (PPS) per inhabitant","All providers of health care","Government schemes and compulsory contributory health care financing schemes","1,116.53"
"2003","Italy","Purchasing power standard (PPS) per inhabitant","All providers of health care","Government schemes and compulsory contributory health care financing schemes",":"
"2004","Italy","Purchasing power standard (PPS) per inhabitant","All providers of health care","Government schemes and compulsory contributory health care financing schemes",":"
"2005","Italy","Purchasing power standard (PPS) per inhabitant","All providers of health care","Government schemes and compulsory contributory health care financing schemes",":"
"2006","Italy","Purchasing power standard (PPS) per inhabitant","All providers of health care","Government schemes and compulsory contributory health care financing schemes",":"
"2007","Italy","Purchasing power standard (PPS) per inhabitant","All providers of health care","Government schemes and compulsory contributory health care financing schemes",":"
"2008","Italy","Purchasing power standard (PPS) per inhabitant","All providers of health care","Government schemes and compulsory contributory health care financing schemes",":"
"2009","Italy","Purchasing power standard (PPS) per inhabitant","All providers of health care","Government schemes and compulsory contributory health care financing schemes",":"
"2010","Italy","Purchasing power standard (PPS) per inhabitant","All providers of health care","Government schemes and compulsory contributory health care financing schemes",":"
"2011","Italy","Purchasing power standard (PPS) per inhabitant","All providers of health care","Government schemes and compulsory contributory health care financing schemes",":"
"2012","Italy","Purchasing power standard (PPS) per inhabitant","All providers of health care","Government schemes and compulsory contributory health care financing schemes","1,799.20"
"2013","Italy","Purchasing power standard (PPS) per inhabitant","All providers of health care","Government schemes and compulsory contributory health care financing schemes","1,741.16"
"2014","Italy","Purchasing power standard (PPS) per inhabitant","All providers of health care","Government schemes and compulsory contributory health care financing schemes","1,746.36"
"2015","Italy","Purchasing power standard (PPS) per inhabitant","All providers of health care","Government schemes and compulsory contributory health care financing schemes","1,791.75"
"2016","Italy","Purchasing power standard (PPS) per inhabitant","All providers of health care","Government schemes and compulsory contributory health care financing schemes","1,799.21"
"2017","Italy","Purchasing power standard (PPS) per inhabitant","All providers of health care","Government schemes and compulsory contributory health care financing schemes","1,808.37"
"2018","Italy","Purchasing power standard (PPS) per inhabitant","All providers of health care","Government schemes and compulsory contributory health care financing schemes","1,850.46"
"2003","Cyprus","Purchasing power standard (PPS) per inhabitant","All providers of health care","Government schemes and compulsory contributory health care financing schemes",":"
"2004","Cyprus","Purchasing power standard (PPS) per inhabitant","All providers of health care","Government schemes and compulsory contributory health care financing schemes",":"
"2005","Cyprus","Purchasing power standard (PPS) per inhabitant","All providers of health care","Government schemes and compulsory contributory health care financing schemes",":"
"2006","Cyprus","Purchasing power standard (PPS) per inhabitant","All providers of health care","Government schemes and compulsory contributory health care financing schemes",":"
"2007","Cyprus","Purchasing power standard (PPS) per inhabitant","All providers of health care","Government schemes and compulsory contributory health care financing schemes",":"
"2008","Cyprus","Purchasing power standard (PPS) per inhabitant","All providers of health care","Government schemes and compulsory contributory health care financing schemes",":"
"2009","Cyprus","Purchasing power standard (PPS) per inhabitant","All providers of health care","Government schemes and compulsory contributory health care financing schemes",":"
"2010","Cyprus","Purchasing power standard (PPS) per inhabitant","All providers of health care","Government schemes and compulsory contributory health care financing schemes","744.22"
"2011","Cyprus","Purchasing power standard (PPS) per inhabitant","All providers of health care","Government schemes and compulsory contributory health care financing schemes","749.70"
"2012","Cyprus","Purchasing power standard (PPS) per inhabitant","All providers of health care","Government schemes and compulsory contributory health care financing schemes","711.99"
"2013","Cyprus","Purchasing power standard (PPS) per inhabitant","All providers of health care","Government schemes and compulsory contributory health care financing schemes","702.17"
"2014","Cyprus","Purchasing power standard (PPS) per inhabitant","All providers of health care","Government schemes and compulsory contributory health care financing schemes","665.61"
"2015","Cyprus","Purchasing power standard (PPS) per inhabitant","All providers of health care","Government schemes and compulsory contributory health care financing schemes","684.64"
"2016","Cyprus","Purchasing power standard (PPS) per inhabitant","All providers of health care","Government schemes and compulsory contributory health care financing schemes","707.83"
"2017","Cyprus","Purchasing power standard (PPS) per inhabitant","All providers of health care","Government schemes and compulsory contributory health care financing schemes","724.43"
"2018","Cyprus","Purchasing power standard (PPS) per inhabitant","All providers of health care","Government schemes and compulsory contributory health care financing schemes","792.68"
"2003","Latvia","Purchasing power standard (PPS) per inhabitant","All providers of health care","Government schemes and compulsory contributory health care financing schemes",":"
"2004","Latvia","Purchasing power standard (PPS) per inhabitant","All providers of health care","Government schemes and compulsory contributory health care financing schemes",":"
"2005","Latvia","Purchasing power standard (PPS) per inhabitant","All providers of health care","Government schemes and compulsory contributory health care financing schemes",":"
"2006","Latvia","Purchasing power standard (PPS) per inhabitant","All providers of health care","Government schemes and compulsory contributory health care financing schemes",":"
"2007","Latvia","Purchasing power standard (PPS) per inhabitant","All providers of health care","Government schemes and compulsory contributory health care financing schemes",":"
"2008","Latvia","Purchasing power standard (PPS) per inhabitant","All providers of health care","Government schemes and compulsory contributory health care financing schemes",":"
"2009","Latvia","Purchasing power standard (PPS) per inhabitant","All providers of health care","Government schemes and compulsory contributory health care financing schemes",":"
"2010","Latvia","Purchasing power standard (PPS) per inhabitant","All providers of health care","Government schemes and compulsory contributory health care financing schemes",":"
"2011","Latvia","Purchasing power standard (PPS) per inhabitant","All providers of health care","Government schemes and compulsory contributory health care financing schemes",":"
"2012","Latvia","Purchasing power standard (PPS) per inhabitant","All providers of health care","Government schemes and compulsory contributory health care financing schemes",":"
"2013","Latvia","Purchasing power standard (PPS) per inhabitant","All providers of health care","Government schemes and compulsory contributory health care financing schemes","557.29"
"2014","Latvia","Purchasing power standard (PPS) per inhabitant","All providers of health care","Government schemes and compulsory contributory health care financing schemes","585.11"
"2015","Latvia","Purchasing power standard (PPS) per inhabitant","All providers of health care","Government schemes and compulsory contributory health care financing schemes","641.77"
"2016","Latvia","Purchasing power standard (PPS) per inhabitant","All providers of health care","Government schemes and compulsory contributory health care financing schemes","663.44"
"2017","Latvia","Purchasing power standard (PPS) per inhabitant","All providers of health care","Government schemes and compulsory contributory health care financing schemes","695.25"
"2018","Latvia","Purchasing power standard (PPS) per inhabitant","All providers of health care","Government schemes and compulsory contributory health care financing schemes",":"
"2003","Lithuania","Purchasing power standard (PPS) per inhabitant","All providers of health care","Government schemes and compulsory contributory health care financing schemes",":"
"2004","Lithuania","Purchasing power standard (PPS) per inhabitant","All providers of health care","Government schemes and compulsory contributory health care financing schemes",":"
"2005","Lithuania","Purchasing power standard (PPS) per inhabitant","All providers of health care","Government schemes and compulsory contributory health care financing schemes",":"
"2006","Lithuania","Purchasing power standard (PPS) per inhabitant","All providers of health care","Government schemes and compulsory contributory health care financing schemes","566.53"
"2007","Lithuania","Purchasing power standard (PPS) per inhabitant","All providers of health care","Government schemes and compulsory contributory health care financing schemes","681.66"
"2008","Lithuania","Purchasing power standard (PPS) per inhabitant","All providers of health care","Government schemes and compulsory contributory health care financing schemes","767.61"
"2009","Lithuania","Purchasing power standard (PPS) per inhabitant","All providers of health care","Government schemes and compulsory contributory health care financing schemes","752.81"
"2010","Lithuania","Purchasing power standard (PPS) per inhabitant","All providers of health care","Government schemes and compulsory contributory health care financing schemes","764.75"
"2011","Lithuania","Purchasing power standard (PPS) per inhabitant","All providers of health care","Government schemes and compulsory contributory health care financing schemes","816.67"
"2012","Lithuania","Purchasing power standard (PPS) per inhabitant","All providers of health care","Government schemes and compulsory contributory health care financing schemes","814.92"
"2013","Lithuania","Purchasing power standard (PPS) per inhabitant","All providers of health care","Government schemes and compulsory contributory health care financing schemes","831.92"
"2014","Lithuania","Purchasing power standard (PPS) per inhabitant","All providers of health care","Government schemes and compulsory contributory health care financing schemes","917.74"
"2015","Lithuania","Purchasing power standard (PPS) per inhabitant","All providers of health care","Government schemes and compulsory contributory health care financing schemes","1,003.04"
"2016","Lithuania","Purchasing power standard (PPS) per inhabitant","All providers of health care","Government schemes and compulsory contributory health care financing schemes","1,031.88"
"2017","Lithuania","Purchasing power standard (PPS) per inhabitant","All providers of health care","Government schemes and compulsory contributory health care financing schemes","1,066.93"
"2018","Lithuania","Purchasing power standard (PPS) per inhabitant","All providers of health care","Government schemes and compulsory contributory health care financing schemes","1,149.21"
"2003","Luxembourg","Purchasing power standard (PPS) per inhabitant","All providers of health care","Government schemes and compulsory contributory health care financing schemes",":"
"2004","Luxembourg","Purchasing power standard (PPS) per inhabitant","All providers of health care","Government schemes and compulsory contributory health care financing schemes",":"
"2005","Luxembourg","Purchasing power standard (PPS) per inhabitant","All providers of health care","Government schemes and compulsory contributory health care financing schemes",":"
"2006","Luxembourg","Purchasing power standard (PPS) per inhabitant","All providers of health care","Government schemes and compulsory contributory health care financing schemes",":"
"2007","Luxembourg","Purchasing power standard (PPS) per inhabitant","All providers of health care","Government schemes and compulsory contributory health care financing schemes",":"
"2008","Luxembourg","Purchasing power standard (PPS) per inhabitant","All providers of health care","Government schemes and compulsory contributory health care financing schemes",":"
"2009","Luxembourg","Purchasing power standard (PPS) per inhabitant","All providers of health care","Government schemes and compulsory contributory health care financing schemes",":"
"2010","Luxembourg","Purchasing power standard (PPS) per inhabitant","All providers of health care","Government schemes and compulsory contributory health care financing schemes",":"
"2011","Luxembourg","Purchasing power standard (PPS) per inhabitant","All providers of health care","Government schemes and compulsory contributory health care financing schemes","3,112.17"
"2012","Luxembourg","Purchasing power standard (PPS) per inhabitant","All providers of health care","Government schemes and compulsory contributory health care financing schemes","2,829.81"
"2013","Luxembourg","Purchasing power standard (PPS) per inhabitant","All providers of health care","Government schemes and compulsory contributory health care financing schemes","2,909.90"
"2014","Luxembourg","Purchasing power standard (PPS) per inhabitant","All providers of health care","Government schemes and compulsory contributory health care financing schemes","2,995.76"
"2015","Luxembourg","Purchasing power standard (PPS) per inhabitant","All providers of health care","Government schemes and compulsory contributory health care financing schemes","3,059.07"
"2016","Luxembourg","Purchasing power standard (PPS) per inhabitant","All providers of health care","Government schemes and compulsory contributory health care financing schemes","3,011.34"
"2017","Luxembourg","Purchasing power standard (PPS) per inhabitant","All providers of health care","Government schemes and compulsory contributory health care financing schemes","3,036.20"
"2018","Luxembourg","Purchasing power standard (PPS) per inhabitant","All providers of health care","Government schemes and compulsory contributory health care financing schemes","3,151.69"
"2003","Hungary","Purchasing power standard (PPS) per inhabitant","All providers of health care","Government schemes and compulsory contributory health care financing schemes",":"
"2004","Hungary","Purchasing power standard (PPS) per inhabitant","All providers of health care","Government schemes and compulsory contributory health care financing schemes",":"
"2005","Hungary","Purchasing power standard (PPS) per inhabitant","All providers of health care","Government schemes and compulsory contributory health care financing schemes",":"
"2006","Hungary","Purchasing power standard (PPS) per inhabitant","All providers of health care","Government schemes and compulsory contributory health care financing schemes","886.74"
"2007","Hungary","Purchasing power standard (PPS) per inhabitant","All providers of health care","Government schemes and compulsory contributory health care financing schemes","814.97"
"2008","Hungary","Purchasing power standard (PPS) per inhabitant","All providers of health care","Government schemes and compulsory contributory health care financing schemes","822.68"
"2009","Hungary","Purchasing power standard (PPS) per inhabitant","All providers of health care","Government schemes and compulsory contributory health care financing schemes","801.13"
"2010","Hungary","Purchasing power standard (PPS) per inhabitant","All providers of health care","Government schemes and compulsory contributory health care financing schemes","869.34"
"2011","Hungary","Purchasing power standard (PPS) per inhabitant","All providers of health care","Government schemes and compulsory contributory health care financing schemes","904.75"
"2012","Hungary","Purchasing power standard (PPS) per inhabitant","All providers of health care","Government schemes and compulsory contributory health care financing schemes","893.59"
"2013","Hungary","Purchasing power standard (PPS) per inhabitant","All providers of health care","Government schemes and compulsory contributory health care financing schemes","916.79"
"2014","Hungary","Purchasing power standard (PPS) per inhabitant","All providers of health care","Government schemes and compulsory contributory health care financing schemes","953.14"
"2015","Hungary","Purchasing power standard (PPS) per inhabitant","All providers of health care","Government schemes and compulsory contributory health care financing schemes","1,004.57"
"2016","Hungary","Purchasing power standard (PPS) per inhabitant","All providers of health care","Government schemes and compulsory contributory health care financing schemes","1,005.84"
"2017","Hungary","Purchasing power standard (PPS) per inhabitant","All providers of health care","Government schemes and compulsory contributory health care financing schemes","1,012.32"
"2018","Hungary","Purchasing power standard (PPS) per inhabitant","All providers of health care","Government schemes and compulsory contributory health care financing schemes","1,072.93"
"2003","Malta","Purchasing power standard (PPS) per inhabitant","All providers of health care","Government schemes and compulsory contributory health care financing schemes",":"
"2004","Malta","Purchasing power standard (PPS) per inhabitant","All providers of health care","Government schemes and compulsory contributory health care financing schemes",":"
"2005","Malta","Purchasing power standard (PPS) per inhabitant","All providers of health care","Government schemes and compulsory contributory health care financing schemes",":"
"2006","Malta","Purchasing power standard (PPS) per inhabitant","All providers of health care","Government schemes and compulsory contributory health care financing schemes",":"
"2007","Malta","Purchasing power standard (PPS) per inhabitant","All providers of health care","Government schemes and compulsory contributory health care financing schemes",":"
"2008","Malta","Purchasing power standard (PPS) per inhabitant","All providers of health care","Government schemes and compulsory contributory health care financing schemes",":"
"2009","Malta","Purchasing power standard (PPS) per inhabitant","All providers of health care","Government schemes and compulsory contributory health care financing schemes",":"
"2010","Malta","Purchasing power standard (PPS) per inhabitant","All providers of health care","Government schemes and compulsory contributory health care financing schemes",":"
"2011","Malta","Purchasing power standard (PPS) per inhabitant","All providers of health care","Government schemes and compulsory contributory health care financing schemes",":"
"2012","Malta","Purchasing power standard (PPS) per inhabitant","All providers of health care","Government schemes and compulsory contributory health care financing schemes",":"
"2013","Malta","Purchasing power standard (PPS) per inhabitant","All providers of health care","Government schemes and compulsory contributory health care financing schemes",":"
"2014","Malta","Purchasing power standard (PPS) per inhabitant","All providers of health care","Government schemes and compulsory contributory health care financing schemes","1,392.99"
"2015","Malta","Purchasing power standard (PPS) per inhabitant","All providers of health care","Government schemes and compulsory contributory health care financing schemes","1,517.13"
"2016","Malta","Purchasing power standard (PPS) per inhabitant","All providers of health care","Government schemes and compulsory contributory health care financing schemes","1,607.11"
"2017","Malta","Purchasing power standard (PPS) per inhabitant","All providers of health care","Government schemes and compulsory contributory health care financing schemes","1,737.70"
"2018","Malta","Purchasing power standard (PPS) per inhabitant","All providers of health care","Government schemes and compulsory contributory health care financing schemes",":"
"2003","Netherlands","Purchasing power standard (PPS) per inhabitant","All providers of health care","Government schemes and compulsory contributory health care financing schemes","1,888.64"
"2004","Netherlands","Purchasing power standard (PPS) per inhabitant","All providers of health care","Government schemes and compulsory contributory health care financing schemes","1,941.55"
"2005","Netherlands","Purchasing power standard (PPS) per inhabitant","All providers of health care","Government schemes and compulsory contributory health care financing schemes","2,041.40"
"2006","Netherlands","Purchasing power standard (PPS) per inhabitant","All providers of health care","Government schemes and compulsory contributory health care financing schemes","2,658.48"
"2007","Netherlands","Purchasing power standard (PPS) per inhabitant","All providers of health care","Government schemes and compulsory contributory health care financing schemes","2,835.23"
"2008","Netherlands","Purchasing power standard (PPS) per inhabitant","All providers of health care","Government schemes and compulsory contributory health care financing schemes","2,895.28"
"2009","Netherlands","Purchasing power standard (PPS) per inhabitant","All providers of health care","Government schemes and compulsory contributory health care financing schemes","2,895.58"
"2010","Netherlands","Purchasing power standard (PPS) per inhabitant","All providers of health care","Government schemes and compulsory contributory health care financing schemes","2,900.40"
"2011","Netherlands","Purchasing power standard (PPS) per inhabitant","All providers of health care","Government schemes and compulsory contributory health care financing schemes","2,925.13"
"2012","Netherlands","Purchasing power standard (PPS) per inhabitant","All providers of health care","Government schemes and compulsory contributory health care financing schemes","3,031.46"
"2013","Netherlands","Purchasing power standard (PPS) per inhabitant","All providers of health care","Government schemes and compulsory contributory health care financing schemes","3,017.84"
"2014","Netherlands","Purchasing power standard (PPS) per inhabitant","All providers of health care","Government schemes and compulsory contributory health care financing schemes","3,050.43"
"2015","Netherlands","Purchasing power standard (PPS) per inhabitant","All providers of health care","Government schemes and compulsory contributory health care financing schemes","3,124.68"
"2016","Netherlands","Purchasing power standard (PPS) per inhabitant","All providers of health care","Government schemes and compulsory contributory health care financing schemes","3,041.89"
"2017","Netherlands","Purchasing power standard (PPS) per inhabitant","All providers of health care","Government schemes and compulsory contributory health care financing schemes","3,100.97"
"2018","Netherlands","Purchasing power standard (PPS) per inhabitant","All providers of health care","Government schemes and compulsory contributory health care financing schemes","3,206.05"
"2003","Austria","Purchasing power standard (PPS) per inhabitant","All providers of health care","Government schemes and compulsory contributory health care financing schemes",":"
"2004","Austria","Purchasing power standard (PPS) per inhabitant","All providers of health care","Government schemes and compulsory contributory health care financing schemes","2,027.11"
"2005","Austria","Purchasing power standard (PPS) per inhabitant","All providers of health care","Government schemes and compulsory contributory health care financing schemes","2,140.82"
"2006","Austria","Purchasing power standard (PPS) per inhabitant","All providers of health care","Government schemes and compulsory contributory health care financing schemes","2,241.57"
"2007","Austria","Purchasing power standard (PPS) per inhabitant","All providers of health care","Government schemes and compulsory contributory health care financing schemes","2,334.79"
"2008","Austria","Purchasing power standard (PPS) per inhabitant","All providers of health care","Government schemes and compulsory contributory health care financing schemes","2,403.79"
"2009","Austria","Purchasing power standard (PPS) per inhabitant","All providers of health care","Government schemes and compulsory contributory health care financing schemes","2,411.86"
"2010","Austria","Purchasing power standard (PPS) per inhabitant","All providers of health care","Government schemes and compulsory contributory health care financing schemes","2,471.62"
"2011","Austria","Purchasing power standard (PPS) per inhabitant","All providers of health care","Government schemes and compulsory contributory health care financing schemes","2,511.87"
"2012","Austria","Purchasing power standard (PPS) per inhabitant","All providers of health care","Government schemes and compulsory contributory health care financing schemes","2,645.17"
"2013","Austria","Purchasing power standard (PPS) per inhabitant","All providers of health care","Government schemes and compulsory contributory health care financing schemes","2,664.63"
"2014","Austria","Purchasing power standard (PPS) per inhabitant","All providers of health care","Government schemes and compulsory contributory health care financing schemes","2,741.43"
"2015","Austria","Purchasing power standard (PPS) per inhabitant","All providers of health care","Government schemes and compulsory contributory health care financing schemes","2,852.99"
"2016","Austria","Purchasing power standard (PPS) per inhabitant","All providers of health care","Government schemes and compulsory contributory health care financing schemes","2,838.26"
"2017","Austria","Purchasing power standard (PPS) per inhabitant","All providers of health care","Government schemes and compulsory contributory health care financing schemes","2,861.12"
"2018","Austria","Purchasing power standard (PPS) per inhabitant","All providers of health care","Government schemes and compulsory contributory health care financing schemes","2,973.18"
"2003","Poland","Purchasing power standard (PPS) per inhabitant","All providers of health care","Government schemes and compulsory contributory health care financing schemes",":"
"2004","Poland","Purchasing power standard (PPS) per inhabitant","All providers of health care","Government schemes and compulsory contributory health care financing schemes",":"
"2005","Poland","Purchasing power standard (PPS) per inhabitant","All providers of health care","Government schemes and compulsory contributory health care financing schemes",":"
"2006","Poland","Purchasing power standard (PPS) per inhabitant","All providers of health care","Government schemes and compulsory contributory health care financing schemes",":"
"2007","Poland","Purchasing power standard (PPS) per inhabitant","All providers of health care","Government schemes and compulsory contributory health care financing schemes",":"
"2008","Poland","Purchasing power standard (PPS) per inhabitant","All providers of health care","Government schemes and compulsory contributory health care financing schemes",":"
"2009","Poland","Purchasing power standard (PPS) per inhabitant","All providers of health care","Government schemes and compulsory contributory health care financing schemes",":"
"2010","Poland","Purchasing power standard (PPS) per inhabitant","All providers of health care","Government schemes and compulsory contributory health care financing schemes",":"
"2011","Poland","Purchasing power standard (PPS) per inhabitant","All providers of health care","Government schemes and compulsory contributory health care financing schemes",":"
"2012","Poland","Purchasing power standard (PPS) per inhabitant","All providers of health care","Government schemes and compulsory contributory health care financing schemes",":"
"2013","Poland","Purchasing power standard (PPS) per inhabitant","All providers of health care","Government schemes and compulsory contributory health care financing schemes","891.41"
"2014","Poland","Purchasing power standard (PPS) per inhabitant","All providers of health care","Government schemes and compulsory contributory health care financing schemes","908.46"
"2015","Poland","Purchasing power standard (PPS) per inhabitant","All providers of health care","Government schemes and compulsory contributory health care financing schemes","980.99"
"2016","Poland","Purchasing power standard (PPS) per inhabitant","All providers of health care","Government schemes and compulsory contributory health care financing schemes","1,005.99"
"2017","Poland","Purchasing power standard (PPS) per inhabitant","All providers of health care","Government schemes and compulsory contributory health care financing schemes",":"
"2018","Poland","Purchasing power standard (PPS) per inhabitant","All providers of health care","Government schemes and compulsory contributory health care financing schemes",":"
"2003","Portugal","Purchasing power standard (PPS) per inhabitant","All providers of health care","Government schemes and compulsory contributory health care financing schemes","1,083.68"
"2004","Portugal","Purchasing power standard (PPS) per inhabitant","All providers of health care","Government schemes and compulsory contributory health care financing schemes","1,170.56"
"2005","Portugal","Purchasing power standard (PPS) per inhabitant","All providers of health care","Government schemes and compulsory contributory health care financing schemes","1,267.24"
"2006","Portugal","Purchasing power standard (PPS) per inhabitant","All providers of health care","Government schemes and compulsory contributory health care financing schemes","1,253.96"
"2007","Portugal","Purchasing power standard (PPS) per inhabitant","All providers of health care","Government schemes and compulsory contributory health care financing schemes","1,280.96"
"2008","Portugal","Purchasing power standard (PPS) per inhabitant","All providers of health care","Government schemes and compulsory contributory health care financing schemes","1,305.24"
"2009","Portugal","Purchasing power standard (PPS) per inhabitant","All providers of health care","Government schemes and compulsory contributory health care financing schemes","1,346.24"
"2010","Portugal","Purchasing power standard (PPS) per inhabitant","All providers of health care","Government schemes and compulsory contributory health care financing schemes","1,372.31"
"2011","Portugal","Purchasing power standard (PPS) per inhabitant","All providers of health care","Government schemes and compulsory contributory health care financing schemes","1,262.88"
"2012","Portugal","Purchasing power standard (PPS) per inhabitant","All providers of health care","Government schemes and compulsory contributory health care financing schemes","1,187.17"
"2013","Portugal","Purchasing power standard (PPS) per inhabitant","All providers of health care","Government schemes and compulsory contributory health care financing schemes","1,221.49"
"2014","Portugal","Purchasing power standard (PPS) per inhabitant","All providers of health care","Government schemes and compulsory contributory health care financing schemes","1,234.43"
"2015","Portugal","Purchasing power standard (PPS) per inhabitant","All providers of health care","Government schemes and compulsory contributory health care financing schemes","1,308.85"
"2016","Portugal","Purchasing power standard (PPS) per inhabitant","All providers of health care","Government schemes and compulsory contributory health care financing schemes","1,327.07"
"2017","Portugal","Purchasing power standard (PPS) per inhabitant","All providers of health care","Government schemes and compulsory contributory health care financing schemes","1,345.13"
"2018","Portugal","Purchasing power standard (PPS) per inhabitant","All providers of health care","Government schemes and compulsory contributory health care financing schemes",":"
"2003","Romania","Purchasing power standard (PPS) per inhabitant","All providers of health care","Government schemes and compulsory contributory health care financing schemes",":"
"2004","Romania","Purchasing power standard (PPS) per inhabitant","All providers of health care","Government schemes and compulsory contributory health care financing schemes",":"
"2005","Romania","Purchasing power standard (PPS) per inhabitant","All providers of health care","Government schemes and compulsory contributory health care financing schemes",":"
"2006","Romania","Purchasing power standard (PPS) per inhabitant","All providers of health care","Government schemes and compulsory contributory health care financing schemes",":"
"2007","Romania","Purchasing power standard (PPS) per inhabitant","All providers of health care","Government schemes and compulsory contributory health care financing schemes",":"
"2008","Romania","Purchasing power standard (PPS) per inhabitant","All providers of health care","Government schemes and compulsory contributory health care financing schemes",":"
"2009","Romania","Purchasing power standard (PPS) per inhabitant","All providers of health care","Government schemes and compulsory contributory health care financing schemes",":"
"2010","Romania","Purchasing power standard (PPS) per inhabitant","All providers of health care","Government schemes and compulsory contributory health care financing schemes",":"
"2011","Romania","Purchasing power standard (PPS) per inhabitant","All providers of health care","Government schemes and compulsory contributory health care financing schemes","485.82"
"2012","Romania","Purchasing power standard (PPS) per inhabitant","All providers of health care","Government schemes and compulsory contributory health care financing schemes","528.21"
"2013","Romania","Purchasing power standard (PPS) per inhabitant","All providers of health care","Government schemes and compulsory contributory health care financing schemes","620.24"
"2014","Romania","Purchasing power standard (PPS) per inhabitant","All providers of health care","Government schemes and compulsory contributory health care financing schemes","631.07"
"2015","Romania","Purchasing power standard (PPS) per inhabitant","All providers of health care","Government schemes and compulsory contributory health care financing schemes","661.11"
"2016","Romania","Purchasing power standard (PPS) per inhabitant","All providers of health care","Government schemes and compulsory contributory health care financing schemes","723.74"
"2017","Romania","Purchasing power standard (PPS) per inhabitant","All providers of health care","Government schemes and compulsory contributory health care financing schemes","814.97"
"2018","Romania","Purchasing power standard (PPS) per inhabitant","All providers of health care","Government schemes and compulsory contributory health care financing schemes","966.09"
"2003","Slovenia","Purchasing power standard (PPS) per inhabitant","All providers of health care","Government schemes and compulsory contributory health care financing schemes",":"
"2004","Slovenia","Purchasing power standard (PPS) per inhabitant","All providers of health care","Government schemes and compulsory contributory health care financing schemes",":"
"2005","Slovenia","Purchasing power standard (PPS) per inhabitant","All providers of health care","Government schemes and compulsory contributory health care financing schemes",":"
"2006","Slovenia","Purchasing power standard (PPS) per inhabitant","All providers of health care","Government schemes and compulsory contributory health care financing schemes",":"
"2007","Slovenia","Purchasing power standard (PPS) per inhabitant","All providers of health care","Government schemes and compulsory contributory health care financing schemes",":"
"2008","Slovenia","Purchasing power standard (PPS) per inhabitant","All providers of health care","Government schemes and compulsory contributory health care financing schemes",":"
"2009","Slovenia","Purchasing power standard (PPS) per inhabitant","All providers of health care","Government schemes and compulsory contributory health care financing schemes",":"
"2010","Slovenia","Purchasing power standard (PPS) per inhabitant","All providers of health care","Government schemes and compulsory contributory health care financing schemes",":"
"2011","Slovenia","Purchasing power standard (PPS) per inhabitant","All providers of health care","Government schemes and compulsory contributory health care financing schemes",":"
"2012","Slovenia","Purchasing power standard (PPS) per inhabitant","All providers of health care","Government schemes and compulsory contributory health care financing schemes",":"
"2013","Slovenia","Purchasing power standard (PPS) per inhabitant","All providers of health care","Government schemes and compulsory contributory health care financing schemes",":"
"2014","Slovenia","Purchasing power standard (PPS) per inhabitant","All providers of health care","Government schemes and compulsory contributory health care financing schemes","1,354.56"
"2015","Slovenia","Purchasing power standard (PPS) per inhabitant","All providers of health care","Government schemes and compulsory contributory health care financing schemes","1,442.72"
"2016","Slovenia","Purchasing power standard (PPS) per inhabitant","All providers of health care","Government schemes and compulsory contributory health care financing schemes","1,466.42"
"2017","Slovenia","Purchasing power standard (PPS) per inhabitant","All providers of health care","Government schemes and compulsory contributory health care financing schemes","1,487.08"
"2018","Slovenia","Purchasing power standard (PPS) per inhabitant","All providers of health care","Government schemes and compulsory contributory health care financing schemes",":"
"2003","Slovakia","Purchasing power standard (PPS) per inhabitant","All providers of health care","Government schemes and compulsory contributory health care financing schemes",":"
"2004","Slovakia","Purchasing power standard (PPS) per inhabitant","All providers of health care","Government schemes and compulsory contributory health care financing schemes",":"
"2005","Slovakia","Purchasing power standard (PPS) per inhabitant","All providers of health care","Government schemes and compulsory contributory health care financing schemes",":"
"2006","Slovakia","Purchasing power standard (PPS) per inhabitant","All providers of health care","Government schemes and compulsory contributory health care financing schemes",":"
"2007","Slovakia","Purchasing power standard (PPS) per inhabitant","All providers of health care","Government schemes and compulsory contributory health care financing schemes",":"
"2008","Slovakia","Purchasing power standard (PPS) per inhabitant","All providers of health care","Government schemes and compulsory contributory health care financing schemes",":"
"2009","Slovakia","Purchasing power standard (PPS) per inhabitant","All providers of health care","Government schemes and compulsory contributory health care financing schemes",":"
"2010","Slovakia","Purchasing power standard (PPS) per inhabitant","All providers of health care","Government schemes and compulsory contributory health care financing schemes",":"
"2011","Slovakia","Purchasing power standard (PPS) per inhabitant","All providers of health care","Government schemes and compulsory contributory health care financing schemes",":"
"2012","Slovakia","Purchasing power standard (PPS) per inhabitant","All providers of health care","Government schemes and compulsory contributory health care financing schemes","1,168.39"
"2013","Slovakia","Purchasing power standard (PPS) per inhabitant","All providers of health care","Government schemes and compulsory contributory health care financing schemes","1,206.85"
"2014","Slovakia","Purchasing power standard (PPS) per inhabitant","All providers of health care","Government schemes and compulsory contributory health care financing schemes","1,229.14"
"2015","Slovakia","Purchasing power standard (PPS) per inhabitant","All providers of health care","Government schemes and compulsory contributory health care financing schemes","1,278.64"
"2016","Slovakia","Purchasing power standard (PPS) per inhabitant","All providers of health care","Government schemes and compulsory contributory health care financing schemes","1,318.69"
"2017","Slovakia","Purchasing power standard (PPS) per inhabitant","All providers of health care","Government schemes and compulsory contributory health care financing schemes","1,285.95"
"2018","Slovakia","Purchasing power standard (PPS) per inhabitant","All providers of health care","Government schemes and compulsory contributory health care financing schemes",":"
"2003","Finland","Purchasing power standard (PPS) per inhabitant","All providers of health care","Government schemes and compulsory contributory health care financing schemes","1,326.55"
"2004","Finland","Purchasing power standard (PPS) per inhabitant","All providers of health care","Government schemes and compulsory contributory health care financing schemes","1,449.04"
"2005","Finland","Purchasing power standard (PPS) per inhabitant","All providers of health care","Government schemes and compulsory contributory health care financing schemes","1,552.23"
"2006","Finland","Purchasing power standard (PPS) per inhabitant","All providers of health care","Government schemes and compulsory contributory health care financing schemes","1,678.95"
"2007","Finland","Purchasing power standard (PPS) per inhabitant","All providers of health care","Government schemes and compulsory contributory health care financing schemes","1,830.62"
"2008","Finland","Purchasing power standard (PPS) per inhabitant","All providers of health care","Government schemes and compulsory contributory health care financing schemes","1,913.62"
"2009","Finland","Purchasing power standard (PPS) per inhabitant","All providers of health care","Government schemes and compulsory contributory health care financing schemes","1,898.58"
"2010","Finland","Purchasing power standard (PPS) per inhabitant","All providers of health care","Government schemes and compulsory contributory health care financing schemes","1,949.91"
"2011","Finland","Purchasing power standard (PPS) per inhabitant","All providers of health care","Government schemes and compulsory contributory health care financing schemes","2,053.39"
"2012","Finland","Purchasing power standard (PPS) per inhabitant","All providers of health care","Government schemes and compulsory contributory health care financing schemes","2,164.12"
"2013","Finland","Purchasing power standard (PPS) per inhabitant","All providers of health care","Government schemes and compulsory contributory health care financing schemes","2,196.54"
"2014","Finland","Purchasing power standard (PPS) per inhabitant","All providers of health care","Government schemes and compulsory contributory health care financing schemes","2,225.07"
"2015","Finland","Purchasing power standard (PPS) per inhabitant","All providers of health care","Government schemes and compulsory contributory health care financing schemes","2,365.02"
"2016","Finland","Purchasing power standard (PPS) per inhabitant","All providers of health care","Government schemes and compulsory contributory health care financing schemes","2,263.58"
"2017","Finland","Purchasing power standard (PPS) per inhabitant","All providers of health care","Government schemes and compulsory contributory health care financing schemes","2,280.44"
"2018","Finland","Purchasing power standard (PPS) per inhabitant","All providers of health care","Government schemes and compulsory contributory health care financing schemes",":"
"2003","Sweden","Purchasing power standard (PPS) per inhabitant","All providers of health care","Government schemes and compulsory contributory health care financing schemes",":"
"2004","Sweden","Purchasing power standard (PPS) per inhabitant","All providers of health care","Government schemes and compulsory contributory health care financing schemes",":"
"2005","Sweden","Purchasing power standard (PPS) per inhabitant","All providers of health care","Government schemes and compulsory contributory health care financing schemes",":"
"2006","Sweden","Purchasing power standard (PPS) per inhabitant","All providers of health care","Government schemes and compulsory contributory health care financing schemes",":"
"2007","Sweden","Purchasing power standard (PPS) per inhabitant","All providers of health care","Government schemes and compulsory contributory health care financing schemes",":"
"2008","Sweden","Purchasing power standard (PPS) per inhabitant","All providers of health care","Government schemes and compulsory contributory health care financing schemes",":"
"2009","Sweden","Purchasing power standard (PPS) per inhabitant","All providers of health care","Government schemes and compulsory contributory health care financing schemes",":"
"2010","Sweden","Purchasing power standard (PPS) per inhabitant","All providers of health care","Government schemes and compulsory contributory health care financing schemes",":"
"2011","Sweden","Purchasing power standard (PPS) per inhabitant","All providers of health care","Government schemes and compulsory contributory health care financing schemes","2,918.91"
"2012","Sweden","Purchasing power standard (PPS) per inhabitant","All providers of health care","Government schemes and compulsory contributory health care financing schemes","3,042.40"
"2013","Sweden","Purchasing power standard (PPS) per inhabitant","All providers of health care","Government schemes and compulsory contributory health care financing schemes","3,002.91"
"2014","Sweden","Purchasing power standard (PPS) per inhabitant","All providers of health care","Government schemes and compulsory contributory health care financing schemes","3,117.10"
"2015","Sweden","Purchasing power standard (PPS) per inhabitant","All providers of health care","Government schemes and compulsory contributory health care financing schemes","3,276.58"
"2016","Sweden","Purchasing power standard (PPS) per inhabitant","All providers of health care","Government schemes and compulsory contributory health care financing schemes","3,193.67"
"2017","Sweden","Purchasing power standard (PPS) per inhabitant","All providers of health care","Government schemes and compulsory contributory health care financing schemes","3,252.19"
"2018","Sweden","Purchasing power standard (PPS) per inhabitant","All providers of health care","Government schemes and compulsory contributory health care financing schemes","3,322.73"
"2003","United Kingdom","Purchasing power standard (PPS) per inhabitant","All providers of health care","Government schemes and compulsory contributory health care financing schemes",":"
"2004","United Kingdom","Purchasing power standard (PPS) per inhabitant","All providers of health care","Government schemes and compulsory contributory health care financing schemes",":"
"2005","United Kingdom","Purchasing power standard (PPS) per inhabitant","All providers of health care","Government schemes and compulsory contributory health care financing schemes",":"
"2006","United Kingdom","Purchasing power standard (PPS) per inhabitant","All providers of health care","Government schemes and compulsory contributory health care financing schemes",":"
"2007","United Kingdom","Purchasing power standard (PPS) per inhabitant","All providers of health care","Government schemes and compulsory contributory health care financing schemes",":"
"2008","United Kingdom","Purchasing power standard (PPS) per inhabitant","All providers of health care","Government schemes and compulsory contributory health care financing schemes",":"
"2009","United Kingdom","Purchasing power standard (PPS) per inhabitant","All providers of health care","Government schemes and compulsory contributory health care financing schemes",":"
"2010","United Kingdom","Purchasing power standard (PPS) per inhabitant","All providers of health care","Government schemes and compulsory contributory health care financing schemes",":"
"2011","United Kingdom","Purchasing power standard (PPS) per inhabitant","All providers of health care","Government schemes and compulsory contributory health care financing schemes",":"
"2012","United Kingdom","Purchasing power standard (PPS) per inhabitant","All providers of health care","Government schemes and compulsory contributory health care financing schemes",":"
"2013","United Kingdom","Purchasing power standard (PPS) per inhabitant","All providers of health care","Government schemes and compulsory contributory health care financing schemes","2,142.29"
"2014","United Kingdom","Purchasing power standard (PPS) per inhabitant","All providers of health care","Government schemes and compulsory contributory health care financing schemes","2,221.95"
"2015","United Kingdom","Purchasing power standard (PPS) per inhabitant","All providers of health care","Government schemes and compulsory contributory health care financing schemes","2,289.28"
"2016","United Kingdom","Purchasing power standard (PPS) per inhabitant","All providers of health care","Government schemes and compulsory contributory health care financing schemes","2,285.71"
"2017","United Kingdom","Purchasing power standard (PPS) per inhabitant","All providers of health care","Government schemes and compulsory contributory health care financing schemes","2,284.64"
"2018","United Kingdom","Purchasing power standard (PPS) per inhabitant","All providers of health care","Government schemes and compulsory contributory health care financing schemes",":"
"2003","Iceland","Purchasing power standard (PPS) per inhabitant","All providers of health care","Government schemes and compulsory contributory health care financing schemes",":"
"2004","Iceland","Purchasing power standard (PPS) per inhabitant","All providers of health care","Government schemes and compulsory contributory health care financing schemes",":"
"2005","Iceland","Purchasing power standard (PPS) per inhabitant","All providers of health care","Government schemes and compulsory contributory health care financing schemes",":"
"2006","Iceland","Purchasing power standard (PPS) per inhabitant","All providers of health care","Government schemes and compulsory contributory health care financing schemes",":"
"2007","Iceland","Purchasing power standard (PPS) per inhabitant","All providers of health care","Government schemes and compulsory contributory health care financing schemes",":"
"2008","Iceland","Purchasing power standard (PPS) per inhabitant","All providers of health care","Government schemes and compulsory contributory health care financing schemes",":"
"2009","Iceland","Purchasing power standard (PPS) per inhabitant","All providers of health care","Government schemes and compulsory contributory health care financing schemes",":"
"2010","Iceland","Purchasing power standard (PPS) per inhabitant","All providers of health care","Government schemes and compulsory contributory health care financing schemes",":"
"2011","Iceland","Purchasing power standard (PPS) per inhabitant","All providers of health care","Government schemes and compulsory contributory health care financing schemes","2,058.10"
"2012","Iceland","Purchasing power standard (PPS) per inhabitant","All providers of health care","Government schemes and compulsory contributory health care financing schemes","2,097.11"
"2013","Iceland","Purchasing power standard (PPS) per inhabitant","All providers of health care","Government schemes and compulsory contributory health care financing schemes","2,119.86"
"2014","Iceland","Purchasing power standard (PPS) per inhabitant","All providers of health care","Government schemes and compulsory contributory health care financing schemes","2,209.17"
"2015","Iceland","Purchasing power standard (PPS) per inhabitant","All providers of health care","Government schemes and compulsory contributory health care financing schemes","2,351.98"
"2016","Iceland","Purchasing power standard (PPS) per inhabitant","All providers of health care","Government schemes and compulsory contributory health care financing schemes","2,367.11"
"2017","Iceland","Purchasing power standard (PPS) per inhabitant","All providers of health care","Government schemes and compulsory contributory health care financing schemes","2,461.13"
"2018","Iceland","Purchasing power standard (PPS) per inhabitant","All providers of health care","Government schemes and compulsory contributory health care financing schemes","2,616.38"
"2003","Liechtenstein","Purchasing power standard (PPS) per inhabitant","All providers of health care","Government schemes and compulsory contributory health care financing schemes",":"
"2004","Liechtenstein","Purchasing power standard (PPS) per inhabitant","All providers of health care","Government schemes and compulsory contributory health care financing schemes",":"
"2005","Liechtenstein","Purchasing power standard (PPS) per inhabitant","All providers of health care","Government schemes and compulsory contributory health care financing schemes",":"
"2006","Liechtenstein","Purchasing power standard (PPS) per inhabitant","All providers of health care","Government schemes and compulsory contributory health care financing schemes",":"
"2007","Liechtenstein","Purchasing power standard (PPS) per inhabitant","All providers of health care","Government schemes and compulsory contributory health care financing schemes",":"
"2008","Liechtenstein","Purchasing power standard (PPS) per inhabitant","All providers of health care","Government schemes and compulsory contributory health care financing schemes",":"
"2009","Liechtenstein","Purchasing power standard (PPS) per inhabitant","All providers of health care","Government schemes and compulsory contributory health care financing schemes",":"
"2010","Liechtenstein","Purchasing power standard (PPS) per inhabitant","All providers of health care","Government schemes and compulsory contributory health care financing schemes",":"
"2011","Liechtenstein","Purchasing power standard (PPS) per inhabitant","All providers of health care","Government schemes and compulsory contributory health care financing schemes",":"
"2012","Liechtenstein","Purchasing power standard (PPS) per inhabitant","All providers of health care","Government schemes and compulsory contributory health care financing schemes",":"
"2013","Liechtenstein","Purchasing power standard (PPS) per inhabitant","All providers of health care","Government schemes and compulsory contributory health care financing schemes",":"
"2014","Liechtenstein","Purchasing power standard (PPS) per inhabitant","All providers of health care","Government schemes and compulsory contributory health care financing schemes",":"
"2015","Liechtenstein","Purchasing power standard (PPS) per inhabitant","All providers of health care","Government schemes and compulsory contributory health care financing schemes",":"
"2016","Liechtenstein","Purchasing power standard (PPS) per inhabitant","All providers of health care","Government schemes and compulsory contributory health care financing schemes",":"
"2017","Liechtenstein","Purchasing power standard (PPS) per inhabitant","All providers of health care","Government schemes and compulsory contributory health care financing schemes",":"
"2018","Liechtenstein","Purchasing power standard (PPS) per inhabitant","All providers of health care","Government schemes and compulsory contributory health care financing schemes",":"
"2003","Norway","Purchasing power standard (PPS) per inhabitant","All providers of health care","Government schemes and compulsory contributory health care financing schemes",":"
"2004","Norway","Purchasing power standard (PPS) per inhabitant","All providers of health care","Government schemes and compulsory contributory health care financing schemes",":"
"2005","Norway","Purchasing power standard (PPS) per inhabitant","All providers of health care","Government schemes and compulsory contributory health care financing schemes",":"
"2006","Norway","Purchasing power standard (PPS) per inhabitant","All providers of health care","Government schemes and compulsory contributory health care financing schemes",":"
"2007","Norway","Purchasing power standard (PPS) per inhabitant","All providers of health care","Government schemes and compulsory contributory health care financing schemes",":"
"2008","Norway","Purchasing power standard (PPS) per inhabitant","All providers of health care","Government schemes and compulsory contributory health care financing schemes",":"
"2009","Norway","Purchasing power standard (PPS) per inhabitant","All providers of health care","Government schemes and compulsory contributory health care financing schemes",":"
"2010","Norway","Purchasing power standard (PPS) per inhabitant","All providers of health care","Government schemes and compulsory contributory health care financing schemes",":"
"2011","Norway","Purchasing power standard (PPS) per inhabitant","All providers of health care","Government schemes and compulsory contributory health care financing schemes","3,247.64"
"2012","Norway","Purchasing power standard (PPS) per inhabitant","All providers of health care","Government schemes and compulsory contributory health care financing schemes","3,408.57"
"2013","Norway","Purchasing power standard (PPS) per inhabitant","All providers of health care","Government schemes and compulsory contributory health care financing schemes","3,522.87"
"2014","Norway","Purchasing power standard (PPS) per inhabitant","All providers of health care","Government schemes and compulsory contributory health care financing schemes","3,711.28"
"2015","Norway","Purchasing power standard (PPS) per inhabitant","All providers of health care","Government schemes and compulsory contributory health care financing schemes","3,816.37"
"2016","Norway","Purchasing power standard (PPS) per inhabitant","All providers of health care","Government schemes and compulsory contributory health care financing schemes","3,723.36"
"2017","Norway","Purchasing power standard (PPS) per inhabitant","All providers of health care","Government schemes and compulsory contributory health care financing schemes","3,731.21"
"2018","Norway","Purchasing power standard (PPS) per inhabitant","All providers of health care","Government schemes and compulsory contributory health care financing schemes","3,852.59"
"2003","Switzerland","Purchasing power standard (PPS) per inhabitant","All providers of health care","Government schemes and compulsory contributory health care financing schemes",":"
"2004","Switzerland","Purchasing power standard (PPS) per inhabitant","All providers of health care","Government schemes and compulsory contributory health care financing schemes",":"
"2005","Switzerland","Purchasing power standard (PPS) per inhabitant","All providers of health care","Government schemes and compulsory contributory health care financing schemes",":"
"2006","Switzerland","Purchasing power standard (PPS) per inhabitant","All providers of health care","Government schemes and compulsory contributory health care financing schemes",":"
"2007","Switzerland","Purchasing power standard (PPS) per inhabitant","All providers of health care","Government schemes and compulsory contributory health care financing schemes",":"
"2008","Switzerland","Purchasing power standard (PPS) per inhabitant","All providers of health care","Government schemes and compulsory contributory health care financing schemes",":"
"2009","Switzerland","Purchasing power standard (PPS) per inhabitant","All providers of health care","Government schemes and compulsory contributory health care financing schemes",":"
"2010","Switzerland","Purchasing power standard (PPS) per inhabitant","All providers of health care","Government schemes and compulsory contributory health care financing schemes","2,544.60"
"2011","Switzerland","Purchasing power standard (PPS) per inhabitant","All providers of health care","Government schemes and compulsory contributory health care financing schemes","2,643.83"
"2012","Switzerland","Purchasing power standard (PPS) per inhabitant","All providers of health care","Government schemes and compulsory contributory health care financing schemes","2,842.95"
"2013","Switzerland","Purchasing power standard (PPS) per inhabitant","All providers of health care","Government schemes and compulsory contributory health care financing schemes","2,996.12"
"2014","Switzerland","Purchasing power standard (PPS) per inhabitant","All providers of health care","Government schemes and compulsory contributory health care financing schemes","3,103.17"
"2015","Switzerland","Purchasing power standard (PPS) per inhabitant","All providers of health care","Government schemes and compulsory contributory health care financing schemes","3,335.66"
"2016","Switzerland","Purchasing power standard (PPS) per inhabitant","All providers of health care","Government schemes and compulsory contributory health care financing schemes","3,269.58"
"2017","Switzerland","Purchasing power standard (PPS) per inhabitant","All providers of health care","Government schemes and compulsory contributory health care financing schemes","3,342.27"
"2018","Switzerland","Purchasing power standard (PPS) per inhabitant","All providers of health care","Government schemes and compulsory contributory health care financing schemes",":"
