"TIME","GEO","UNIT","ICHA11_HP","ICHA11_HF","Value"
"2003","Belgium","Purchasing power standard (PPS) per inhabitant","All providers of health care","Voluntary health insurance schemes","119.44"
"2004","Belgium","Purchasing power standard (PPS) per inhabitant","All providers of health care","Voluntary health insurance schemes","124.75"
"2005","Belgium","Purchasing power standard (PPS) per inhabitant","All providers of health care","Voluntary health insurance schemes","132.39"
"2006","Belgium","Purchasing power standard (PPS) per inhabitant","All providers of health care","Voluntary health insurance schemes","136.25"
"2007","Belgium","Purchasing power standard (PPS) per inhabitant","All providers of health care","Voluntary health insurance schemes","141.98"
"2008","Belgium","Purchasing power standard (PPS) per inhabitant","All providers of health care","Voluntary health insurance schemes","121.51"
"2009","Belgium","Purchasing power standard (PPS) per inhabitant","All providers of health care","Voluntary health insurance schemes","115.78"
"2010","Belgium","Purchasing power standard (PPS) per inhabitant","All providers of health care","Voluntary health insurance schemes","120.91"
"2011","Belgium","Purchasing power standard (PPS) per inhabitant","All providers of health care","Voluntary health insurance schemes","131.08"
"2012","Belgium","Purchasing power standard (PPS) per inhabitant","All providers of health care","Voluntary health insurance schemes","132.15"
"2013","Belgium","Purchasing power standard (PPS) per inhabitant","All providers of health care","Voluntary health insurance schemes","141.73"
"2014","Belgium","Purchasing power standard (PPS) per inhabitant","All providers of health care","Voluntary health insurance schemes","150.50"
"2015","Belgium","Purchasing power standard (PPS) per inhabitant","All providers of health care","Voluntary health insurance schemes","170.75"
"2016","Belgium","Purchasing power standard (PPS) per inhabitant","All providers of health care","Voluntary health insurance schemes","174.44"
"2017","Belgium","Purchasing power standard (PPS) per inhabitant","All providers of health care","Voluntary health insurance schemes","180.82"
"2018","Belgium","Purchasing power standard (PPS) per inhabitant","All providers of health care","Voluntary health insurance schemes","187.71"
"2003","Bulgaria","Purchasing power standard (PPS) per inhabitant","All providers of health care","Voluntary health insurance schemes",":"
"2004","Bulgaria","Purchasing power standard (PPS) per inhabitant","All providers of health care","Voluntary health insurance schemes",":"
"2005","Bulgaria","Purchasing power standard (PPS) per inhabitant","All providers of health care","Voluntary health insurance schemes",":"
"2006","Bulgaria","Purchasing power standard (PPS) per inhabitant","All providers of health care","Voluntary health insurance schemes",":"
"2007","Bulgaria","Purchasing power standard (PPS) per inhabitant","All providers of health care","Voluntary health insurance schemes",":"
"2008","Bulgaria","Purchasing power standard (PPS) per inhabitant","All providers of health care","Voluntary health insurance schemes",":"
"2009","Bulgaria","Purchasing power standard (PPS) per inhabitant","All providers of health care","Voluntary health insurance schemes",":"
"2010","Bulgaria","Purchasing power standard (PPS) per inhabitant","All providers of health care","Voluntary health insurance schemes",":"
"2011","Bulgaria","Purchasing power standard (PPS) per inhabitant","All providers of health care","Voluntary health insurance schemes","3.64"
"2012","Bulgaria","Purchasing power standard (PPS) per inhabitant","All providers of health care","Voluntary health insurance schemes","4.19"
"2013","Bulgaria","Purchasing power standard (PPS) per inhabitant","All providers of health care","Voluntary health insurance schemes","3.58"
"2014","Bulgaria","Purchasing power standard (PPS) per inhabitant","All providers of health care","Voluntary health insurance schemes","3.97"
"2015","Bulgaria","Purchasing power standard (PPS) per inhabitant","All providers of health care","Voluntary health insurance schemes","4.89"
"2016","Bulgaria","Purchasing power standard (PPS) per inhabitant","All providers of health care","Voluntary health insurance schemes","5.12"
"2017","Bulgaria","Purchasing power standard (PPS) per inhabitant","All providers of health care","Voluntary health insurance schemes","7.16"
"2018","Bulgaria","Purchasing power standard (PPS) per inhabitant","All providers of health care","Voluntary health insurance schemes","8.77"
"2003","Czechia","Purchasing power standard (PPS) per inhabitant","All providers of health care","Voluntary health insurance schemes",":"
"2004","Czechia","Purchasing power standard (PPS) per inhabitant","All providers of health care","Voluntary health insurance schemes",":"
"2005","Czechia","Purchasing power standard (PPS) per inhabitant","All providers of health care","Voluntary health insurance schemes",":"
"2006","Czechia","Purchasing power standard (PPS) per inhabitant","All providers of health care","Voluntary health insurance schemes",":"
"2007","Czechia","Purchasing power standard (PPS) per inhabitant","All providers of health care","Voluntary health insurance schemes",":"
"2008","Czechia","Purchasing power standard (PPS) per inhabitant","All providers of health care","Voluntary health insurance schemes",":"
"2009","Czechia","Purchasing power standard (PPS) per inhabitant","All providers of health care","Voluntary health insurance schemes",":"
"2010","Czechia","Purchasing power standard (PPS) per inhabitant","All providers of health care","Voluntary health insurance schemes",":"
"2011","Czechia","Purchasing power standard (PPS) per inhabitant","All providers of health care","Voluntary health insurance schemes",":"
"2012","Czechia","Purchasing power standard (PPS) per inhabitant","All providers of health care","Voluntary health insurance schemes",":"
"2013","Czechia","Purchasing power standard (PPS) per inhabitant","All providers of health care","Voluntary health insurance schemes","2.74"
"2014","Czechia","Purchasing power standard (PPS) per inhabitant","All providers of health care","Voluntary health insurance schemes","3.18"
"2015","Czechia","Purchasing power standard (PPS) per inhabitant","All providers of health care","Voluntary health insurance schemes","2.85"
"2016","Czechia","Purchasing power standard (PPS) per inhabitant","All providers of health care","Voluntary health insurance schemes","2.80"
"2017","Czechia","Purchasing power standard (PPS) per inhabitant","All providers of health care","Voluntary health insurance schemes","3.10"
"2018","Czechia","Purchasing power standard (PPS) per inhabitant","All providers of health care","Voluntary health insurance schemes",":"
"2003","Denmark","Purchasing power standard (PPS) per inhabitant","All providers of health care","Voluntary health insurance schemes",":"
"2004","Denmark","Purchasing power standard (PPS) per inhabitant","All providers of health care","Voluntary health insurance schemes",":"
"2005","Denmark","Purchasing power standard (PPS) per inhabitant","All providers of health care","Voluntary health insurance schemes",":"
"2006","Denmark","Purchasing power standard (PPS) per inhabitant","All providers of health care","Voluntary health insurance schemes",":"
"2007","Denmark","Purchasing power standard (PPS) per inhabitant","All providers of health care","Voluntary health insurance schemes",":"
"2008","Denmark","Purchasing power standard (PPS) per inhabitant","All providers of health care","Voluntary health insurance schemes",":"
"2009","Denmark","Purchasing power standard (PPS) per inhabitant","All providers of health care","Voluntary health insurance schemes",":"
"2010","Denmark","Purchasing power standard (PPS) per inhabitant","All providers of health care","Voluntary health insurance schemes","53.75"
"2011","Denmark","Purchasing power standard (PPS) per inhabitant","All providers of health care","Voluntary health insurance schemes","56.75"
"2012","Denmark","Purchasing power standard (PPS) per inhabitant","All providers of health care","Voluntary health insurance schemes","59.31"
"2013","Denmark","Purchasing power standard (PPS) per inhabitant","All providers of health care","Voluntary health insurance schemes","62.45"
"2014","Denmark","Purchasing power standard (PPS) per inhabitant","All providers of health care","Voluntary health insurance schemes","68.13"
"2015","Denmark","Purchasing power standard (PPS) per inhabitant","All providers of health care","Voluntary health insurance schemes","75.64"
"2016","Denmark","Purchasing power standard (PPS) per inhabitant","All providers of health care","Voluntary health insurance schemes","75.10"
"2017","Denmark","Purchasing power standard (PPS) per inhabitant","All providers of health care","Voluntary health insurance schemes","79.90"
"2018","Denmark","Purchasing power standard (PPS) per inhabitant","All providers of health care","Voluntary health insurance schemes","86.59"
"2003","Germany (until 1990 former territory of the FRG)","Purchasing power standard (PPS) per inhabitant","All providers of health care","Voluntary health insurance schemes","235.70"
"2004","Germany (until 1990 former territory of the FRG)","Purchasing power standard (PPS) per inhabitant","All providers of health care","Voluntary health insurance schemes","247.77"
"2005","Germany (until 1990 former territory of the FRG)","Purchasing power standard (PPS) per inhabitant","All providers of health care","Voluntary health insurance schemes","260.09"
"2006","Germany (until 1990 former territory of the FRG)","Purchasing power standard (PPS) per inhabitant","All providers of health care","Voluntary health insurance schemes","268.66"
"2007","Germany (until 1990 former territory of the FRG)","Purchasing power standard (PPS) per inhabitant","All providers of health care","Voluntary health insurance schemes","284.43"
"2008","Germany (until 1990 former territory of the FRG)","Purchasing power standard (PPS) per inhabitant","All providers of health care","Voluntary health insurance schemes","294.60"
"2009","Germany (until 1990 former territory of the FRG)","Purchasing power standard (PPS) per inhabitant","All providers of health care","Voluntary health insurance schemes","44.70"
"2010","Germany (until 1990 former territory of the FRG)","Purchasing power standard (PPS) per inhabitant","All providers of health care","Voluntary health insurance schemes","46.67"
"2011","Germany (until 1990 former territory of the FRG)","Purchasing power standard (PPS) per inhabitant","All providers of health care","Voluntary health insurance schemes","50.78"
"2012","Germany (until 1990 former territory of the FRG)","Purchasing power standard (PPS) per inhabitant","All providers of health care","Voluntary health insurance schemes","53.66"
"2013","Germany (until 1990 former territory of the FRG)","Purchasing power standard (PPS) per inhabitant","All providers of health care","Voluntary health insurance schemes","58.28"
"2014","Germany (until 1990 former territory of the FRG)","Purchasing power standard (PPS) per inhabitant","All providers of health care","Voluntary health insurance schemes","58.44"
"2015","Germany (until 1990 former territory of the FRG)","Purchasing power standard (PPS) per inhabitant","All providers of health care","Voluntary health insurance schemes","61.32"
"2016","Germany (until 1990 former territory of the FRG)","Purchasing power standard (PPS) per inhabitant","All providers of health care","Voluntary health insurance schemes","60.13"
"2017","Germany (until 1990 former territory of the FRG)","Purchasing power standard (PPS) per inhabitant","All providers of health care","Voluntary health insurance schemes","61.26"
"2018","Germany (until 1990 former territory of the FRG)","Purchasing power standard (PPS) per inhabitant","All providers of health care","Voluntary health insurance schemes",":"
"2003","Estonia","Purchasing power standard (PPS) per inhabitant","All providers of health care","Voluntary health insurance schemes","0.17"
"2004","Estonia","Purchasing power standard (PPS) per inhabitant","All providers of health care","Voluntary health insurance schemes","0.63"
"2005","Estonia","Purchasing power standard (PPS) per inhabitant","All providers of health care","Voluntary health insurance schemes","2.15"
"2006","Estonia","Purchasing power standard (PPS) per inhabitant","All providers of health care","Voluntary health insurance schemes","2.63"
"2007","Estonia","Purchasing power standard (PPS) per inhabitant","All providers of health care","Voluntary health insurance schemes","3.05"
"2008","Estonia","Purchasing power standard (PPS) per inhabitant","All providers of health care","Voluntary health insurance schemes","3.05"
"2009","Estonia","Purchasing power standard (PPS) per inhabitant","All providers of health care","Voluntary health insurance schemes","2.81"
"2010","Estonia","Purchasing power standard (PPS) per inhabitant","All providers of health care","Voluntary health insurance schemes","2.74"
"2011","Estonia","Purchasing power standard (PPS) per inhabitant","All providers of health care","Voluntary health insurance schemes","3.11"
"2012","Estonia","Purchasing power standard (PPS) per inhabitant","All providers of health care","Voluntary health insurance schemes","3.33"
"2013","Estonia","Purchasing power standard (PPS) per inhabitant","All providers of health care","Voluntary health insurance schemes","3.40"
"2014","Estonia","Purchasing power standard (PPS) per inhabitant","All providers of health care","Voluntary health insurance schemes","3.13"
"2015","Estonia","Purchasing power standard (PPS) per inhabitant","All providers of health care","Voluntary health insurance schemes","4.25"
"2016","Estonia","Purchasing power standard (PPS) per inhabitant","All providers of health care","Voluntary health insurance schemes","4.19"
"2017","Estonia","Purchasing power standard (PPS) per inhabitant","All providers of health care","Voluntary health insurance schemes","4.18"
"2018","Estonia","Purchasing power standard (PPS) per inhabitant","All providers of health care","Voluntary health insurance schemes",":"
"2003","Ireland","Purchasing power standard (PPS) per inhabitant","All providers of health care","Voluntary health insurance schemes",":"
"2004","Ireland","Purchasing power standard (PPS) per inhabitant","All providers of health care","Voluntary health insurance schemes",":"
"2005","Ireland","Purchasing power standard (PPS) per inhabitant","All providers of health care","Voluntary health insurance schemes",":"
"2006","Ireland","Purchasing power standard (PPS) per inhabitant","All providers of health care","Voluntary health insurance schemes",":"
"2007","Ireland","Purchasing power standard (PPS) per inhabitant","All providers of health care","Voluntary health insurance schemes",":"
"2008","Ireland","Purchasing power standard (PPS) per inhabitant","All providers of health care","Voluntary health insurance schemes",":"
"2009","Ireland","Purchasing power standard (PPS) per inhabitant","All providers of health care","Voluntary health insurance schemes",":"
"2010","Ireland","Purchasing power standard (PPS) per inhabitant","All providers of health care","Voluntary health insurance schemes",":"
"2011","Ireland","Purchasing power standard (PPS) per inhabitant","All providers of health care","Voluntary health insurance schemes","374.77"
"2012","Ireland","Purchasing power standard (PPS) per inhabitant","All providers of health care","Voluntary health insurance schemes","399.72"
"2013","Ireland","Purchasing power standard (PPS) per inhabitant","All providers of health care","Voluntary health insurance schemes","401.21"
"2014","Ireland","Purchasing power standard (PPS) per inhabitant","All providers of health care","Voluntary health insurance schemes","413.64"
"2015","Ireland","Purchasing power standard (PPS) per inhabitant","All providers of health care","Voluntary health insurance schemes","426.97"
"2016","Ireland","Purchasing power standard (PPS) per inhabitant","All providers of health care","Voluntary health insurance schemes","433.35"
"2017","Ireland","Purchasing power standard (PPS) per inhabitant","All providers of health care","Voluntary health insurance schemes","432.40"
"2018","Ireland","Purchasing power standard (PPS) per inhabitant","All providers of health care","Voluntary health insurance schemes","424.80"
"2003","Greece","Purchasing power standard (PPS) per inhabitant","All providers of health care","Voluntary health insurance schemes",":"
"2004","Greece","Purchasing power standard (PPS) per inhabitant","All providers of health care","Voluntary health insurance schemes",":"
"2005","Greece","Purchasing power standard (PPS) per inhabitant","All providers of health care","Voluntary health insurance schemes",":"
"2006","Greece","Purchasing power standard (PPS) per inhabitant","All providers of health care","Voluntary health insurance schemes",":"
"2007","Greece","Purchasing power standard (PPS) per inhabitant","All providers of health care","Voluntary health insurance schemes",":"
"2008","Greece","Purchasing power standard (PPS) per inhabitant","All providers of health care","Voluntary health insurance schemes",":"
"2009","Greece","Purchasing power standard (PPS) per inhabitant","All providers of health care","Voluntary health insurance schemes","41.70"
"2010","Greece","Purchasing power standard (PPS) per inhabitant","All providers of health care","Voluntary health insurance schemes","50.56"
"2011","Greece","Purchasing power standard (PPS) per inhabitant","All providers of health care","Voluntary health insurance schemes","50.70"
"2012","Greece","Purchasing power standard (PPS) per inhabitant","All providers of health care","Voluntary health insurance schemes","51.80"
"2013","Greece","Purchasing power standard (PPS) per inhabitant","All providers of health care","Voluntary health insurance schemes","51.43"
"2014","Greece","Purchasing power standard (PPS) per inhabitant","All providers of health care","Voluntary health insurance schemes","58.65"
"2015","Greece","Purchasing power standard (PPS) per inhabitant","All providers of health care","Voluntary health insurance schemes","61.77"
"2016","Greece","Purchasing power standard (PPS) per inhabitant","All providers of health care","Voluntary health insurance schemes","64.21"
"2017","Greece","Purchasing power standard (PPS) per inhabitant","All providers of health care","Voluntary health insurance schemes","65.07"
"2018","Greece","Purchasing power standard (PPS) per inhabitant","All providers of health care","Voluntary health insurance schemes","72.00"
"2003","Spain","Purchasing power standard (PPS) per inhabitant","All providers of health care","Voluntary health insurance schemes","88.29"
"2004","Spain","Purchasing power standard (PPS) per inhabitant","All providers of health care","Voluntary health insurance schemes","91.94"
"2005","Spain","Purchasing power standard (PPS) per inhabitant","All providers of health care","Voluntary health insurance schemes","99.47"
"2006","Spain","Purchasing power standard (PPS) per inhabitant","All providers of health care","Voluntary health insurance schemes","109.76"
"2007","Spain","Purchasing power standard (PPS) per inhabitant","All providers of health care","Voluntary health insurance schemes","113.77"
"2008","Spain","Purchasing power standard (PPS) per inhabitant","All providers of health care","Voluntary health insurance schemes","106.36"
"2009","Spain","Purchasing power standard (PPS) per inhabitant","All providers of health care","Voluntary health insurance schemes","102.49"
"2010","Spain","Purchasing power standard (PPS) per inhabitant","All providers of health care","Voluntary health insurance schemes","87.78"
"2011","Spain","Purchasing power standard (PPS) per inhabitant","All providers of health care","Voluntary health insurance schemes","101.23"
"2012","Spain","Purchasing power standard (PPS) per inhabitant","All providers of health care","Voluntary health insurance schemes","97.31"
"2013","Spain","Purchasing power standard (PPS) per inhabitant","All providers of health care","Voluntary health insurance schemes","97.04"
"2014","Spain","Purchasing power standard (PPS) per inhabitant","All providers of health care","Voluntary health insurance schemes","105.99"
"2015","Spain","Purchasing power standard (PPS) per inhabitant","All providers of health care","Voluntary health insurance schemes","109.36"
"2016","Spain","Purchasing power standard (PPS) per inhabitant","All providers of health care","Voluntary health insurance schemes","107.54"
"2017","Spain","Purchasing power standard (PPS) per inhabitant","All providers of health care","Voluntary health insurance schemes","129.05"
"2018","Spain","Purchasing power standard (PPS) per inhabitant","All providers of health care","Voluntary health insurance schemes",":"
"2003","France","Purchasing power standard (PPS) per inhabitant","All providers of health care","Voluntary health insurance schemes",":"
"2004","France","Purchasing power standard (PPS) per inhabitant","All providers of health care","Voluntary health insurance schemes",":"
"2005","France","Purchasing power standard (PPS) per inhabitant","All providers of health care","Voluntary health insurance schemes",":"
"2006","France","Purchasing power standard (PPS) per inhabitant","All providers of health care","Voluntary health insurance schemes","363.31"
"2007","France","Purchasing power standard (PPS) per inhabitant","All providers of health care","Voluntary health insurance schemes","379.02"
"2008","France","Purchasing power standard (PPS) per inhabitant","All providers of health care","Voluntary health insurance schemes","381.76"
"2009","France","Purchasing power standard (PPS) per inhabitant","All providers of health care","Voluntary health insurance schemes","385.40"
"2010","France","Purchasing power standard (PPS) per inhabitant","All providers of health care","Voluntary health insurance schemes","403.87"
"2011","France","Purchasing power standard (PPS) per inhabitant","All providers of health care","Voluntary health insurance schemes","422.23"
"2012","France","Purchasing power standard (PPS) per inhabitant","All providers of health care","Voluntary health insurance schemes","436.48"
"2013","France","Purchasing power standard (PPS) per inhabitant","All providers of health care","Voluntary health insurance schemes","452.27"
"2014","France","Purchasing power standard (PPS) per inhabitant","All providers of health care","Voluntary health insurance schemes","459.94"
"2015","France","Purchasing power standard (PPS) per inhabitant","All providers of health care","Voluntary health insurance schemes","475.08"
"2016","France","Purchasing power standard (PPS) per inhabitant","All providers of health care","Voluntary health insurance schemes","246.40"
"2017","France","Purchasing power standard (PPS) per inhabitant","All providers of health care","Voluntary health insurance schemes","239.64"
"2018","France","Purchasing power standard (PPS) per inhabitant","All providers of health care","Voluntary health insurance schemes","240.78"
"2003","Croatia","Purchasing power standard (PPS) per inhabitant","All providers of health care","Voluntary health insurance schemes",":"
"2004","Croatia","Purchasing power standard (PPS) per inhabitant","All providers of health care","Voluntary health insurance schemes",":"
"2005","Croatia","Purchasing power standard (PPS) per inhabitant","All providers of health care","Voluntary health insurance schemes",":"
"2006","Croatia","Purchasing power standard (PPS) per inhabitant","All providers of health care","Voluntary health insurance schemes",":"
"2007","Croatia","Purchasing power standard (PPS) per inhabitant","All providers of health care","Voluntary health insurance schemes",":"
"2008","Croatia","Purchasing power standard (PPS) per inhabitant","All providers of health care","Voluntary health insurance schemes",":"
"2009","Croatia","Purchasing power standard (PPS) per inhabitant","All providers of health care","Voluntary health insurance schemes",":"
"2010","Croatia","Purchasing power standard (PPS) per inhabitant","All providers of health care","Voluntary health insurance schemes",":"
"2011","Croatia","Purchasing power standard (PPS) per inhabitant","All providers of health care","Voluntary health insurance schemes",":"
"2012","Croatia","Purchasing power standard (PPS) per inhabitant","All providers of health care","Voluntary health insurance schemes",":"
"2013","Croatia","Purchasing power standard (PPS) per inhabitant","All providers of health care","Voluntary health insurance schemes","65.56"
"2014","Croatia","Purchasing power standard (PPS) per inhabitant","All providers of health care","Voluntary health insurance schemes","63.57"
"2015","Croatia","Purchasing power standard (PPS) per inhabitant","All providers of health care","Voluntary health insurance schemes","75.89"
"2016","Croatia","Purchasing power standard (PPS) per inhabitant","All providers of health care","Voluntary health insurance schemes","80.20"
"2017","Croatia","Purchasing power standard (PPS) per inhabitant","All providers of health care","Voluntary health insurance schemes","82.45"
"2018","Croatia","Purchasing power standard (PPS) per inhabitant","All providers of health care","Voluntary health insurance schemes","89.65"
"2003","Italy","Purchasing power standard (PPS) per inhabitant","All providers of health care","Voluntary health insurance schemes",":"
"2004","Italy","Purchasing power standard (PPS) per inhabitant","All providers of health care","Voluntary health insurance schemes",":"
"2005","Italy","Purchasing power standard (PPS) per inhabitant","All providers of health care","Voluntary health insurance schemes",":"
"2006","Italy","Purchasing power standard (PPS) per inhabitant","All providers of health care","Voluntary health insurance schemes",":"
"2007","Italy","Purchasing power standard (PPS) per inhabitant","All providers of health care","Voluntary health insurance schemes",":"
"2008","Italy","Purchasing power standard (PPS) per inhabitant","All providers of health care","Voluntary health insurance schemes",":"
"2009","Italy","Purchasing power standard (PPS) per inhabitant","All providers of health care","Voluntary health insurance schemes",":"
"2010","Italy","Purchasing power standard (PPS) per inhabitant","All providers of health care","Voluntary health insurance schemes",":"
"2011","Italy","Purchasing power standard (PPS) per inhabitant","All providers of health care","Voluntary health insurance schemes",":"
"2012","Italy","Purchasing power standard (PPS) per inhabitant","All providers of health care","Voluntary health insurance schemes","37.74"
"2013","Italy","Purchasing power standard (PPS) per inhabitant","All providers of health care","Voluntary health insurance schemes","35.39"
"2014","Italy","Purchasing power standard (PPS) per inhabitant","All providers of health care","Voluntary health insurance schemes","34.61"
"2015","Italy","Purchasing power standard (PPS) per inhabitant","All providers of health care","Voluntary health insurance schemes","36.97"
"2016","Italy","Purchasing power standard (PPS) per inhabitant","All providers of health care","Voluntary health insurance schemes","40.79"
"2017","Italy","Purchasing power standard (PPS) per inhabitant","All providers of health care","Voluntary health insurance schemes","44.62"
"2018","Italy","Purchasing power standard (PPS) per inhabitant","All providers of health care","Voluntary health insurance schemes","48.02"
"2003","Cyprus","Purchasing power standard (PPS) per inhabitant","All providers of health care","Voluntary health insurance schemes",":"
"2004","Cyprus","Purchasing power standard (PPS) per inhabitant","All providers of health care","Voluntary health insurance schemes",":"
"2005","Cyprus","Purchasing power standard (PPS) per inhabitant","All providers of health care","Voluntary health insurance schemes",":"
"2006","Cyprus","Purchasing power standard (PPS) per inhabitant","All providers of health care","Voluntary health insurance schemes",":"
"2007","Cyprus","Purchasing power standard (PPS) per inhabitant","All providers of health care","Voluntary health insurance schemes",":"
"2008","Cyprus","Purchasing power standard (PPS) per inhabitant","All providers of health care","Voluntary health insurance schemes",":"
"2009","Cyprus","Purchasing power standard (PPS) per inhabitant","All providers of health care","Voluntary health insurance schemes",":"
"2010","Cyprus","Purchasing power standard (PPS) per inhabitant","All providers of health care","Voluntary health insurance schemes","147.67"
"2011","Cyprus","Purchasing power standard (PPS) per inhabitant","All providers of health care","Voluntary health insurance schemes","149.18"
"2012","Cyprus","Purchasing power standard (PPS) per inhabitant","All providers of health care","Voluntary health insurance schemes","152.03"
"2013","Cyprus","Purchasing power standard (PPS) per inhabitant","All providers of health care","Voluntary health insurance schemes","152.33"
"2014","Cyprus","Purchasing power standard (PPS) per inhabitant","All providers of health care","Voluntary health insurance schemes","165.62"
"2015","Cyprus","Purchasing power standard (PPS) per inhabitant","All providers of health care","Voluntary health insurance schemes","196.21"
"2016","Cyprus","Purchasing power standard (PPS) per inhabitant","All providers of health care","Voluntary health insurance schemes","202.78"
"2017","Cyprus","Purchasing power standard (PPS) per inhabitant","All providers of health care","Voluntary health insurance schemes","211.11"
"2018","Cyprus","Purchasing power standard (PPS) per inhabitant","All providers of health care","Voluntary health insurance schemes","208.31"
"2003","Latvia","Purchasing power standard (PPS) per inhabitant","All providers of health care","Voluntary health insurance schemes",":"
"2004","Latvia","Purchasing power standard (PPS) per inhabitant","All providers of health care","Voluntary health insurance schemes",":"
"2005","Latvia","Purchasing power standard (PPS) per inhabitant","All providers of health care","Voluntary health insurance schemes",":"
"2006","Latvia","Purchasing power standard (PPS) per inhabitant","All providers of health care","Voluntary health insurance schemes",":"
"2007","Latvia","Purchasing power standard (PPS) per inhabitant","All providers of health care","Voluntary health insurance schemes",":"
"2008","Latvia","Purchasing power standard (PPS) per inhabitant","All providers of health care","Voluntary health insurance schemes",":"
"2009","Latvia","Purchasing power standard (PPS) per inhabitant","All providers of health care","Voluntary health insurance schemes",":"
"2010","Latvia","Purchasing power standard (PPS) per inhabitant","All providers of health care","Voluntary health insurance schemes",":"
"2011","Latvia","Purchasing power standard (PPS) per inhabitant","All providers of health care","Voluntary health insurance schemes",":"
"2012","Latvia","Purchasing power standard (PPS) per inhabitant","All providers of health care","Voluntary health insurance schemes",":"
"2013","Latvia","Purchasing power standard (PPS) per inhabitant","All providers of health care","Voluntary health insurance schemes","12.38"
"2014","Latvia","Purchasing power standard (PPS) per inhabitant","All providers of health care","Voluntary health insurance schemes","8.65"
"2015","Latvia","Purchasing power standard (PPS) per inhabitant","All providers of health care","Voluntary health insurance schemes","8.86"
"2016","Latvia","Purchasing power standard (PPS) per inhabitant","All providers of health care","Voluntary health insurance schemes","7.52"
"2017","Latvia","Purchasing power standard (PPS) per inhabitant","All providers of health care","Voluntary health insurance schemes","7.37"
"2018","Latvia","Purchasing power standard (PPS) per inhabitant","All providers of health care","Voluntary health insurance schemes",":"
"2003","Lithuania","Purchasing power standard (PPS) per inhabitant","All providers of health care","Voluntary health insurance schemes",":"
"2004","Lithuania","Purchasing power standard (PPS) per inhabitant","All providers of health care","Voluntary health insurance schemes",":"
"2005","Lithuania","Purchasing power standard (PPS) per inhabitant","All providers of health care","Voluntary health insurance schemes",":"
"2006","Lithuania","Purchasing power standard (PPS) per inhabitant","All providers of health care","Voluntary health insurance schemes","3.56"
"2007","Lithuania","Purchasing power standard (PPS) per inhabitant","All providers of health care","Voluntary health insurance schemes","4.03"
"2008","Lithuania","Purchasing power standard (PPS) per inhabitant","All providers of health care","Voluntary health insurance schemes","5.63"
"2009","Lithuania","Purchasing power standard (PPS) per inhabitant","All providers of health care","Voluntary health insurance schemes","6.82"
"2010","Lithuania","Purchasing power standard (PPS) per inhabitant","All providers of health care","Voluntary health insurance schemes","6.10"
"2011","Lithuania","Purchasing power standard (PPS) per inhabitant","All providers of health care","Voluntary health insurance schemes","7.31"
"2012","Lithuania","Purchasing power standard (PPS) per inhabitant","All providers of health care","Voluntary health insurance schemes","9.20"
"2013","Lithuania","Purchasing power standard (PPS) per inhabitant","All providers of health care","Voluntary health insurance schemes","10.29"
"2014","Lithuania","Purchasing power standard (PPS) per inhabitant","All providers of health care","Voluntary health insurance schemes","11.26"
"2015","Lithuania","Purchasing power standard (PPS) per inhabitant","All providers of health care","Voluntary health insurance schemes","13.35"
"2016","Lithuania","Purchasing power standard (PPS) per inhabitant","All providers of health care","Voluntary health insurance schemes","15.33"
"2017","Lithuania","Purchasing power standard (PPS) per inhabitant","All providers of health care","Voluntary health insurance schemes","17.98"
"2018","Lithuania","Purchasing power standard (PPS) per inhabitant","All providers of health care","Voluntary health insurance schemes","20.99"
"2003","Luxembourg","Purchasing power standard (PPS) per inhabitant","All providers of health care","Voluntary health insurance schemes",":"
"2004","Luxembourg","Purchasing power standard (PPS) per inhabitant","All providers of health care","Voluntary health insurance schemes",":"
"2005","Luxembourg","Purchasing power standard (PPS) per inhabitant","All providers of health care","Voluntary health insurance schemes",":"
"2006","Luxembourg","Purchasing power standard (PPS) per inhabitant","All providers of health care","Voluntary health insurance schemes",":"
"2007","Luxembourg","Purchasing power standard (PPS) per inhabitant","All providers of health care","Voluntary health insurance schemes",":"
"2008","Luxembourg","Purchasing power standard (PPS) per inhabitant","All providers of health care","Voluntary health insurance schemes",":"
"2009","Luxembourg","Purchasing power standard (PPS) per inhabitant","All providers of health care","Voluntary health insurance schemes",":"
"2010","Luxembourg","Purchasing power standard (PPS) per inhabitant","All providers of health care","Voluntary health insurance schemes",":"
"2011","Luxembourg","Purchasing power standard (PPS) per inhabitant","All providers of health care","Voluntary health insurance schemes","174.67"
"2012","Luxembourg","Purchasing power standard (PPS) per inhabitant","All providers of health care","Voluntary health insurance schemes","111.70"
"2013","Luxembourg","Purchasing power standard (PPS) per inhabitant","All providers of health care","Voluntary health insurance schemes","117.70"
"2014","Luxembourg","Purchasing power standard (PPS) per inhabitant","All providers of health care","Voluntary health insurance schemes","112.72"
"2015","Luxembourg","Purchasing power standard (PPS) per inhabitant","All providers of health care","Voluntary health insurance schemes","119.78"
"2016","Luxembourg","Purchasing power standard (PPS) per inhabitant","All providers of health care","Voluntary health insurance schemes","122.12"
"2017","Luxembourg","Purchasing power standard (PPS) per inhabitant","All providers of health care","Voluntary health insurance schemes","110.90"
"2018","Luxembourg","Purchasing power standard (PPS) per inhabitant","All providers of health care","Voluntary health insurance schemes","116.71"
"2003","Hungary","Purchasing power standard (PPS) per inhabitant","All providers of health care","Voluntary health insurance schemes",":"
"2004","Hungary","Purchasing power standard (PPS) per inhabitant","All providers of health care","Voluntary health insurance schemes",":"
"2005","Hungary","Purchasing power standard (PPS) per inhabitant","All providers of health care","Voluntary health insurance schemes",":"
"2006","Hungary","Purchasing power standard (PPS) per inhabitant","All providers of health care","Voluntary health insurance schemes","19.89"
"2007","Hungary","Purchasing power standard (PPS) per inhabitant","All providers of health care","Voluntary health insurance schemes","24.95"
"2008","Hungary","Purchasing power standard (PPS) per inhabitant","All providers of health care","Voluntary health insurance schemes","26.06"
"2009","Hungary","Purchasing power standard (PPS) per inhabitant","All providers of health care","Voluntary health insurance schemes","32.64"
"2010","Hungary","Purchasing power standard (PPS) per inhabitant","All providers of health care","Voluntary health insurance schemes","36.59"
"2011","Hungary","Purchasing power standard (PPS) per inhabitant","All providers of health care","Voluntary health insurance schemes","36.36"
"2012","Hungary","Purchasing power standard (PPS) per inhabitant","All providers of health care","Voluntary health insurance schemes","37.46"
"2013","Hungary","Purchasing power standard (PPS) per inhabitant","All providers of health care","Voluntary health insurance schemes","37.63"
"2014","Hungary","Purchasing power standard (PPS) per inhabitant","All providers of health care","Voluntary health insurance schemes","36.36"
"2015","Hungary","Purchasing power standard (PPS) per inhabitant","All providers of health care","Voluntary health insurance schemes","34.56"
"2016","Hungary","Purchasing power standard (PPS) per inhabitant","All providers of health care","Voluntary health insurance schemes","33.21"
"2017","Hungary","Purchasing power standard (PPS) per inhabitant","All providers of health care","Voluntary health insurance schemes","29.53"
"2018","Hungary","Purchasing power standard (PPS) per inhabitant","All providers of health care","Voluntary health insurance schemes","29.34"
"2003","Malta","Purchasing power standard (PPS) per inhabitant","All providers of health care","Voluntary health insurance schemes",":"
"2004","Malta","Purchasing power standard (PPS) per inhabitant","All providers of health care","Voluntary health insurance schemes",":"
"2005","Malta","Purchasing power standard (PPS) per inhabitant","All providers of health care","Voluntary health insurance schemes",":"
"2006","Malta","Purchasing power standard (PPS) per inhabitant","All providers of health care","Voluntary health insurance schemes",":"
"2007","Malta","Purchasing power standard (PPS) per inhabitant","All providers of health care","Voluntary health insurance schemes",":"
"2008","Malta","Purchasing power standard (PPS) per inhabitant","All providers of health care","Voluntary health insurance schemes",":"
"2009","Malta","Purchasing power standard (PPS) per inhabitant","All providers of health care","Voluntary health insurance schemes",":"
"2010","Malta","Purchasing power standard (PPS) per inhabitant","All providers of health care","Voluntary health insurance schemes",":"
"2011","Malta","Purchasing power standard (PPS) per inhabitant","All providers of health care","Voluntary health insurance schemes",":"
"2012","Malta","Purchasing power standard (PPS) per inhabitant","All providers of health care","Voluntary health insurance schemes",":"
"2013","Malta","Purchasing power standard (PPS) per inhabitant","All providers of health care","Voluntary health insurance schemes",":"
"2014","Malta","Purchasing power standard (PPS) per inhabitant","All providers of health care","Voluntary health insurance schemes","43.55"
"2015","Malta","Purchasing power standard (PPS) per inhabitant","All providers of health care","Voluntary health insurance schemes","49.04"
"2016","Malta","Purchasing power standard (PPS) per inhabitant","All providers of health care","Voluntary health insurance schemes","46.77"
"2017","Malta","Purchasing power standard (PPS) per inhabitant","All providers of health care","Voluntary health insurance schemes","51.07"
"2018","Malta","Purchasing power standard (PPS) per inhabitant","All providers of health care","Voluntary health insurance schemes",":"
"2003","Netherlands","Purchasing power standard (PPS) per inhabitant","All providers of health care","Voluntary health insurance schemes","495.00"
"2004","Netherlands","Purchasing power standard (PPS) per inhabitant","All providers of health care","Voluntary health insurance schemes","556.98"
"2005","Netherlands","Purchasing power standard (PPS) per inhabitant","All providers of health care","Voluntary health insurance schemes","594.75"
"2006","Netherlands","Purchasing power standard (PPS) per inhabitant","All providers of health care","Voluntary health insurance schemes","203.75"
"2007","Netherlands","Purchasing power standard (PPS) per inhabitant","All providers of health care","Voluntary health insurance schemes","219.94"
"2008","Netherlands","Purchasing power standard (PPS) per inhabitant","All providers of health care","Voluntary health insurance schemes","213.98"
"2009","Netherlands","Purchasing power standard (PPS) per inhabitant","All providers of health care","Voluntary health insurance schemes","219.84"
"2010","Netherlands","Purchasing power standard (PPS) per inhabitant","All providers of health care","Voluntary health insurance schemes","213.62"
"2011","Netherlands","Purchasing power standard (PPS) per inhabitant","All providers of health care","Voluntary health insurance schemes","230.61"
"2012","Netherlands","Purchasing power standard (PPS) per inhabitant","All providers of health care","Voluntary health insurance schemes","238.84"
"2013","Netherlands","Purchasing power standard (PPS) per inhabitant","All providers of health care","Voluntary health insurance schemes","226.14"
"2014","Netherlands","Purchasing power standard (PPS) per inhabitant","All providers of health care","Voluntary health insurance schemes","228.12"
"2015","Netherlands","Purchasing power standard (PPS) per inhabitant","All providers of health care","Voluntary health insurance schemes","227.71"
"2016","Netherlands","Purchasing power standard (PPS) per inhabitant","All providers of health care","Voluntary health insurance schemes","230.42"
"2017","Netherlands","Purchasing power standard (PPS) per inhabitant","All providers of health care","Voluntary health insurance schemes","222.79"
"2018","Netherlands","Purchasing power standard (PPS) per inhabitant","All providers of health care","Voluntary health insurance schemes","220.63"
"2003","Austria","Purchasing power standard (PPS) per inhabitant","All providers of health care","Voluntary health insurance schemes",":"
"2004","Austria","Purchasing power standard (PPS) per inhabitant","All providers of health care","Voluntary health insurance schemes","159.43"
"2005","Austria","Purchasing power standard (PPS) per inhabitant","All providers of health care","Voluntary health insurance schemes","152.26"
"2006","Austria","Purchasing power standard (PPS) per inhabitant","All providers of health care","Voluntary health insurance schemes","154.20"
"2007","Austria","Purchasing power standard (PPS) per inhabitant","All providers of health care","Voluntary health insurance schemes","156.91"
"2008","Austria","Purchasing power standard (PPS) per inhabitant","All providers of health care","Voluntary health insurance schemes","158.86"
"2009","Austria","Purchasing power standard (PPS) per inhabitant","All providers of health care","Voluntary health insurance schemes","158.75"
"2010","Austria","Purchasing power standard (PPS) per inhabitant","All providers of health care","Voluntary health insurance schemes","162.20"
"2011","Austria","Purchasing power standard (PPS) per inhabitant","All providers of health care","Voluntary health insurance schemes","165.80"
"2012","Austria","Purchasing power standard (PPS) per inhabitant","All providers of health care","Voluntary health insurance schemes","175.08"
"2013","Austria","Purchasing power standard (PPS) per inhabitant","All providers of health care","Voluntary health insurance schemes","183.59"
"2014","Austria","Purchasing power standard (PPS) per inhabitant","All providers of health care","Voluntary health insurance schemes","190.19"
"2015","Austria","Purchasing power standard (PPS) per inhabitant","All providers of health care","Voluntary health insurance schemes","195.67"
"2016","Austria","Purchasing power standard (PPS) per inhabitant","All providers of health care","Voluntary health insurance schemes","195.98"
"2017","Austria","Purchasing power standard (PPS) per inhabitant","All providers of health care","Voluntary health insurance schemes","197.72"
"2018","Austria","Purchasing power standard (PPS) per inhabitant","All providers of health care","Voluntary health insurance schemes","204.10"
"2003","Poland","Purchasing power standard (PPS) per inhabitant","All providers of health care","Voluntary health insurance schemes",":"
"2004","Poland","Purchasing power standard (PPS) per inhabitant","All providers of health care","Voluntary health insurance schemes",":"
"2005","Poland","Purchasing power standard (PPS) per inhabitant","All providers of health care","Voluntary health insurance schemes",":"
"2006","Poland","Purchasing power standard (PPS) per inhabitant","All providers of health care","Voluntary health insurance schemes",":"
"2007","Poland","Purchasing power standard (PPS) per inhabitant","All providers of health care","Voluntary health insurance schemes",":"
"2008","Poland","Purchasing power standard (PPS) per inhabitant","All providers of health care","Voluntary health insurance schemes",":"
"2009","Poland","Purchasing power standard (PPS) per inhabitant","All providers of health care","Voluntary health insurance schemes",":"
"2010","Poland","Purchasing power standard (PPS) per inhabitant","All providers of health care","Voluntary health insurance schemes",":"
"2011","Poland","Purchasing power standard (PPS) per inhabitant","All providers of health care","Voluntary health insurance schemes",":"
"2012","Poland","Purchasing power standard (PPS) per inhabitant","All providers of health care","Voluntary health insurance schemes",":"
"2013","Poland","Purchasing power standard (PPS) per inhabitant","All providers of health care","Voluntary health insurance schemes","50.61"
"2014","Poland","Purchasing power standard (PPS) per inhabitant","All providers of health care","Voluntary health insurance schemes","58.25"
"2015","Poland","Purchasing power standard (PPS) per inhabitant","All providers of health care","Voluntary health insurance schemes","70.63"
"2016","Poland","Purchasing power standard (PPS) per inhabitant","All providers of health care","Voluntary health insurance schemes","77.78"
"2017","Poland","Purchasing power standard (PPS) per inhabitant","All providers of health care","Voluntary health insurance schemes",":"
"2018","Poland","Purchasing power standard (PPS) per inhabitant","All providers of health care","Voluntary health insurance schemes",":"
"2003","Portugal","Purchasing power standard (PPS) per inhabitant","All providers of health care","Voluntary health insurance schemes","74.76"
"2004","Portugal","Purchasing power standard (PPS) per inhabitant","All providers of health care","Voluntary health insurance schemes","84.01"
"2005","Portugal","Purchasing power standard (PPS) per inhabitant","All providers of health care","Voluntary health insurance schemes","81.65"
"2006","Portugal","Purchasing power standard (PPS) per inhabitant","All providers of health care","Voluntary health insurance schemes","88.81"
"2007","Portugal","Purchasing power standard (PPS) per inhabitant","All providers of health care","Voluntary health insurance schemes","89.25"
"2008","Portugal","Purchasing power standard (PPS) per inhabitant","All providers of health care","Voluntary health insurance schemes","93.27"
"2009","Portugal","Purchasing power standard (PPS) per inhabitant","All providers of health care","Voluntary health insurance schemes","88.30"
"2010","Portugal","Purchasing power standard (PPS) per inhabitant","All providers of health care","Voluntary health insurance schemes","92.98"
"2011","Portugal","Purchasing power standard (PPS) per inhabitant","All providers of health care","Voluntary health insurance schemes","93.85"
"2012","Portugal","Purchasing power standard (PPS) per inhabitant","All providers of health care","Voluntary health insurance schemes","95.66"
"2013","Portugal","Purchasing power standard (PPS) per inhabitant","All providers of health care","Voluntary health insurance schemes","95.45"
"2014","Portugal","Purchasing power standard (PPS) per inhabitant","All providers of health care","Voluntary health insurance schemes","99.89"
"2015","Portugal","Purchasing power standard (PPS) per inhabitant","All providers of health care","Voluntary health insurance schemes","102.81"
"2016","Portugal","Purchasing power standard (PPS) per inhabitant","All providers of health care","Voluntary health insurance schemes","100.02"
"2017","Portugal","Purchasing power standard (PPS) per inhabitant","All providers of health care","Voluntary health insurance schemes","106.10"
"2018","Portugal","Purchasing power standard (PPS) per inhabitant","All providers of health care","Voluntary health insurance schemes",":"
"2003","Romania","Purchasing power standard (PPS) per inhabitant","All providers of health care","Voluntary health insurance schemes",":"
"2004","Romania","Purchasing power standard (PPS) per inhabitant","All providers of health care","Voluntary health insurance schemes",":"
"2005","Romania","Purchasing power standard (PPS) per inhabitant","All providers of health care","Voluntary health insurance schemes",":"
"2006","Romania","Purchasing power standard (PPS) per inhabitant","All providers of health care","Voluntary health insurance schemes",":"
"2007","Romania","Purchasing power standard (PPS) per inhabitant","All providers of health care","Voluntary health insurance schemes",":"
"2008","Romania","Purchasing power standard (PPS) per inhabitant","All providers of health care","Voluntary health insurance schemes",":"
"2009","Romania","Purchasing power standard (PPS) per inhabitant","All providers of health care","Voluntary health insurance schemes",":"
"2010","Romania","Purchasing power standard (PPS) per inhabitant","All providers of health care","Voluntary health insurance schemes",":"
"2011","Romania","Purchasing power standard (PPS) per inhabitant","All providers of health care","Voluntary health insurance schemes","1.00"
"2012","Romania","Purchasing power standard (PPS) per inhabitant","All providers of health care","Voluntary health insurance schemes","1.49"
"2013","Romania","Purchasing power standard (PPS) per inhabitant","All providers of health care","Voluntary health insurance schemes","1.44"
"2014","Romania","Purchasing power standard (PPS) per inhabitant","All providers of health care","Voluntary health insurance schemes","1.86"
"2015","Romania","Purchasing power standard (PPS) per inhabitant","All providers of health care","Voluntary health insurance schemes","2.38"
"2016","Romania","Purchasing power standard (PPS) per inhabitant","All providers of health care","Voluntary health insurance schemes","4.38"
"2017","Romania","Purchasing power standard (PPS) per inhabitant","All providers of health care","Voluntary health insurance schemes","5.64"
"2018","Romania","Purchasing power standard (PPS) per inhabitant","All providers of health care","Voluntary health insurance schemes","6.60"
"2003","Slovenia","Purchasing power standard (PPS) per inhabitant","All providers of health care","Voluntary health insurance schemes",":"
"2004","Slovenia","Purchasing power standard (PPS) per inhabitant","All providers of health care","Voluntary health insurance schemes",":"
"2005","Slovenia","Purchasing power standard (PPS) per inhabitant","All providers of health care","Voluntary health insurance schemes",":"
"2006","Slovenia","Purchasing power standard (PPS) per inhabitant","All providers of health care","Voluntary health insurance schemes",":"
"2007","Slovenia","Purchasing power standard (PPS) per inhabitant","All providers of health care","Voluntary health insurance schemes",":"
"2008","Slovenia","Purchasing power standard (PPS) per inhabitant","All providers of health care","Voluntary health insurance schemes",":"
"2009","Slovenia","Purchasing power standard (PPS) per inhabitant","All providers of health care","Voluntary health insurance schemes",":"
"2010","Slovenia","Purchasing power standard (PPS) per inhabitant","All providers of health care","Voluntary health insurance schemes",":"
"2011","Slovenia","Purchasing power standard (PPS) per inhabitant","All providers of health care","Voluntary health insurance schemes",":"
"2012","Slovenia","Purchasing power standard (PPS) per inhabitant","All providers of health care","Voluntary health insurance schemes",":"
"2013","Slovenia","Purchasing power standard (PPS) per inhabitant","All providers of health care","Voluntary health insurance schemes",":"
"2014","Slovenia","Purchasing power standard (PPS) per inhabitant","All providers of health care","Voluntary health insurance schemes","280.72"
"2015","Slovenia","Purchasing power standard (PPS) per inhabitant","All providers of health care","Voluntary health insurance schemes","290.15"
"2016","Slovenia","Purchasing power standard (PPS) per inhabitant","All providers of health care","Voluntary health insurance schemes","282.54"
"2017","Slovenia","Purchasing power standard (PPS) per inhabitant","All providers of health care","Voluntary health insurance schemes","293.53"
"2018","Slovenia","Purchasing power standard (PPS) per inhabitant","All providers of health care","Voluntary health insurance schemes",":"
"2003","Slovakia","Purchasing power standard (PPS) per inhabitant","All providers of health care","Voluntary health insurance schemes",":"
"2004","Slovakia","Purchasing power standard (PPS) per inhabitant","All providers of health care","Voluntary health insurance schemes",":"
"2005","Slovakia","Purchasing power standard (PPS) per inhabitant","All providers of health care","Voluntary health insurance schemes",":"
"2006","Slovakia","Purchasing power standard (PPS) per inhabitant","All providers of health care","Voluntary health insurance schemes",":"
"2007","Slovakia","Purchasing power standard (PPS) per inhabitant","All providers of health care","Voluntary health insurance schemes",":"
"2008","Slovakia","Purchasing power standard (PPS) per inhabitant","All providers of health care","Voluntary health insurance schemes",":"
"2009","Slovakia","Purchasing power standard (PPS) per inhabitant","All providers of health care","Voluntary health insurance schemes",":"
"2010","Slovakia","Purchasing power standard (PPS) per inhabitant","All providers of health care","Voluntary health insurance schemes",":"
"2011","Slovakia","Purchasing power standard (PPS) per inhabitant","All providers of health care","Voluntary health insurance schemes",":"
"2012","Slovakia","Purchasing power standard (PPS) per inhabitant","All providers of health care","Voluntary health insurance schemes",":"
"2013","Slovakia","Purchasing power standard (PPS) per inhabitant","All providers of health care","Voluntary health insurance schemes",":"
"2014","Slovakia","Purchasing power standard (PPS) per inhabitant","All providers of health care","Voluntary health insurance schemes",":"
"2015","Slovakia","Purchasing power standard (PPS) per inhabitant","All providers of health care","Voluntary health insurance schemes",":"
"2016","Slovakia","Purchasing power standard (PPS) per inhabitant","All providers of health care","Voluntary health insurance schemes",":"
"2017","Slovakia","Purchasing power standard (PPS) per inhabitant","All providers of health care","Voluntary health insurance schemes",":"
"2018","Slovakia","Purchasing power standard (PPS) per inhabitant","All providers of health care","Voluntary health insurance schemes",":"
"2003","Finland","Purchasing power standard (PPS) per inhabitant","All providers of health care","Voluntary health insurance schemes","29.24"
"2004","Finland","Purchasing power standard (PPS) per inhabitant","All providers of health care","Voluntary health insurance schemes","30.55"
"2005","Finland","Purchasing power standard (PPS) per inhabitant","All providers of health care","Voluntary health insurance schemes","31.15"
"2006","Finland","Purchasing power standard (PPS) per inhabitant","All providers of health care","Voluntary health insurance schemes","32.10"
"2007","Finland","Purchasing power standard (PPS) per inhabitant","All providers of health care","Voluntary health insurance schemes","31.20"
"2008","Finland","Purchasing power standard (PPS) per inhabitant","All providers of health care","Voluntary health insurance schemes","36.50"
"2009","Finland","Purchasing power standard (PPS) per inhabitant","All providers of health care","Voluntary health insurance schemes","38.19"
"2010","Finland","Purchasing power standard (PPS) per inhabitant","All providers of health care","Voluntary health insurance schemes","39.50"
"2011","Finland","Purchasing power standard (PPS) per inhabitant","All providers of health care","Voluntary health insurance schemes","43.06"
"2012","Finland","Purchasing power standard (PPS) per inhabitant","All providers of health care","Voluntary health insurance schemes","47.29"
"2013","Finland","Purchasing power standard (PPS) per inhabitant","All providers of health care","Voluntary health insurance schemes","47.33"
"2014","Finland","Purchasing power standard (PPS) per inhabitant","All providers of health care","Voluntary health insurance schemes","50.90"
"2015","Finland","Purchasing power standard (PPS) per inhabitant","All providers of health care","Voluntary health insurance schemes","45.46"
"2016","Finland","Purchasing power standard (PPS) per inhabitant","All providers of health care","Voluntary health insurance schemes","53.77"
"2017","Finland","Purchasing power standard (PPS) per inhabitant","All providers of health care","Voluntary health insurance schemes","56.19"
"2018","Finland","Purchasing power standard (PPS) per inhabitant","All providers of health care","Voluntary health insurance schemes",":"
"2003","Sweden","Purchasing power standard (PPS) per inhabitant","All providers of health care","Voluntary health insurance schemes",":"
"2004","Sweden","Purchasing power standard (PPS) per inhabitant","All providers of health care","Voluntary health insurance schemes",":"
"2005","Sweden","Purchasing power standard (PPS) per inhabitant","All providers of health care","Voluntary health insurance schemes",":"
"2006","Sweden","Purchasing power standard (PPS) per inhabitant","All providers of health care","Voluntary health insurance schemes",":"
"2007","Sweden","Purchasing power standard (PPS) per inhabitant","All providers of health care","Voluntary health insurance schemes",":"
"2008","Sweden","Purchasing power standard (PPS) per inhabitant","All providers of health care","Voluntary health insurance schemes",":"
"2009","Sweden","Purchasing power standard (PPS) per inhabitant","All providers of health care","Voluntary health insurance schemes",":"
"2010","Sweden","Purchasing power standard (PPS) per inhabitant","All providers of health care","Voluntary health insurance schemes",":"
"2011","Sweden","Purchasing power standard (PPS) per inhabitant","All providers of health care","Voluntary health insurance schemes","16.71"
"2012","Sweden","Purchasing power standard (PPS) per inhabitant","All providers of health care","Voluntary health insurance schemes","17.93"
"2013","Sweden","Purchasing power standard (PPS) per inhabitant","All providers of health care","Voluntary health insurance schemes","20.00"
"2014","Sweden","Purchasing power standard (PPS) per inhabitant","All providers of health care","Voluntary health insurance schemes","20.66"
"2015","Sweden","Purchasing power standard (PPS) per inhabitant","All providers of health care","Voluntary health insurance schemes","22.73"
"2016","Sweden","Purchasing power standard (PPS) per inhabitant","All providers of health care","Voluntary health insurance schemes","23.67"
"2017","Sweden","Purchasing power standard (PPS) per inhabitant","All providers of health care","Voluntary health insurance schemes","24.97"
"2018","Sweden","Purchasing power standard (PPS) per inhabitant","All providers of health care","Voluntary health insurance schemes","25.26"
"2003","United Kingdom","Purchasing power standard (PPS) per inhabitant","All providers of health care","Voluntary health insurance schemes",":"
"2004","United Kingdom","Purchasing power standard (PPS) per inhabitant","All providers of health care","Voluntary health insurance schemes",":"
"2005","United Kingdom","Purchasing power standard (PPS) per inhabitant","All providers of health care","Voluntary health insurance schemes",":"
"2006","United Kingdom","Purchasing power standard (PPS) per inhabitant","All providers of health care","Voluntary health insurance schemes",":"
"2007","United Kingdom","Purchasing power standard (PPS) per inhabitant","All providers of health care","Voluntary health insurance schemes",":"
"2008","United Kingdom","Purchasing power standard (PPS) per inhabitant","All providers of health care","Voluntary health insurance schemes",":"
"2009","United Kingdom","Purchasing power standard (PPS) per inhabitant","All providers of health care","Voluntary health insurance schemes",":"
"2010","United Kingdom","Purchasing power standard (PPS) per inhabitant","All providers of health care","Voluntary health insurance schemes",":"
"2011","United Kingdom","Purchasing power standard (PPS) per inhabitant","All providers of health care","Voluntary health insurance schemes",":"
"2012","United Kingdom","Purchasing power standard (PPS) per inhabitant","All providers of health care","Voluntary health insurance schemes",":"
"2013","United Kingdom","Purchasing power standard (PPS) per inhabitant","All providers of health care","Voluntary health insurance schemes","96.20"
"2014","United Kingdom","Purchasing power standard (PPS) per inhabitant","All providers of health care","Voluntary health insurance schemes","98.46"
"2015","United Kingdom","Purchasing power standard (PPS) per inhabitant","All providers of health care","Voluntary health insurance schemes","97.93"
"2016","United Kingdom","Purchasing power standard (PPS) per inhabitant","All providers of health care","Voluntary health insurance schemes","83.20"
"2017","United Kingdom","Purchasing power standard (PPS) per inhabitant","All providers of health care","Voluntary health insurance schemes","89.41"
"2018","United Kingdom","Purchasing power standard (PPS) per inhabitant","All providers of health care","Voluntary health insurance schemes",":"
"2003","Iceland","Purchasing power standard (PPS) per inhabitant","All providers of health care","Voluntary health insurance schemes",":"
"2004","Iceland","Purchasing power standard (PPS) per inhabitant","All providers of health care","Voluntary health insurance schemes",":"
"2005","Iceland","Purchasing power standard (PPS) per inhabitant","All providers of health care","Voluntary health insurance schemes",":"
"2006","Iceland","Purchasing power standard (PPS) per inhabitant","All providers of health care","Voluntary health insurance schemes",":"
"2007","Iceland","Purchasing power standard (PPS) per inhabitant","All providers of health care","Voluntary health insurance schemes",":"
"2008","Iceland","Purchasing power standard (PPS) per inhabitant","All providers of health care","Voluntary health insurance schemes",":"
"2009","Iceland","Purchasing power standard (PPS) per inhabitant","All providers of health care","Voluntary health insurance schemes",":"
"2010","Iceland","Purchasing power standard (PPS) per inhabitant","All providers of health care","Voluntary health insurance schemes",":"
"2011","Iceland","Purchasing power standard (PPS) per inhabitant","All providers of health care","Voluntary health insurance schemes","0.00"
"2012","Iceland","Purchasing power standard (PPS) per inhabitant","All providers of health care","Voluntary health insurance schemes","0.00"
"2013","Iceland","Purchasing power standard (PPS) per inhabitant","All providers of health care","Voluntary health insurance schemes","0.00"
"2014","Iceland","Purchasing power standard (PPS) per inhabitant","All providers of health care","Voluntary health insurance schemes","0.00"
"2015","Iceland","Purchasing power standard (PPS) per inhabitant","All providers of health care","Voluntary health insurance schemes","0.00"
"2016","Iceland","Purchasing power standard (PPS) per inhabitant","All providers of health care","Voluntary health insurance schemes","0.00"
"2017","Iceland","Purchasing power standard (PPS) per inhabitant","All providers of health care","Voluntary health insurance schemes","0.00"
"2018","Iceland","Purchasing power standard (PPS) per inhabitant","All providers of health care","Voluntary health insurance schemes","0.00"
"2003","Liechtenstein","Purchasing power standard (PPS) per inhabitant","All providers of health care","Voluntary health insurance schemes",":"
"2004","Liechtenstein","Purchasing power standard (PPS) per inhabitant","All providers of health care","Voluntary health insurance schemes",":"
"2005","Liechtenstein","Purchasing power standard (PPS) per inhabitant","All providers of health care","Voluntary health insurance schemes",":"
"2006","Liechtenstein","Purchasing power standard (PPS) per inhabitant","All providers of health care","Voluntary health insurance schemes",":"
"2007","Liechtenstein","Purchasing power standard (PPS) per inhabitant","All providers of health care","Voluntary health insurance schemes",":"
"2008","Liechtenstein","Purchasing power standard (PPS) per inhabitant","All providers of health care","Voluntary health insurance schemes",":"
"2009","Liechtenstein","Purchasing power standard (PPS) per inhabitant","All providers of health care","Voluntary health insurance schemes",":"
"2010","Liechtenstein","Purchasing power standard (PPS) per inhabitant","All providers of health care","Voluntary health insurance schemes",":"
"2011","Liechtenstein","Purchasing power standard (PPS) per inhabitant","All providers of health care","Voluntary health insurance schemes",":"
"2012","Liechtenstein","Purchasing power standard (PPS) per inhabitant","All providers of health care","Voluntary health insurance schemes",":"
"2013","Liechtenstein","Purchasing power standard (PPS) per inhabitant","All providers of health care","Voluntary health insurance schemes",":"
"2014","Liechtenstein","Purchasing power standard (PPS) per inhabitant","All providers of health care","Voluntary health insurance schemes",":"
"2015","Liechtenstein","Purchasing power standard (PPS) per inhabitant","All providers of health care","Voluntary health insurance schemes",":"
"2016","Liechtenstein","Purchasing power standard (PPS) per inhabitant","All providers of health care","Voluntary health insurance schemes",":"
"2017","Liechtenstein","Purchasing power standard (PPS) per inhabitant","All providers of health care","Voluntary health insurance schemes",":"
"2018","Liechtenstein","Purchasing power standard (PPS) per inhabitant","All providers of health care","Voluntary health insurance schemes",":"
"2003","Norway","Purchasing power standard (PPS) per inhabitant","All providers of health care","Voluntary health insurance schemes",":"
"2004","Norway","Purchasing power standard (PPS) per inhabitant","All providers of health care","Voluntary health insurance schemes",":"
"2005","Norway","Purchasing power standard (PPS) per inhabitant","All providers of health care","Voluntary health insurance schemes",":"
"2006","Norway","Purchasing power standard (PPS) per inhabitant","All providers of health care","Voluntary health insurance schemes",":"
"2007","Norway","Purchasing power standard (PPS) per inhabitant","All providers of health care","Voluntary health insurance schemes",":"
"2008","Norway","Purchasing power standard (PPS) per inhabitant","All providers of health care","Voluntary health insurance schemes",":"
"2009","Norway","Purchasing power standard (PPS) per inhabitant","All providers of health care","Voluntary health insurance schemes",":"
"2010","Norway","Purchasing power standard (PPS) per inhabitant","All providers of health care","Voluntary health insurance schemes",":"
"2011","Norway","Purchasing power standard (PPS) per inhabitant","All providers of health care","Voluntary health insurance schemes",":"
"2012","Norway","Purchasing power standard (PPS) per inhabitant","All providers of health care","Voluntary health insurance schemes",":"
"2013","Norway","Purchasing power standard (PPS) per inhabitant","All providers of health care","Voluntary health insurance schemes",":"
"2014","Norway","Purchasing power standard (PPS) per inhabitant","All providers of health care","Voluntary health insurance schemes",":"
"2015","Norway","Purchasing power standard (PPS) per inhabitant","All providers of health care","Voluntary health insurance schemes",":"
"2016","Norway","Purchasing power standard (PPS) per inhabitant","All providers of health care","Voluntary health insurance schemes","0.00"
"2017","Norway","Purchasing power standard (PPS) per inhabitant","All providers of health care","Voluntary health insurance schemes","0.00"
"2018","Norway","Purchasing power standard (PPS) per inhabitant","All providers of health care","Voluntary health insurance schemes","0.00"
"2003","Switzerland","Purchasing power standard (PPS) per inhabitant","All providers of health care","Voluntary health insurance schemes",":"
"2004","Switzerland","Purchasing power standard (PPS) per inhabitant","All providers of health care","Voluntary health insurance schemes",":"
"2005","Switzerland","Purchasing power standard (PPS) per inhabitant","All providers of health care","Voluntary health insurance schemes",":"
"2006","Switzerland","Purchasing power standard (PPS) per inhabitant","All providers of health care","Voluntary health insurance schemes",":"
"2007","Switzerland","Purchasing power standard (PPS) per inhabitant","All providers of health care","Voluntary health insurance schemes",":"
"2008","Switzerland","Purchasing power standard (PPS) per inhabitant","All providers of health care","Voluntary health insurance schemes",":"
"2009","Switzerland","Purchasing power standard (PPS) per inhabitant","All providers of health care","Voluntary health insurance schemes",":"
"2010","Switzerland","Purchasing power standard (PPS) per inhabitant","All providers of health care","Voluntary health insurance schemes","336.46"
"2011","Switzerland","Purchasing power standard (PPS) per inhabitant","All providers of health care","Voluntary health insurance schemes","346.72"
"2012","Switzerland","Purchasing power standard (PPS) per inhabitant","All providers of health care","Voluntary health insurance schemes","302.73"
"2013","Switzerland","Purchasing power standard (PPS) per inhabitant","All providers of health care","Voluntary health insurance schemes","310.27"
"2014","Switzerland","Purchasing power standard (PPS) per inhabitant","All providers of health care","Voluntary health insurance schemes","322.99"
"2015","Switzerland","Purchasing power standard (PPS) per inhabitant","All providers of health care","Voluntary health insurance schemes","345.23"
"2016","Switzerland","Purchasing power standard (PPS) per inhabitant","All providers of health care","Voluntary health insurance schemes","346.79"
"2017","Switzerland","Purchasing power standard (PPS) per inhabitant","All providers of health care","Voluntary health insurance schemes","342.91"
"2018","Switzerland","Purchasing power standard (PPS) per inhabitant","All providers of health care","Voluntary health insurance schemes",":"
