"TIME","GEO","UNIT","ICHA11_HP","ICHA11_HF","Value"
"2003","Belgium","Euro per inhabitant","All providers of health care","Government schemes and compulsory contributory health care financing schemes","1,842.95"
"2004","Belgium","Euro per inhabitant","All providers of health care","Government schemes and compulsory contributory health care financing schemes","1,994.00"
"2005","Belgium","Euro per inhabitant","All providers of health care","Government schemes and compulsory contributory health care financing schemes","2,056.98"
"2006","Belgium","Euro per inhabitant","All providers of health care","Government schemes and compulsory contributory health care financing schemes","2,100.27"
"2007","Belgium","Euro per inhabitant","All providers of health care","Government schemes and compulsory contributory health care financing schemes","2,193.04"
"2008","Belgium","Euro per inhabitant","All providers of health care","Government schemes and compulsory contributory health care financing schemes","2,389.75"
"2009","Belgium","Euro per inhabitant","All providers of health care","Government schemes and compulsory contributory health care financing schemes","2,529.05"
"2010","Belgium","Euro per inhabitant","All providers of health care","Government schemes and compulsory contributory health care financing schemes","2,594.87"
"2011","Belgium","Euro per inhabitant","All providers of health care","Government schemes and compulsory contributory health care financing schemes","2,691.11"
"2012","Belgium","Euro per inhabitant","All providers of health care","Government schemes and compulsory contributory health care financing schemes","2,793.63"
"2013","Belgium","Euro per inhabitant","All providers of health care","Government schemes and compulsory contributory health care financing schemes","2,826.24"
"2014","Belgium","Euro per inhabitant","All providers of health care","Government schemes and compulsory contributory health care financing schemes","2,847.04"
"2015","Belgium","Euro per inhabitant","All providers of health care","Government schemes and compulsory contributory health care financing schemes","2,920.21"
"2016","Belgium","Euro per inhabitant","All providers of health care","Government schemes and compulsory contributory health care financing schemes","2,970.71"
"2017","Belgium","Euro per inhabitant","All providers of health care","Government schemes and compulsory contributory health care financing schemes","3,098.71"
"2018","Belgium","Euro per inhabitant","All providers of health care","Government schemes and compulsory contributory health care financing schemes","3,145.86"
"2003","Bulgaria","Euro per inhabitant","All providers of health care","Government schemes and compulsory contributory health care financing schemes",":"
"2004","Bulgaria","Euro per inhabitant","All providers of health care","Government schemes and compulsory contributory health care financing schemes",":"
"2005","Bulgaria","Euro per inhabitant","All providers of health care","Government schemes and compulsory contributory health care financing schemes",":"
"2006","Bulgaria","Euro per inhabitant","All providers of health care","Government schemes and compulsory contributory health care financing schemes",":"
"2007","Bulgaria","Euro per inhabitant","All providers of health care","Government schemes and compulsory contributory health care financing schemes",":"
"2008","Bulgaria","Euro per inhabitant","All providers of health care","Government schemes and compulsory contributory health care financing schemes",":"
"2009","Bulgaria","Euro per inhabitant","All providers of health care","Government schemes and compulsory contributory health care financing schemes",":"
"2010","Bulgaria","Euro per inhabitant","All providers of health care","Government schemes and compulsory contributory health care financing schemes",":"
"2011","Bulgaria","Euro per inhabitant","All providers of health care","Government schemes and compulsory contributory health care financing schemes","217.88"
"2012","Bulgaria","Euro per inhabitant","All providers of health care","Government schemes and compulsory contributory health care financing schemes","222.41"
"2013","Bulgaria","Euro per inhabitant","All providers of health care","Government schemes and compulsory contributory health care financing schemes","234.79"
"2014","Bulgaria","Euro per inhabitant","All providers of health care","Government schemes and compulsory contributory health care financing schemes","267.60"
"2015","Bulgaria","Euro per inhabitant","All providers of health care","Government schemes and compulsory contributory health care financing schemes","264.76"
"2016","Bulgaria","Euro per inhabitant","All providers of health care","Government schemes and compulsory contributory health care financing schemes","282.44"
"2017","Bulgaria","Euro per inhabitant","All providers of health care","Government schemes and compulsory contributory health care financing schemes","308.20"
"2018","Bulgaria","Euro per inhabitant","All providers of health care","Government schemes and compulsory contributory health care financing schemes","346.53"
"2003","Czechia","Euro per inhabitant","All providers of health care","Government schemes and compulsory contributory health care financing schemes",":"
"2004","Czechia","Euro per inhabitant","All providers of health care","Government schemes and compulsory contributory health care financing schemes",":"
"2005","Czechia","Euro per inhabitant","All providers of health care","Government schemes and compulsory contributory health care financing schemes",":"
"2006","Czechia","Euro per inhabitant","All providers of health care","Government schemes and compulsory contributory health care financing schemes",":"
"2007","Czechia","Euro per inhabitant","All providers of health care","Government schemes and compulsory contributory health care financing schemes",":"
"2008","Czechia","Euro per inhabitant","All providers of health care","Government schemes and compulsory contributory health care financing schemes",":"
"2009","Czechia","Euro per inhabitant","All providers of health care","Government schemes and compulsory contributory health care financing schemes",":"
"2010","Czechia","Euro per inhabitant","All providers of health care","Government schemes and compulsory contributory health care financing schemes",":"
"2011","Czechia","Euro per inhabitant","All providers of health care","Government schemes and compulsory contributory health care financing schemes",":"
"2012","Czechia","Euro per inhabitant","All providers of health care","Government schemes and compulsory contributory health care financing schemes",":"
"2013","Czechia","Euro per inhabitant","All providers of health care","Government schemes and compulsory contributory health care financing schemes","979.26"
"2014","Czechia","Euro per inhabitant","All providers of health care","Government schemes and compulsory contributory health care financing schemes","941.88"
"2015","Czechia","Euro per inhabitant","All providers of health care","Government schemes and compulsory contributory health care financing schemes","953.06"
"2016","Czechia","Euro per inhabitant","All providers of health care","Government schemes and compulsory contributory health care financing schemes","978.31"
"2017","Czechia","Euro per inhabitant","All providers of health care","Government schemes and compulsory contributory health care financing schemes","1,074.29"
"2018","Czechia","Euro per inhabitant","All providers of health care","Government schemes and compulsory contributory health care financing schemes",":"
"2003","Denmark","Euro per inhabitant","All providers of health care","Government schemes and compulsory contributory health care financing schemes",":"
"2004","Denmark","Euro per inhabitant","All providers of health care","Government schemes and compulsory contributory health care financing schemes",":"
"2005","Denmark","Euro per inhabitant","All providers of health care","Government schemes and compulsory contributory health care financing schemes",":"
"2006","Denmark","Euro per inhabitant","All providers of health care","Government schemes and compulsory contributory health care financing schemes",":"
"2007","Denmark","Euro per inhabitant","All providers of health care","Government schemes and compulsory contributory health care financing schemes",":"
"2008","Denmark","Euro per inhabitant","All providers of health care","Government schemes and compulsory contributory health care financing schemes",":"
"2009","Denmark","Euro per inhabitant","All providers of health care","Government schemes and compulsory contributory health care financing schemes",":"
"2010","Denmark","Euro per inhabitant","All providers of health care","Government schemes and compulsory contributory health care financing schemes","3,799.10"
"2011","Denmark","Euro per inhabitant","All providers of health care","Government schemes and compulsory contributory health care financing schemes","3,777.54"
"2012","Denmark","Euro per inhabitant","All providers of health care","Government schemes and compulsory contributory health care financing schemes","3,915.79"
"2013","Denmark","Euro per inhabitant","All providers of health care","Government schemes and compulsory contributory health care financing schemes","3,948.70"
"2014","Denmark","Euro per inhabitant","All providers of health care","Government schemes and compulsory contributory health care financing schemes","4,032.72"
"2015","Denmark","Euro per inhabitant","All providers of health care","Government schemes and compulsory contributory health care financing schemes","4,135.77"
"2016","Denmark","Euro per inhabitant","All providers of health care","Government schemes and compulsory contributory health care financing schemes","4,217.90"
"2017","Denmark","Euro per inhabitant","All providers of health care","Government schemes and compulsory contributory health care financing schemes","4,313.83"
"2018","Denmark","Euro per inhabitant","All providers of health care","Government schemes and compulsory contributory health care financing schemes","4,408.56"
"2003","Germany (until 1990 former territory of the FRG)","Euro per inhabitant","All providers of health care","Government schemes and compulsory contributory health care financing schemes","2,149.74"
"2004","Germany (until 1990 former territory of the FRG)","Euro per inhabitant","All providers of health care","Government schemes and compulsory contributory health care financing schemes","2,101.91"
"2005","Germany (until 1990 former territory of the FRG)","Euro per inhabitant","All providers of health care","Government schemes and compulsory contributory health care financing schemes","2,155.64"
"2006","Germany (until 1990 former territory of the FRG)","Euro per inhabitant","All providers of health care","Government schemes and compulsory contributory health care financing schemes","2,208.42"
"2007","Germany (until 1990 former territory of the FRG)","Euro per inhabitant","All providers of health care","Government schemes and compulsory contributory health care financing schemes","2,288.18"
"2008","Germany (until 1990 former territory of the FRG)","Euro per inhabitant","All providers of health care","Government schemes and compulsory contributory health care financing schemes","2,385.43"
"2009","Germany (until 1990 former territory of the FRG)","Euro per inhabitant","All providers of health care","Government schemes and compulsory contributory health care financing schemes","2,796.00"
"2010","Germany (until 1990 former territory of the FRG)","Euro per inhabitant","All providers of health care","Government schemes and compulsory contributory health care financing schemes","2,896.20"
"2011","Germany (until 1990 former territory of the FRG)","Euro per inhabitant","All providers of health care","Government schemes and compulsory contributory health care financing schemes","3,004.20"
"2012","Germany (until 1990 former territory of the FRG)","Euro per inhabitant","All providers of health care","Government schemes and compulsory contributory health care financing schemes","3,069.76"
"2013","Germany (until 1990 former territory of the FRG)","Euro per inhabitant","All providers of health care","Government schemes and compulsory contributory health care financing schemes","3,208.48"
"2014","Germany (until 1990 former territory of the FRG)","Euro per inhabitant","All providers of health care","Government schemes and compulsory contributory health care financing schemes","3,347.61"
"2015","Germany (until 1990 former territory of the FRG)","Euro per inhabitant","All providers of health care","Government schemes and compulsory contributory health care financing schemes","3,479.40"
"2016","Germany (until 1990 former territory of the FRG)","Euro per inhabitant","All providers of health care","Government schemes and compulsory contributory health care financing schemes","3,597.16"
"2017","Germany (until 1990 former territory of the FRG)","Euro per inhabitant","All providers of health care","Government schemes and compulsory contributory health care financing schemes","3,762.04"
"2018","Germany (until 1990 former territory of the FRG)","Euro per inhabitant","All providers of health care","Government schemes and compulsory contributory health care financing schemes",":"
"2003","Estonia","Euro per inhabitant","All providers of health care","Government schemes and compulsory contributory health care financing schemes","237.71"
"2004","Estonia","Euro per inhabitant","All providers of health care","Government schemes and compulsory contributory health care financing schemes","275.13"
"2005","Estonia","Euro per inhabitant","All providers of health care","Government schemes and compulsory contributory health care financing schemes","316.53"
"2006","Estonia","Euro per inhabitant","All providers of health care","Government schemes and compulsory contributory health care financing schemes","363.24"
"2007","Estonia","Euro per inhabitant","All providers of health care","Government schemes and compulsory contributory health care financing schemes","462.79"
"2008","Estonia","Euro per inhabitant","All providers of health care","Government schemes and compulsory contributory health care financing schemes","547.01"
"2009","Estonia","Euro per inhabitant","All providers of health care","Government schemes and compulsory contributory health care financing schemes","540.06"
"2010","Estonia","Euro per inhabitant","All providers of health care","Government schemes and compulsory contributory health care financing schemes","534.33"
"2011","Estonia","Euro per inhabitant","All providers of health care","Government schemes and compulsory contributory health care financing schemes","560.68"
"2012","Estonia","Euro per inhabitant","All providers of health care","Government schemes and compulsory contributory health care financing schemes","605.69"
"2013","Estonia","Euro per inhabitant","All providers of health care","Government schemes and compulsory contributory health care financing schemes","652.68"
"2014","Estonia","Euro per inhabitant","All providers of health care","Government schemes and compulsory contributory health care financing schemes","706.45"
"2015","Estonia","Euro per inhabitant","All providers of health care","Government schemes and compulsory contributory health care financing schemes","758.18"
"2016","Estonia","Euro per inhabitant","All providers of health care","Government schemes and compulsory contributory health care financing schemes","810.82"
"2017","Estonia","Euro per inhabitant","All providers of health care","Government schemes and compulsory contributory health care financing schemes","861.50"
"2018","Estonia","Euro per inhabitant","All providers of health care","Government schemes and compulsory contributory health care financing schemes",":"
"2003","Ireland","Euro per inhabitant","All providers of health care","Government schemes and compulsory contributory health care financing schemes",":"
"2004","Ireland","Euro per inhabitant","All providers of health care","Government schemes and compulsory contributory health care financing schemes",":"
"2005","Ireland","Euro per inhabitant","All providers of health care","Government schemes and compulsory contributory health care financing schemes",":"
"2006","Ireland","Euro per inhabitant","All providers of health care","Government schemes and compulsory contributory health care financing schemes",":"
"2007","Ireland","Euro per inhabitant","All providers of health care","Government schemes and compulsory contributory health care financing schemes",":"
"2008","Ireland","Euro per inhabitant","All providers of health care","Government schemes and compulsory contributory health care financing schemes",":"
"2009","Ireland","Euro per inhabitant","All providers of health care","Government schemes and compulsory contributory health care financing schemes",":"
"2010","Ireland","Euro per inhabitant","All providers of health care","Government schemes and compulsory contributory health care financing schemes",":"
"2011","Ireland","Euro per inhabitant","All providers of health care","Government schemes and compulsory contributory health care financing schemes","2,889.30"
"2012","Ireland","Euro per inhabitant","All providers of health care","Government schemes and compulsory contributory health care financing schemes","2,932.55"
"2013","Ireland","Euro per inhabitant","All providers of health care","Government schemes and compulsory contributory health care financing schemes","2,849.00"
"2014","Ireland","Euro per inhabitant","All providers of health care","Government schemes and compulsory contributory health care financing schemes","2,874.07"
"2015","Ireland","Euro per inhabitant","All providers of health care","Government schemes and compulsory contributory health care financing schemes","2,946.56"
"2016","Ireland","Euro per inhabitant","All providers of health care","Government schemes and compulsory contributory health care financing schemes","3,068.61"
"2017","Ireland","Euro per inhabitant","All providers of health care","Government schemes and compulsory contributory health care financing schemes","3,218.75"
"2018","Ireland","Euro per inhabitant","All providers of health care","Government schemes and compulsory contributory health care financing schemes","3,408.41"
"2003","Greece","Euro per inhabitant","All providers of health care","Government schemes and compulsory contributory health care financing schemes",":"
"2004","Greece","Euro per inhabitant","All providers of health care","Government schemes and compulsory contributory health care financing schemes",":"
"2005","Greece","Euro per inhabitant","All providers of health care","Government schemes and compulsory contributory health care financing schemes",":"
"2006","Greece","Euro per inhabitant","All providers of health care","Government schemes and compulsory contributory health care financing schemes",":"
"2007","Greece","Euro per inhabitant","All providers of health care","Government schemes and compulsory contributory health care financing schemes",":"
"2008","Greece","Euro per inhabitant","All providers of health care","Government schemes and compulsory contributory health care financing schemes",":"
"2009","Greece","Euro per inhabitant","All providers of health care","Government schemes and compulsory contributory health care financing schemes","1,374.43"
"2010","Greece","Euro per inhabitant","All providers of health care","Government schemes and compulsory contributory health care financing schemes","1,332.62"
"2011","Greece","Euro per inhabitant","All providers of health care","Government schemes and compulsory contributory health care financing schemes","1,105.85"
"2012","Greece","Euro per inhabitant","All providers of health care","Government schemes and compulsory contributory health care financing schemes","1,006.18"
"2013","Greece","Euro per inhabitant","All providers of health care","Government schemes and compulsory contributory health care financing schemes","845.64"
"2014","Greece","Euro per inhabitant","All providers of health care","Government schemes and compulsory contributory health care financing schemes","742.56"
"2015","Greece","Euro per inhabitant","All providers of health care","Government schemes and compulsory contributory health care financing schemes","756.20"
"2016","Greece","Euro per inhabitant","All providers of health care","Government schemes and compulsory contributory health care financing schemes","817.17"
"2017","Greece","Euro per inhabitant","All providers of health care","Government schemes and compulsory contributory health care financing schemes","806.94"
"2018","Greece","Euro per inhabitant","All providers of health care","Government schemes and compulsory contributory health care financing schemes","780.08"
"2003","Spain","Euro per inhabitant","All providers of health care","Government schemes and compulsory contributory health care financing schemes","1,022.54"
"2004","Spain","Euro per inhabitant","All providers of health care","Government schemes and compulsory contributory health care financing schemes","1,093.87"
"2005","Spain","Euro per inhabitant","All providers of health care","Government schemes and compulsory contributory health care financing schemes","1,175.33"
"2006","Spain","Euro per inhabitant","All providers of health care","Government schemes and compulsory contributory health care financing schemes","1,275.76"
"2007","Spain","Euro per inhabitant","All providers of health care","Government schemes and compulsory contributory health care financing schemes","1,360.90"
"2008","Spain","Euro per inhabitant","All providers of health care","Government schemes and compulsory contributory health care financing schemes","1,482.51"
"2009","Spain","Euro per inhabitant","All providers of health care","Government schemes and compulsory contributory health care financing schemes","1,576.28"
"2010","Spain","Euro per inhabitant","All providers of health care","Government schemes and compulsory contributory health care financing schemes","1,563.27"
"2011","Spain","Euro per inhabitant","All providers of health care","Government schemes and compulsory contributory health care financing schemes","1,533.22"
"2012","Spain","Euro per inhabitant","All providers of health care","Government schemes and compulsory contributory health care financing schemes","1,455.64"
"2013","Spain","Euro per inhabitant","All providers of health care","Government schemes and compulsory contributory health care financing schemes","1,409.15"
"2014","Spain","Euro per inhabitant","All providers of health care","Government schemes and compulsory contributory health care financing schemes","1,418.36"
"2015","Spain","Euro per inhabitant","All providers of health care","Government schemes and compulsory contributory health care financing schemes","1,510.21"
"2016","Spain","Euro per inhabitant","All providers of health care","Government schemes and compulsory contributory health care financing schemes","1,534.98"
"2017","Spain","Euro per inhabitant","All providers of health care","Government schemes and compulsory contributory health care financing schemes","1,568.46"
"2018","Spain","Euro per inhabitant","All providers of health care","Government schemes and compulsory contributory health care financing schemes",":"
"2003","France","Euro per inhabitant","All providers of health care","Government schemes and compulsory contributory health care financing schemes",":"
"2004","France","Euro per inhabitant","All providers of health care","Government schemes and compulsory contributory health care financing schemes",":"
"2005","France","Euro per inhabitant","All providers of health care","Government schemes and compulsory contributory health care financing schemes",":"
"2006","France","Euro per inhabitant","All providers of health care","Government schemes and compulsory contributory health care financing schemes","2,338.91"
"2007","France","Euro per inhabitant","All providers of health care","Government schemes and compulsory contributory health care financing schemes","2,421.41"
"2008","France","Euro per inhabitant","All providers of health care","Government schemes and compulsory contributory health care financing schemes","2,497.11"
"2009","France","Euro per inhabitant","All providers of health care","Government schemes and compulsory contributory health care financing schemes","2,595.50"
"2010","France","Euro per inhabitant","All providers of health care","Government schemes and compulsory contributory health care financing schemes","2,639.62"
"2011","France","Euro per inhabitant","All providers of health care","Government schemes and compulsory contributory health care financing schemes","2,692.10"
"2012","France","Euro per inhabitant","All providers of health care","Government schemes and compulsory contributory health care financing schemes","2,748.88"
"2013","France","Euro per inhabitant","All providers of health care","Government schemes and compulsory contributory health care financing schemes","2,807.90"
"2014","France","Euro per inhabitant","All providers of health care","Government schemes and compulsory contributory health care financing schemes","2,873.66"
"2015","France","Euro per inhabitant","All providers of health care","Government schemes and compulsory contributory health care financing schemes","2,902.92"
"2016","France","Euro per inhabitant","All providers of health care","Government schemes and compulsory contributory health care financing schemes","3,198.85"
"2017","France","Euro per inhabitant","All providers of health care","Government schemes and compulsory contributory health care financing schemes","3,258.63"
"2018","France","Euro per inhabitant","All providers of health care","Government schemes and compulsory contributory health care financing schemes","3,319.09"
"2003","Croatia","Euro per inhabitant","All providers of health care","Government schemes and compulsory contributory health care financing schemes",":"
"2004","Croatia","Euro per inhabitant","All providers of health care","Government schemes and compulsory contributory health care financing schemes",":"
"2005","Croatia","Euro per inhabitant","All providers of health care","Government schemes and compulsory contributory health care financing schemes",":"
"2006","Croatia","Euro per inhabitant","All providers of health care","Government schemes and compulsory contributory health care financing schemes",":"
"2007","Croatia","Euro per inhabitant","All providers of health care","Government schemes and compulsory contributory health care financing schemes",":"
"2008","Croatia","Euro per inhabitant","All providers of health care","Government schemes and compulsory contributory health care financing schemes",":"
"2009","Croatia","Euro per inhabitant","All providers of health care","Government schemes and compulsory contributory health care financing schemes",":"
"2010","Croatia","Euro per inhabitant","All providers of health care","Government schemes and compulsory contributory health care financing schemes",":"
"2011","Croatia","Euro per inhabitant","All providers of health care","Government schemes and compulsory contributory health care financing schemes",":"
"2012","Croatia","Euro per inhabitant","All providers of health care","Government schemes and compulsory contributory health care financing schemes",":"
"2013","Croatia","Euro per inhabitant","All providers of health care","Government schemes and compulsory contributory health care financing schemes","569.54"
"2014","Croatia","Euro per inhabitant","All providers of health care","Government schemes and compulsory contributory health care financing schemes","569.22"
"2015","Croatia","Euro per inhabitant","All providers of health care","Government schemes and compulsory contributory health care financing schemes","594.56"
"2016","Croatia","Euro per inhabitant","All providers of health care","Government schemes and compulsory contributory health care financing schemes","629.66"
"2017","Croatia","Euro per inhabitant","All providers of health care","Government schemes and compulsory contributory health care financing schemes","665.12"
"2018","Croatia","Euro per inhabitant","All providers of health care","Government schemes and compulsory contributory health care financing schemes","713.73"
"2003","Italy","Euro per inhabitant","All providers of health care","Government schemes and compulsory contributory health care financing schemes",":"
"2004","Italy","Euro per inhabitant","All providers of health care","Government schemes and compulsory contributory health care financing schemes",":"
"2005","Italy","Euro per inhabitant","All providers of health care","Government schemes and compulsory contributory health care financing schemes",":"
"2006","Italy","Euro per inhabitant","All providers of health care","Government schemes and compulsory contributory health care financing schemes",":"
"2007","Italy","Euro per inhabitant","All providers of health care","Government schemes and compulsory contributory health care financing schemes",":"
"2008","Italy","Euro per inhabitant","All providers of health care","Government schemes and compulsory contributory health care financing schemes",":"
"2009","Italy","Euro per inhabitant","All providers of health care","Government schemes and compulsory contributory health care financing schemes",":"
"2010","Italy","Euro per inhabitant","All providers of health care","Government schemes and compulsory contributory health care financing schemes",":"
"2011","Italy","Euro per inhabitant","All providers of health care","Government schemes and compulsory contributory health care financing schemes",":"
"2012","Italy","Euro per inhabitant","All providers of health care","Government schemes and compulsory contributory health care financing schemes","1,818.25"
"2013","Italy","Euro per inhabitant","All providers of health care","Government schemes and compulsory contributory health care financing schemes","1,780.03"
"2014","Italy","Euro per inhabitant","All providers of health care","Government schemes and compulsory contributory health care financing schemes","1,790.63"
"2015","Italy","Euro per inhabitant","All providers of health care","Government schemes and compulsory contributory health care financing schemes","1,796.99"
"2016","Italy","Euro per inhabitant","All providers of health care","Government schemes and compulsory contributory health care financing schemes","1,815.78"
"2017","Italy","Euro per inhabitant","All providers of health care","Government schemes and compulsory contributory health care financing schemes","1,835.53"
"2018","Italy","Euro per inhabitant","All providers of health care","Government schemes and compulsory contributory health care financing schemes","1,872.04"
"2003","Cyprus","Euro per inhabitant","All providers of health care","Government schemes and compulsory contributory health care financing schemes",":"
"2004","Cyprus","Euro per inhabitant","All providers of health care","Government schemes and compulsory contributory health care financing schemes",":"
"2005","Cyprus","Euro per inhabitant","All providers of health care","Government schemes and compulsory contributory health care financing schemes",":"
"2006","Cyprus","Euro per inhabitant","All providers of health care","Government schemes and compulsory contributory health care financing schemes",":"
"2007","Cyprus","Euro per inhabitant","All providers of health care","Government schemes and compulsory contributory health care financing schemes",":"
"2008","Cyprus","Euro per inhabitant","All providers of health care","Government schemes and compulsory contributory health care financing schemes",":"
"2009","Cyprus","Euro per inhabitant","All providers of health care","Government schemes and compulsory contributory health care financing schemes",":"
"2010","Cyprus","Euro per inhabitant","All providers of health care","Government schemes and compulsory contributory health care financing schemes","703.72"
"2011","Cyprus","Euro per inhabitant","All providers of health care","Government schemes and compulsory contributory health care financing schemes","718.06"
"2012","Cyprus","Euro per inhabitant","All providers of health care","Government schemes and compulsory contributory health care financing schemes","683.54"
"2013","Cyprus","Euro per inhabitant","All providers of health care","Government schemes and compulsory contributory health care financing schemes","668.30"
"2014","Cyprus","Euro per inhabitant","All providers of health care","Government schemes and compulsory contributory health care financing schemes","611.86"
"2015","Cyprus","Euro per inhabitant","All providers of health care","Government schemes and compulsory contributory health care financing schemes","605.92"
"2016","Cyprus","Euro per inhabitant","All providers of health care","Government schemes and compulsory contributory health care financing schemes","622.31"
"2017","Cyprus","Euro per inhabitant","All providers of health care","Government schemes and compulsory contributory health care financing schemes","649.64"
"2018","Cyprus","Euro per inhabitant","All providers of health care","Government schemes and compulsory contributory health care financing schemes","707.09"
"2003","Latvia","Euro per inhabitant","All providers of health care","Government schemes and compulsory contributory health care financing schemes",":"
"2004","Latvia","Euro per inhabitant","All providers of health care","Government schemes and compulsory contributory health care financing schemes",":"
"2005","Latvia","Euro per inhabitant","All providers of health care","Government schemes and compulsory contributory health care financing schemes",":"
"2006","Latvia","Euro per inhabitant","All providers of health care","Government schemes and compulsory contributory health care financing schemes",":"
"2007","Latvia","Euro per inhabitant","All providers of health care","Government schemes and compulsory contributory health care financing schemes",":"
"2008","Latvia","Euro per inhabitant","All providers of health care","Government schemes and compulsory contributory health care financing schemes",":"
"2009","Latvia","Euro per inhabitant","All providers of health care","Government schemes and compulsory contributory health care financing schemes",":"
"2010","Latvia","Euro per inhabitant","All providers of health care","Government schemes and compulsory contributory health care financing schemes",":"
"2011","Latvia","Euro per inhabitant","All providers of health care","Government schemes and compulsory contributory health care financing schemes",":"
"2012","Latvia","Euro per inhabitant","All providers of health care","Government schemes and compulsory contributory health care financing schemes",":"
"2013","Latvia","Euro per inhabitant","All providers of health care","Government schemes and compulsory contributory health care financing schemes","367.58"
"2014","Latvia","Euro per inhabitant","All providers of health care","Government schemes and compulsory contributory health care financing schemes","386.32"
"2015","Latvia","Euro per inhabitant","All providers of health care","Government schemes and compulsory contributory health care financing schemes","411.93"
"2016","Latvia","Euro per inhabitant","All providers of health care","Government schemes and compulsory contributory health care financing schemes","443.64"
"2017","Latvia","Euro per inhabitant","All providers of health care","Government schemes and compulsory contributory health care financing schemes","475.15"
"2018","Latvia","Euro per inhabitant","All providers of health care","Government schemes and compulsory contributory health care financing schemes",":"
"2003","Lithuania","Euro per inhabitant","All providers of health care","Government schemes and compulsory contributory health care financing schemes",":"
"2004","Lithuania","Euro per inhabitant","All providers of health care","Government schemes and compulsory contributory health care financing schemes",":"
"2005","Lithuania","Euro per inhabitant","All providers of health care","Government schemes and compulsory contributory health care financing schemes",":"
"2006","Lithuania","Euro per inhabitant","All providers of health care","Government schemes and compulsory contributory health care financing schemes","290.63"
"2007","Lithuania","Euro per inhabitant","All providers of health care","Government schemes and compulsory contributory health care financing schemes","367.96"
"2008","Lithuania","Euro per inhabitant","All providers of health care","Government schemes and compulsory contributory health care financing schemes","457.90"
"2009","Lithuania","Euro per inhabitant","All providers of health care","Government schemes and compulsory contributory health care financing schemes","453.89"
"2010","Lithuania","Euro per inhabitant","All providers of health care","Government schemes and compulsory contributory health care financing schemes","442.32"
"2011","Lithuania","Euro per inhabitant","All providers of health care","Government schemes and compulsory contributory health care financing schemes","476.35"
"2012","Lithuania","Euro per inhabitant","All providers of health care","Government schemes and compulsory contributory health care financing schemes","472.48"
"2013","Lithuania","Euro per inhabitant","All providers of health care","Government schemes and compulsory contributory health care financing schemes","480.80"
"2014","Lithuania","Euro per inhabitant","All providers of health care","Government schemes and compulsory contributory health care financing schemes","521.98"
"2015","Lithuania","Euro per inhabitant","All providers of health care","Government schemes and compulsory contributory health care financing schemes","560.22"
"2016","Lithuania","Euro per inhabitant","All providers of health care","Government schemes and compulsory contributory health care financing schemes","599.35"
"2017","Lithuania","Euro per inhabitant","All providers of health care","Government schemes and compulsory contributory health care financing schemes","639.02"
"2018","Lithuania","Euro per inhabitant","All providers of health care","Government schemes and compulsory contributory health care financing schemes","711.48"
"2003","Luxembourg","Euro per inhabitant","All providers of health care","Government schemes and compulsory contributory health care financing schemes",":"
"2004","Luxembourg","Euro per inhabitant","All providers of health care","Government schemes and compulsory contributory health care financing schemes",":"
"2005","Luxembourg","Euro per inhabitant","All providers of health care","Government schemes and compulsory contributory health care financing schemes",":"
"2006","Luxembourg","Euro per inhabitant","All providers of health care","Government schemes and compulsory contributory health care financing schemes",":"
"2007","Luxembourg","Euro per inhabitant","All providers of health care","Government schemes and compulsory contributory health care financing schemes",":"
"2008","Luxembourg","Euro per inhabitant","All providers of health care","Government schemes and compulsory contributory health care financing schemes",":"
"2009","Luxembourg","Euro per inhabitant","All providers of health care","Government schemes and compulsory contributory health care financing schemes",":"
"2010","Luxembourg","Euro per inhabitant","All providers of health care","Government schemes and compulsory contributory health care financing schemes",":"
"2011","Luxembourg","Euro per inhabitant","All providers of health care","Government schemes and compulsory contributory health care financing schemes","4,232.46"
"2012","Luxembourg","Euro per inhabitant","All providers of health care","Government schemes and compulsory contributory health care financing schemes","3,843.47"
"2013","Luxembourg","Euro per inhabitant","All providers of health care","Government schemes and compulsory contributory health care financing schemes","3,930.66"
"2014","Luxembourg","Euro per inhabitant","All providers of health care","Government schemes and compulsory contributory health care financing schemes","4,064.74"
"2015","Luxembourg","Euro per inhabitant","All providers of health care","Government schemes and compulsory contributory health care financing schemes","4,040.52"
"2016","Luxembourg","Euro per inhabitant","All providers of health care","Government schemes and compulsory contributory health care financing schemes","4,094.57"
"2017","Luxembourg","Euro per inhabitant","All providers of health care","Government schemes and compulsory contributory health care financing schemes","4,205.35"
"2018","Luxembourg","Euro per inhabitant","All providers of health care","Government schemes and compulsory contributory health care financing schemes","4,389.93"
"2003","Hungary","Euro per inhabitant","All providers of health care","Government schemes and compulsory contributory health care financing schemes",":"
"2004","Hungary","Euro per inhabitant","All providers of health care","Government schemes and compulsory contributory health care financing schemes",":"
"2005","Hungary","Euro per inhabitant","All providers of health care","Government schemes and compulsory contributory health care financing schemes",":"
"2006","Hungary","Euro per inhabitant","All providers of health care","Government schemes and compulsory contributory health care financing schemes","503.62"
"2007","Hungary","Euro per inhabitant","All providers of health care","Government schemes and compulsory contributory health care financing schemes","505.54"
"2008","Hungary","Euro per inhabitant","All providers of health care","Government schemes and compulsory contributory health care financing schemes","527.16"
"2009","Hungary","Euro per inhabitant","All providers of health care","Government schemes and compulsory contributory health care financing schemes","465.86"
"2010","Hungary","Euro per inhabitant","All providers of health care","Government schemes and compulsory contributory health care financing schemes","498.70"
"2011","Hungary","Euro per inhabitant","All providers of health care","Government schemes and compulsory contributory health care financing schemes","509.84"
"2012","Hungary","Euro per inhabitant","All providers of health care","Government schemes and compulsory contributory health care financing schemes","490.76"
"2013","Hungary","Euro per inhabitant","All providers of health care","Government schemes and compulsory contributory health care financing schemes","498.29"
"2014","Hungary","Euro per inhabitant","All providers of health care","Government schemes and compulsory contributory health care financing schemes","509.23"
"2015","Hungary","Euro per inhabitant","All providers of health care","Government schemes and compulsory contributory health care financing schemes","535.56"
"2016","Hungary","Euro per inhabitant","All providers of health care","Government schemes and compulsory contributory health care financing schemes","563.71"
"2017","Hungary","Euro per inhabitant","All providers of health care","Government schemes and compulsory contributory health care financing schemes","602.64"
"2018","Hungary","Euro per inhabitant","All providers of health care","Government schemes and compulsory contributory health care financing schemes","636.82"
"2003","Malta","Euro per inhabitant","All providers of health care","Government schemes and compulsory contributory health care financing schemes",":"
"2004","Malta","Euro per inhabitant","All providers of health care","Government schemes and compulsory contributory health care financing schemes",":"
"2005","Malta","Euro per inhabitant","All providers of health care","Government schemes and compulsory contributory health care financing schemes",":"
"2006","Malta","Euro per inhabitant","All providers of health care","Government schemes and compulsory contributory health care financing schemes",":"
"2007","Malta","Euro per inhabitant","All providers of health care","Government schemes and compulsory contributory health care financing schemes",":"
"2008","Malta","Euro per inhabitant","All providers of health care","Government schemes and compulsory contributory health care financing schemes",":"
"2009","Malta","Euro per inhabitant","All providers of health care","Government schemes and compulsory contributory health care financing schemes",":"
"2010","Malta","Euro per inhabitant","All providers of health care","Government schemes and compulsory contributory health care financing schemes",":"
"2011","Malta","Euro per inhabitant","All providers of health care","Government schemes and compulsory contributory health care financing schemes",":"
"2012","Malta","Euro per inhabitant","All providers of health care","Government schemes and compulsory contributory health care financing schemes",":"
"2013","Malta","Euro per inhabitant","All providers of health care","Government schemes and compulsory contributory health care financing schemes",":"
"2014","Malta","Euro per inhabitant","All providers of health care","Government schemes and compulsory contributory health care financing schemes","1,121.90"
"2015","Malta","Euro per inhabitant","All providers of health care","Government schemes and compulsory contributory health care financing schemes","1,210.52"
"2016","Malta","Euro per inhabitant","All providers of health care","Government schemes and compulsory contributory health care financing schemes","1,308.19"
"2017","Malta","Euro per inhabitant","All providers of health care","Government schemes and compulsory contributory health care financing schemes","1,423.30"
"2018","Malta","Euro per inhabitant","All providers of health care","Government schemes and compulsory contributory health care financing schemes",":"
"2003","Netherlands","Euro per inhabitant","All providers of health care","Government schemes and compulsory contributory health care financing schemes","2,008.37"
"2004","Netherlands","Euro per inhabitant","All providers of health care","Government schemes and compulsory contributory health care financing schemes","2,031.66"
"2005","Netherlands","Euro per inhabitant","All providers of health care","Government schemes and compulsory contributory health care financing schemes","2,100.99"
"2006","Netherlands","Euro per inhabitant","All providers of health care","Government schemes and compulsory contributory health care financing schemes","2,719.58"
"2007","Netherlands","Euro per inhabitant","All providers of health care","Government schemes and compulsory contributory health care financing schemes","2,876.76"
"2008","Netherlands","Euro per inhabitant","All providers of health care","Government schemes and compulsory contributory health care financing schemes","3,018.24"
"2009","Netherlands","Euro per inhabitant","All providers of health care","Government schemes and compulsory contributory health care financing schemes","3,141.90"
"2010","Netherlands","Euro per inhabitant","All providers of health care","Government schemes and compulsory contributory health care financing schemes","3,257.21"
"2011","Netherlands","Euro per inhabitant","All providers of health care","Government schemes and compulsory contributory health care financing schemes","3,295.74"
"2012","Netherlands","Euro per inhabitant","All providers of health care","Government schemes and compulsory contributory health care financing schemes","3,372.50"
"2013","Netherlands","Euro per inhabitant","All providers of health care","Government schemes and compulsory contributory health care financing schemes","3,375.42"
"2014","Netherlands","Euro per inhabitant","All providers of health care","Government schemes and compulsory contributory health care financing schemes","3,411.66"
"2015","Netherlands","Euro per inhabitant","All providers of health care","Government schemes and compulsory contributory health care financing schemes","3,422.24"
"2016","Netherlands","Euro per inhabitant","All providers of health care","Government schemes and compulsory contributory health care financing schemes","3,460.36"
"2017","Netherlands","Euro per inhabitant","All providers of health care","Government schemes and compulsory contributory health care financing schemes","3,539.20"
"2018","Netherlands","Euro per inhabitant","All providers of health care","Government schemes and compulsory contributory health care financing schemes","3,676.73"
"2003","Austria","Euro per inhabitant","All providers of health care","Government schemes and compulsory contributory health care financing schemes",":"
"2004","Austria","Euro per inhabitant","All providers of health care","Government schemes and compulsory contributory health care financing schemes","2,112.91"
"2005","Austria","Euro per inhabitant","All providers of health care","Government schemes and compulsory contributory health care financing schemes","2,199.16"
"2006","Austria","Euro per inhabitant","All providers of health care","Government schemes and compulsory contributory health care financing schemes","2,296.87"
"2007","Austria","Euro per inhabitant","All providers of health care","Government schemes and compulsory contributory health care financing schemes","2,426.60"
"2008","Austria","Euro per inhabitant","All providers of health care","Government schemes and compulsory contributory health care financing schemes","2,573.57"
"2009","Austria","Euro per inhabitant","All providers of health care","Government schemes and compulsory contributory health care financing schemes","2,651.28"
"2010","Austria","Euro per inhabitant","All providers of health care","Government schemes and compulsory contributory health care financing schemes","2,699.38"
"2011","Austria","Euro per inhabitant","All providers of health care","Government schemes and compulsory contributory health care financing schemes","2,764.72"
"2012","Austria","Euro per inhabitant","All providers of health care","Government schemes and compulsory contributory health care financing schemes","2,879.06"
"2013","Austria","Euro per inhabitant","All providers of health care","Government schemes and compulsory contributory health care financing schemes","2,907.65"
"2014","Austria","Euro per inhabitant","All providers of health care","Government schemes and compulsory contributory health care financing schemes","2,991.21"
"2015","Austria","Euro per inhabitant","All providers of health care","Government schemes and compulsory contributory health care financing schemes","3,058.43"
"2016","Austria","Euro per inhabitant","All providers of health care","Government schemes and compulsory contributory health care financing schemes","3,134.01"
"2017","Austria","Euro per inhabitant","All providers of health care","Government schemes and compulsory contributory health care financing schemes","3,224.59"
"2018","Austria","Euro per inhabitant","All providers of health care","Government schemes and compulsory contributory health care financing schemes","3,362.31"
"2003","Poland","Euro per inhabitant","All providers of health care","Government schemes and compulsory contributory health care financing schemes",":"
"2004","Poland","Euro per inhabitant","All providers of health care","Government schemes and compulsory contributory health care financing schemes",":"
"2005","Poland","Euro per inhabitant","All providers of health care","Government schemes and compulsory contributory health care financing schemes",":"
"2006","Poland","Euro per inhabitant","All providers of health care","Government schemes and compulsory contributory health care financing schemes",":"
"2007","Poland","Euro per inhabitant","All providers of health care","Government schemes and compulsory contributory health care financing schemes",":"
"2008","Poland","Euro per inhabitant","All providers of health care","Government schemes and compulsory contributory health care financing schemes",":"
"2009","Poland","Euro per inhabitant","All providers of health care","Government schemes and compulsory contributory health care financing schemes",":"
"2010","Poland","Euro per inhabitant","All providers of health care","Government schemes and compulsory contributory health care financing schemes",":"
"2011","Poland","Euro per inhabitant","All providers of health care","Government schemes and compulsory contributory health care financing schemes",":"
"2012","Poland","Euro per inhabitant","All providers of health care","Government schemes and compulsory contributory health care financing schemes",":"
"2013","Poland","Euro per inhabitant","All providers of health care","Government schemes and compulsory contributory health care financing schemes","467.45"
"2014","Poland","Euro per inhabitant","All providers of health care","Government schemes and compulsory contributory health care financing schemes","477.38"
"2015","Poland","Euro per inhabitant","All providers of health care","Government schemes and compulsory contributory health care financing schemes","502.62"
"2016","Poland","Euro per inhabitant","All providers of health care","Government schemes and compulsory contributory health care financing schemes","510.60"
"2017","Poland","Euro per inhabitant","All providers of health care","Government schemes and compulsory contributory health care financing schemes",":"
"2018","Poland","Euro per inhabitant","All providers of health care","Government schemes and compulsory contributory health care financing schemes",":"
"2003","Portugal","Euro per inhabitant","All providers of health care","Government schemes and compulsory contributory health care financing schemes","883.27"
"2004","Portugal","Euro per inhabitant","All providers of health care","Government schemes and compulsory contributory health care financing schemes","959.48"
"2005","Portugal","Euro per inhabitant","All providers of health care","Government schemes and compulsory contributory health care financing schemes","1,015.53"
"2006","Portugal","Euro per inhabitant","All providers of health care","Government schemes and compulsory contributory health care financing schemes","997.92"
"2007","Portugal","Euro per inhabitant","All providers of health care","Government schemes and compulsory contributory health care financing schemes","1,036.75"
"2008","Portugal","Euro per inhabitant","All providers of health care","Government schemes and compulsory contributory health care financing schemes","1,083.53"
"2009","Portugal","Euro per inhabitant","All providers of health care","Government schemes and compulsory contributory health care financing schemes","1,146.73"
"2010","Portugal","Euro per inhabitant","All providers of health care","Government schemes and compulsory contributory health care financing schemes","1,165.87"
"2011","Portugal","Euro per inhabitant","All providers of health care","Government schemes and compulsory contributory health care financing schemes","1,076.61"
"2012","Portugal","Euro per inhabitant","All providers of health care","Government schemes and compulsory contributory health care financing schemes","981.67"
"2013","Portugal","Euro per inhabitant","All providers of health care","Government schemes and compulsory contributory health care financing schemes","990.45"
"2014","Portugal","Euro per inhabitant","All providers of health care","Government schemes and compulsory contributory health care financing schemes","992.13"
"2015","Portugal","Euro per inhabitant","All providers of health care","Government schemes and compulsory contributory health care financing schemes","1,030.50"
"2016","Portugal","Euro per inhabitant","All providers of health care","Government schemes and compulsory contributory health care financing schemes","1,082.34"
"2017","Portugal","Euro per inhabitant","All providers of health care","Government schemes and compulsory contributory health care financing schemes","1,123.90"
"2018","Portugal","Euro per inhabitant","All providers of health care","Government schemes and compulsory contributory health care financing schemes",":"
"2003","Romania","Euro per inhabitant","All providers of health care","Government schemes and compulsory contributory health care financing schemes",":"
"2004","Romania","Euro per inhabitant","All providers of health care","Government schemes and compulsory contributory health care financing schemes",":"
"2005","Romania","Euro per inhabitant","All providers of health care","Government schemes and compulsory contributory health care financing schemes",":"
"2006","Romania","Euro per inhabitant","All providers of health care","Government schemes and compulsory contributory health care financing schemes",":"
"2007","Romania","Euro per inhabitant","All providers of health care","Government schemes and compulsory contributory health care financing schemes",":"
"2008","Romania","Euro per inhabitant","All providers of health care","Government schemes and compulsory contributory health care financing schemes",":"
"2009","Romania","Euro per inhabitant","All providers of health care","Government schemes and compulsory contributory health care financing schemes",":"
"2010","Romania","Euro per inhabitant","All providers of health care","Government schemes and compulsory contributory health care financing schemes",":"
"2011","Romania","Euro per inhabitant","All providers of health care","Government schemes and compulsory contributory health care financing schemes","231.55"
"2012","Romania","Euro per inhabitant","All providers of health care","Government schemes and compulsory contributory health care financing schemes","240.91"
"2013","Romania","Euro per inhabitant","All providers of health care","Government schemes and compulsory contributory health care financing schemes","296.45"
"2014","Romania","Euro per inhabitant","All providers of health care","Government schemes and compulsory contributory health care financing schemes","300.29"
"2015","Romania","Euro per inhabitant","All providers of health care","Government schemes and compulsory contributory health care financing schemes","311.96"
"2016","Romania","Euro per inhabitant","All providers of health care","Government schemes and compulsory contributory health care financing schemes","338.29"
"2017","Romania","Euro per inhabitant","All providers of health care","Government schemes and compulsory contributory health care financing schemes","388.37"
"2018","Romania","Euro per inhabitant","All providers of health care","Government schemes and compulsory contributory health care financing schemes","465.59"
"2003","Slovenia","Euro per inhabitant","All providers of health care","Government schemes and compulsory contributory health care financing schemes",":"
"2004","Slovenia","Euro per inhabitant","All providers of health care","Government schemes and compulsory contributory health care financing schemes",":"
"2005","Slovenia","Euro per inhabitant","All providers of health care","Government schemes and compulsory contributory health care financing schemes",":"
"2006","Slovenia","Euro per inhabitant","All providers of health care","Government schemes and compulsory contributory health care financing schemes",":"
"2007","Slovenia","Euro per inhabitant","All providers of health care","Government schemes and compulsory contributory health care financing schemes",":"
"2008","Slovenia","Euro per inhabitant","All providers of health care","Government schemes and compulsory contributory health care financing schemes",":"
"2009","Slovenia","Euro per inhabitant","All providers of health care","Government schemes and compulsory contributory health care financing schemes",":"
"2010","Slovenia","Euro per inhabitant","All providers of health care","Government schemes and compulsory contributory health care financing schemes",":"
"2011","Slovenia","Euro per inhabitant","All providers of health care","Government schemes and compulsory contributory health care financing schemes",":"
"2012","Slovenia","Euro per inhabitant","All providers of health care","Government schemes and compulsory contributory health care financing schemes",":"
"2013","Slovenia","Euro per inhabitant","All providers of health care","Government schemes and compulsory contributory health care financing schemes",":"
"2014","Slovenia","Euro per inhabitant","All providers of health care","Government schemes and compulsory contributory health care financing schemes","1,103.50"
"2015","Slovenia","Euro per inhabitant","All providers of health care","Government schemes and compulsory contributory health care financing schemes","1,151.53"
"2016","Slovenia","Euro per inhabitant","All providers of health care","Government schemes and compulsory contributory health care financing schemes","1,207.57"
"2017","Slovenia","Euro per inhabitant","All providers of health care","Government schemes and compulsory contributory health care financing schemes","1,229.98"
"2018","Slovenia","Euro per inhabitant","All providers of health care","Government schemes and compulsory contributory health care financing schemes",":"
"2003","Slovakia","Euro per inhabitant","All providers of health care","Government schemes and compulsory contributory health care financing schemes",":"
"2004","Slovakia","Euro per inhabitant","All providers of health care","Government schemes and compulsory contributory health care financing schemes",":"
"2005","Slovakia","Euro per inhabitant","All providers of health care","Government schemes and compulsory contributory health care financing schemes",":"
"2006","Slovakia","Euro per inhabitant","All providers of health care","Government schemes and compulsory contributory health care financing schemes",":"
"2007","Slovakia","Euro per inhabitant","All providers of health care","Government schemes and compulsory contributory health care financing schemes",":"
"2008","Slovakia","Euro per inhabitant","All providers of health care","Government schemes and compulsory contributory health care financing schemes",":"
"2009","Slovakia","Euro per inhabitant","All providers of health care","Government schemes and compulsory contributory health care financing schemes",":"
"2010","Slovakia","Euro per inhabitant","All providers of health care","Government schemes and compulsory contributory health care financing schemes",":"
"2011","Slovakia","Euro per inhabitant","All providers of health care","Government schemes and compulsory contributory health care financing schemes",":"
"2012","Slovakia","Euro per inhabitant","All providers of health care","Government schemes and compulsory contributory health care financing schemes","740.71"
"2013","Slovakia","Euro per inhabitant","All providers of health care","Government schemes and compulsory contributory health care financing schemes","765.35"
"2014","Slovakia","Euro per inhabitant","All providers of health care","Government schemes and compulsory contributory health care financing schemes","778.24"
"2015","Slovakia","Euro per inhabitant","All providers of health care","Government schemes and compulsory contributory health care financing schemes","796.34"
"2016","Slovakia","Euro per inhabitant","All providers of health care","Government schemes and compulsory contributory health care financing schemes","838.48"
"2017","Slovakia","Euro per inhabitant","All providers of health care","Government schemes and compulsory contributory health care financing schemes","840.82"
"2018","Slovakia","Euro per inhabitant","All providers of health care","Government schemes and compulsory contributory health care financing schemes",":"
"2003","Finland","Euro per inhabitant","All providers of health care","Government schemes and compulsory contributory health care financing schemes","1,654.88"
"2004","Finland","Euro per inhabitant","All providers of health care","Government schemes and compulsory contributory health care financing schemes","1,766.47"
"2005","Finland","Euro per inhabitant","All providers of health care","Government schemes and compulsory contributory health care financing schemes","1,884.61"
"2006","Finland","Euro per inhabitant","All providers of health care","Government schemes and compulsory contributory health care financing schemes","2,001.46"
"2007","Finland","Euro per inhabitant","All providers of health care","Government schemes and compulsory contributory health care financing schemes","2,106.09"
"2008","Finland","Euro per inhabitant","All providers of health care","Government schemes and compulsory contributory health care financing schemes","2,249.61"
"2009","Finland","Euro per inhabitant","All providers of health care","Government schemes and compulsory contributory health care financing schemes","2,297.33"
"2010","Finland","Euro per inhabitant","All providers of health care","Government schemes and compulsory contributory health care financing schemes","2,346.70"
"2011","Finland","Euro per inhabitant","All providers of health care","Government schemes and compulsory contributory health care financing schemes","2,496.43"
"2012","Finland","Euro per inhabitant","All providers of health care","Government schemes and compulsory contributory health care financing schemes","2,635.82"
"2013","Finland","Euro per inhabitant","All providers of health care","Government schemes and compulsory contributory health care financing schemes","2,724.03"
"2014","Finland","Euro per inhabitant","All providers of health care","Government schemes and compulsory contributory health care financing schemes","2,734.54"
"2015","Finland","Euro per inhabitant","All providers of health care","Government schemes and compulsory contributory health care financing schemes","2,829.53"
"2016","Finland","Euro per inhabitant","All providers of health care","Government schemes and compulsory contributory health care financing schemes","2,780.13"
"2017","Finland","Euro per inhabitant","All providers of health care","Government schemes and compulsory contributory health care financing schemes","2,812.49"
"2018","Finland","Euro per inhabitant","All providers of health care","Government schemes and compulsory contributory health care financing schemes",":"
"2003","Sweden","Euro per inhabitant","All providers of health care","Government schemes and compulsory contributory health care financing schemes",":"
"2004","Sweden","Euro per inhabitant","All providers of health care","Government schemes and compulsory contributory health care financing schemes",":"
"2005","Sweden","Euro per inhabitant","All providers of health care","Government schemes and compulsory contributory health care financing schemes",":"
"2006","Sweden","Euro per inhabitant","All providers of health care","Government schemes and compulsory contributory health care financing schemes",":"
"2007","Sweden","Euro per inhabitant","All providers of health care","Government schemes and compulsory contributory health care financing schemes",":"
"2008","Sweden","Euro per inhabitant","All providers of health care","Government schemes and compulsory contributory health care financing schemes",":"
"2009","Sweden","Euro per inhabitant","All providers of health care","Government schemes and compulsory contributory health care financing schemes",":"
"2010","Sweden","Euro per inhabitant","All providers of health care","Government schemes and compulsory contributory health care financing schemes",":"
"2011","Sweden","Euro per inhabitant","All providers of health care","Government schemes and compulsory contributory health care financing schemes","3,844.80"
"2012","Sweden","Euro per inhabitant","All providers of health care","Government schemes and compulsory contributory health care financing schemes","4,084.16"
"2013","Sweden","Euro per inhabitant","All providers of health care","Government schemes and compulsory contributory health care financing schemes","4,216.89"
"2014","Sweden","Euro per inhabitant","All providers of health care","Government schemes and compulsory contributory health care financing schemes","4,163.52"
"2015","Sweden","Euro per inhabitant","All providers of health care","Government schemes and compulsory contributory health care financing schemes","4,219.74"
"2016","Sweden","Euro per inhabitant","All providers of health care","Government schemes and compulsory contributory health care financing schemes","4,300.05"
"2017","Sweden","Euro per inhabitant","All providers of health care","Government schemes and compulsory contributory health care financing schemes","4,363.22"
"2018","Sweden","Euro per inhabitant","All providers of health care","Government schemes and compulsory contributory health care financing schemes","4,289.75"
"2003","United Kingdom","Euro per inhabitant","All providers of health care","Government schemes and compulsory contributory health care financing schemes",":"
"2004","United Kingdom","Euro per inhabitant","All providers of health care","Government schemes and compulsory contributory health care financing schemes",":"
"2005","United Kingdom","Euro per inhabitant","All providers of health care","Government schemes and compulsory contributory health care financing schemes",":"
"2006","United Kingdom","Euro per inhabitant","All providers of health care","Government schemes and compulsory contributory health care financing schemes",":"
"2007","United Kingdom","Euro per inhabitant","All providers of health care","Government schemes and compulsory contributory health care financing schemes",":"
"2008","United Kingdom","Euro per inhabitant","All providers of health care","Government schemes and compulsory contributory health care financing schemes",":"
"2009","United Kingdom","Euro per inhabitant","All providers of health care","Government schemes and compulsory contributory health care financing schemes",":"
"2010","United Kingdom","Euro per inhabitant","All providers of health care","Government schemes and compulsory contributory health care financing schemes",":"
"2011","United Kingdom","Euro per inhabitant","All providers of health care","Government schemes and compulsory contributory health care financing schemes",":"
"2012","United Kingdom","Euro per inhabitant","All providers of health care","Government schemes and compulsory contributory health care financing schemes",":"
"2013","United Kingdom","Euro per inhabitant","All providers of health care","Government schemes and compulsory contributory health care financing schemes","2,507.28"
"2014","United Kingdom","Euro per inhabitant","All providers of health care","Government schemes and compulsory contributory health care financing schemes","2,745.90"
"2015","United Kingdom","Euro per inhabitant","All providers of health care","Government schemes and compulsory contributory health care financing schemes","3,084.47"
"2016","United Kingdom","Euro per inhabitant","All providers of health care","Government schemes and compulsory contributory health care financing schemes","2,823.86"
"2017","United Kingdom","Euro per inhabitant","All providers of health care","Government schemes and compulsory contributory health care financing schemes","2,686.23"
"2018","United Kingdom","Euro per inhabitant","All providers of health care","Government schemes and compulsory contributory health care financing schemes",":"
"2003","Iceland","Euro per inhabitant","All providers of health care","Government schemes and compulsory contributory health care financing schemes",":"
"2004","Iceland","Euro per inhabitant","All providers of health care","Government schemes and compulsory contributory health care financing schemes",":"
"2005","Iceland","Euro per inhabitant","All providers of health care","Government schemes and compulsory contributory health care financing schemes",":"
"2006","Iceland","Euro per inhabitant","All providers of health care","Government schemes and compulsory contributory health care financing schemes",":"
"2007","Iceland","Euro per inhabitant","All providers of health care","Government schemes and compulsory contributory health care financing schemes",":"
"2008","Iceland","Euro per inhabitant","All providers of health care","Government schemes and compulsory contributory health care financing schemes",":"
"2009","Iceland","Euro per inhabitant","All providers of health care","Government schemes and compulsory contributory health care financing schemes",":"
"2010","Iceland","Euro per inhabitant","All providers of health care","Government schemes and compulsory contributory health care financing schemes",":"
"2011","Iceland","Euro per inhabitant","All providers of health care","Government schemes and compulsory contributory health care financing schemes","2,254.73"
"2012","Iceland","Euro per inhabitant","All providers of health care","Government schemes and compulsory contributory health care financing schemes","2,340.44"
"2013","Iceland","Euro per inhabitant","All providers of health care","Government schemes and compulsory contributory health care financing schemes","2,458.20"
"2014","Iceland","Euro per inhabitant","All providers of health care","Government schemes and compulsory contributory health care financing schemes","2,725.88"
"2015","Iceland","Euro per inhabitant","All providers of health care","Government schemes and compulsory contributory health care financing schemes","3,114.92"
"2016","Iceland","Euro per inhabitant","All providers of health care","Government schemes and compulsory contributory health care financing schemes","3,699.56"
"2017","Iceland","Euro per inhabitant","All providers of health care","Government schemes and compulsory contributory health care financing schemes","4,317.07"
"2018","Iceland","Euro per inhabitant","All providers of health care","Government schemes and compulsory contributory health care financing schemes","4,348.85"
"2003","Liechtenstein","Euro per inhabitant","All providers of health care","Government schemes and compulsory contributory health care financing schemes",":"
"2004","Liechtenstein","Euro per inhabitant","All providers of health care","Government schemes and compulsory contributory health care financing schemes",":"
"2005","Liechtenstein","Euro per inhabitant","All providers of health care","Government schemes and compulsory contributory health care financing schemes",":"
"2006","Liechtenstein","Euro per inhabitant","All providers of health care","Government schemes and compulsory contributory health care financing schemes",":"
"2007","Liechtenstein","Euro per inhabitant","All providers of health care","Government schemes and compulsory contributory health care financing schemes",":"
"2008","Liechtenstein","Euro per inhabitant","All providers of health care","Government schemes and compulsory contributory health care financing schemes",":"
"2009","Liechtenstein","Euro per inhabitant","All providers of health care","Government schemes and compulsory contributory health care financing schemes",":"
"2010","Liechtenstein","Euro per inhabitant","All providers of health care","Government schemes and compulsory contributory health care financing schemes",":"
"2011","Liechtenstein","Euro per inhabitant","All providers of health care","Government schemes and compulsory contributory health care financing schemes",":"
"2012","Liechtenstein","Euro per inhabitant","All providers of health care","Government schemes and compulsory contributory health care financing schemes",":"
"2013","Liechtenstein","Euro per inhabitant","All providers of health care","Government schemes and compulsory contributory health care financing schemes","4,984.81"
"2014","Liechtenstein","Euro per inhabitant","All providers of health care","Government schemes and compulsory contributory health care financing schemes","4,987.30"
"2015","Liechtenstein","Euro per inhabitant","All providers of health care","Government schemes and compulsory contributory health care financing schemes","5,692.50"
"2016","Liechtenstein","Euro per inhabitant","All providers of health care","Government schemes and compulsory contributory health care financing schemes","5,679.77"
"2017","Liechtenstein","Euro per inhabitant","All providers of health care","Government schemes and compulsory contributory health care financing schemes","5,419.42"
"2018","Liechtenstein","Euro per inhabitant","All providers of health care","Government schemes and compulsory contributory health care financing schemes",":"
"2003","Norway","Euro per inhabitant","All providers of health care","Government schemes and compulsory contributory health care financing schemes",":"
"2004","Norway","Euro per inhabitant","All providers of health care","Government schemes and compulsory contributory health care financing schemes",":"
"2005","Norway","Euro per inhabitant","All providers of health care","Government schemes and compulsory contributory health care financing schemes",":"
"2006","Norway","Euro per inhabitant","All providers of health care","Government schemes and compulsory contributory health care financing schemes",":"
"2007","Norway","Euro per inhabitant","All providers of health care","Government schemes and compulsory contributory health care financing schemes",":"
"2008","Norway","Euro per inhabitant","All providers of health care","Government schemes and compulsory contributory health care financing schemes",":"
"2009","Norway","Euro per inhabitant","All providers of health care","Government schemes and compulsory contributory health care financing schemes",":"
"2010","Norway","Euro per inhabitant","All providers of health care","Government schemes and compulsory contributory health care financing schemes",":"
"2011","Norway","Euro per inhabitant","All providers of health care","Government schemes and compulsory contributory health care financing schemes","5,367.89"
"2012","Norway","Euro per inhabitant","All providers of health care","Government schemes and compulsory contributory health care financing schemes","5,878.21"
"2013","Norway","Euro per inhabitant","All providers of health care","Government schemes and compulsory contributory health care financing schemes","5,880.00"
"2014","Norway","Euro per inhabitant","All providers of health care","Government schemes and compulsory contributory health care financing schemes","5,832.66"
"2015","Norway","Euro per inhabitant","All providers of health care","Government schemes and compulsory contributory health care financing schemes","5,804.73"
"2016","Norway","Euro per inhabitant","All providers of health care","Government schemes and compulsory contributory health care financing schemes","5,760.82"
"2017","Norway","Euro per inhabitant","All providers of health care","Government schemes and compulsory contributory health care financing schemes","5,879.24"
"2018","Norway","Euro per inhabitant","All providers of health care","Government schemes and compulsory contributory health care financing schemes","5,938.51"
"2003","Switzerland","Euro per inhabitant","All providers of health care","Government schemes and compulsory contributory health care financing schemes",":"
"2004","Switzerland","Euro per inhabitant","All providers of health care","Government schemes and compulsory contributory health care financing schemes",":"
"2005","Switzerland","Euro per inhabitant","All providers of health care","Government schemes and compulsory contributory health care financing schemes",":"
"2006","Switzerland","Euro per inhabitant","All providers of health care","Government schemes and compulsory contributory health care financing schemes",":"
"2007","Switzerland","Euro per inhabitant","All providers of health care","Government schemes and compulsory contributory health care financing schemes",":"
"2008","Switzerland","Euro per inhabitant","All providers of health care","Government schemes and compulsory contributory health care financing schemes",":"
"2009","Switzerland","Euro per inhabitant","All providers of health care","Government schemes and compulsory contributory health care financing schemes",":"
"2010","Switzerland","Euro per inhabitant","All providers of health care","Government schemes and compulsory contributory health care financing schemes","3,725.21"
"2011","Switzerland","Euro per inhabitant","All providers of health care","Government schemes and compulsory contributory health care financing schemes","4,274.01"
"2012","Switzerland","Euro per inhabitant","All providers of health care","Government schemes and compulsory contributory health care financing schemes","4,566.82"
"2013","Switzerland","Euro per inhabitant","All providers of health care","Government schemes and compulsory contributory health care financing schemes","4,648.37"
"2014","Switzerland","Euro per inhabitant","All providers of health care","Government schemes and compulsory contributory health care financing schemes","4,747.76"
"2015","Switzerland","Euro per inhabitant","All providers of health care","Government schemes and compulsory contributory health care financing schemes","5,569.70"
"2016","Switzerland","Euro per inhabitant","All providers of health care","Government schemes and compulsory contributory health care financing schemes","5,550.49"
"2017","Switzerland","Euro per inhabitant","All providers of health care","Government schemes and compulsory contributory health care financing schemes","5,587.34"
"2018","Switzerland","Euro per inhabitant","All providers of health care","Government schemes and compulsory contributory health care financing schemes",":"
